rowNumber,name,business,domain,mxFound,email,source,confidence,verified,sourceUrl,error
2,Mike Sedita,16W Media Group,16wmediagroup.com,true,mike@16wmediagroup.com,pattern-guessing,0.38,false,,
2,Mike Sedita,16W Media Group,16wmediagroup.com,true,mike.sedita@16wmediagroup.com,pattern-guessing,0.38,false,,
2,Mike Sedita,16W Media Group,16wmediagroup.com,true,mikesedita@16wmediagroup.com,pattern-guessing,0.38,false,,
2,Mike Sedita,16W Media Group,16wmediagroup.com,true,mike_sedita@16wmediagroup.com,pattern-guessing,0.38,false,,
2,Mike Sedita,16W Media Group,16wmediagroup.com,true,msedita@16wmediagroup.com,pattern-guessing,0.38,false,,
2,Mike Sedita,16W Media Group,16wmediagroup.com,true,m.sedita@16wmediagroup.com,pattern-guessing,0.38,false,,
2,Mike Sedita,16W Media Group,16wmediagroup.com,true,mikes@16wmediagroup.com,pattern-guessing,0.38,false,,
3,Rick Orosco,3 Natives Acai & Juicery,quora.com,true,rick@quora.com,pattern-guessing,0.38,false,,
3,Rick Orosco,3 Natives Acai & Juicery,quora.com,true,rick.orosco@quora.com,pattern-guessing,0.38,false,,
3,Rick Orosco,3 Natives Acai & Juicery,quora.com,true,rickorosco@quora.com,pattern-guessing,0.38,false,,
3,Rick Orosco,3 Natives Acai & Juicery,quora.com,true,rick_orosco@quora.com,pattern-guessing,0.38,false,,
3,Rick Orosco,3 Natives Acai & Juicery,quora.com,true,rorosco@quora.com,pattern-guessing,0.38,false,,
3,Rick Orosco,3 Natives Acai & Juicery,quora.com,true,r.orosco@quora.com,pattern-guessing,0.38,false,,
3,Rick Orosco,3 Natives Acai & Juicery,quora.com,true,ricko@quora.com,pattern-guessing,0.38,false,,
4,Brandon Booth,360 Painting of Odessa,360paintingofodessa.com,false,brandon@360paintingofodessa.com,pattern-guessing,0.18,false,,
4,Brandon Booth,360 Painting of Odessa,360paintingofodessa.com,false,brandon.booth@360paintingofodessa.com,pattern-guessing,0.18,false,,
4,Brandon Booth,360 Painting of Odessa,360paintingofodessa.com,false,brandonbooth@360paintingofodessa.com,pattern-guessing,0.18,false,,
4,Brandon Booth,360 Painting of Odessa,360paintingofodessa.com,false,brandon_booth@360paintingofodessa.com,pattern-guessing,0.18,false,,
4,Brandon Booth,360 Painting of Odessa,360paintingofodessa.com,false,bbooth@360paintingofodessa.com,pattern-guessing,0.18,false,,
4,Brandon Booth,360 Painting of Odessa,360paintingofodessa.com,false,b.booth@360paintingofodessa.com,pattern-guessing,0.18,false,,
4,Brandon Booth,360 Painting of Odessa,360paintingofodessa.com,false,brandonb@360paintingofodessa.com,pattern-guessing,0.18,false,,
5,Marcus McCants,4Ever Young,genius.com,true,inquiry@genius.com,web-scraping,0.72,false,https://genius.com/,
5,Marcus McCants,4Ever Young,genius.com,true,privacy@genius.com,web-scraping,0.72,false,https://genius.com/about,
5,Marcus McCants,4Ever Young,genius.com,true,marcus@genius.com,pattern-guessing,0.38,false,,
5,Marcus McCants,4Ever Young,genius.com,true,marcus.mccants@genius.com,pattern-guessing,0.38,false,,
5,Marcus McCants,4Ever Young,genius.com,true,marcusmccants@genius.com,pattern-guessing,0.38,false,,
5,Marcus McCants,4Ever Young,genius.com,true,marcus_mccants@genius.com,pattern-guessing,0.38,false,,
5,Marcus McCants,4Ever Young,genius.com,true,mmccants@genius.com,pattern-guessing,0.38,false,,
5,Marcus McCants,4Ever Young,genius.com,true,m.mccants@genius.com,pattern-guessing,0.38,false,,
5,Marcus McCants,4Ever Young,genius.com,true,marcusm@genius.com,pattern-guessing,0.38,false,,
6,Mark Henderson,"7Zero1, Inc.",7zero1.com,false,mark@7zero1.com,pattern-guessing,0.18,false,,
6,Mark Henderson,"7Zero1, Inc.",7zero1.com,false,mark.henderson@7zero1.com,pattern-guessing,0.18,false,,
6,Mark Henderson,"7Zero1, Inc.",7zero1.com,false,markhenderson@7zero1.com,pattern-guessing,0.18,false,,
6,Mark Henderson,"7Zero1, Inc.",7zero1.com,false,mark_henderson@7zero1.com,pattern-guessing,0.18,false,,
6,Mark Henderson,"7Zero1, Inc.",7zero1.com,false,mhenderson@7zero1.com,pattern-guessing,0.18,false,,
6,Mark Henderson,"7Zero1, Inc.",7zero1.com,false,m.henderson@7zero1.com,pattern-guessing,0.18,false,,
6,Mark Henderson,"7Zero1, Inc.",7zero1.com,false,markh@7zero1.com,pattern-guessing,0.18,false,,
7,Diane Egner,83 Degrees Media,83degreesmedia.com,true,editor@83degreesmedia.com,web-scraping,0.72,false,https://83degreesmedia.com/about,
7,Diane Egner,83 Degrees Media,83degreesmedia.com,true,feedback@83degreesmedia.com,web-scraping,0.72,false,https://83degreesmedia.com/staff,
7,Diane Egner,83 Degrees Media,83degreesmedia.com,true,diane@83degreesmedia.com,pattern-guessing,0.38,false,,
7,Diane Egner,83 Degrees Media,83degreesmedia.com,true,diane.egner@83degreesmedia.com,pattern-guessing,0.38,false,,
7,Diane Egner,83 Degrees Media,83degreesmedia.com,true,dianeegner@83degreesmedia.com,pattern-guessing,0.38,false,,
7,Diane Egner,83 Degrees Media,83degreesmedia.com,true,diane_egner@83degreesmedia.com,pattern-guessing,0.38,false,,
7,Diane Egner,83 Degrees Media,83degreesmedia.com,true,degner@83degreesmedia.com,pattern-guessing,0.38,false,,
7,Diane Egner,83 Degrees Media,83degreesmedia.com,true,d.egner@83degreesmedia.com,pattern-guessing,0.38,false,,
7,Diane Egner,83 Degrees Media,83degreesmedia.com,true,dianee@83degreesmedia.com,pattern-guessing,0.38,false,,
8,Dan Angiu,A2B Nexus LLC,a2b.com,true,dan@a2b.com,pattern-guessing,0.38,false,,
8,Dan Angiu,A2B Nexus LLC,a2b.com,true,dan.angiu@a2b.com,pattern-guessing,0.38,false,,
8,Dan Angiu,A2B Nexus LLC,a2b.com,true,danangiu@a2b.com,pattern-guessing,0.38,false,,
8,Dan Angiu,A2B Nexus LLC,a2b.com,true,dan_angiu@a2b.com,pattern-guessing,0.38,false,,
8,Dan Angiu,A2B Nexus LLC,a2b.com,true,dangiu@a2b.com,pattern-guessing,0.38,false,,
8,Dan Angiu,A2B Nexus LLC,a2b.com,true,d.angiu@a2b.com,pattern-guessing,0.38,false,,
8,Dan Angiu,A2B Nexus LLC,a2b.com,true,dana@a2b.com,pattern-guessing,0.38,false,,
9,Jim Bruhn,AAA The Auto Club Group,aaatheautoclubgroup.com,false,jim@aaatheautoclubgroup.com,pattern-guessing,0.18,false,,
9,Jim Bruhn,AAA The Auto Club Group,aaatheautoclubgroup.com,false,jim.bruhn@aaatheautoclubgroup.com,pattern-guessing,0.18,false,,
9,Jim Bruhn,AAA The Auto Club Group,aaatheautoclubgroup.com,false,jimbruhn@aaatheautoclubgroup.com,pattern-guessing,0.18,false,,
9,Jim Bruhn,AAA The Auto Club Group,aaatheautoclubgroup.com,false,jim_bruhn@aaatheautoclubgroup.com,pattern-guessing,0.18,false,,
9,Jim Bruhn,AAA The Auto Club Group,aaatheautoclubgroup.com,false,jbruhn@aaatheautoclubgroup.com,pattern-guessing,0.18,false,,
9,Jim Bruhn,AAA The Auto Club Group,aaatheautoclubgroup.com,false,j.bruhn@aaatheautoclubgroup.com,pattern-guessing,0.18,false,,
9,Jim Bruhn,AAA The Auto Club Group,aaatheautoclubgroup.com,false,jimb@aaatheautoclubgroup.com,pattern-guessing,0.18,false,,
10,Larry Coplin,ABA Centers of Florida,aba.com,true,larry@aba.com,pattern-guessing,0.38,false,,
10,Larry Coplin,ABA Centers of Florida,aba.com,true,larry.coplin@aba.com,pattern-guessing,0.38,false,,
10,Larry Coplin,ABA Centers of Florida,aba.com,true,larrycoplin@aba.com,pattern-guessing,0.38,false,,
10,Larry Coplin,ABA Centers of Florida,aba.com,true,larry_coplin@aba.com,pattern-guessing,0.38,false,,
10,Larry Coplin,ABA Centers of Florida,aba.com,true,lcoplin@aba.com,pattern-guessing,0.38,false,,
10,Larry Coplin,ABA Centers of Florida,aba.com,true,l.coplin@aba.com,pattern-guessing,0.38,false,,
10,Larry Coplin,ABA Centers of Florida,aba.com,true,larryc@aba.com,pattern-guessing,0.38,false,,
11,Joel Freeland,Accountability & Management Bookkeeping LLC,accountabilityandmanagementbookkeeping.com,false,joel@accountabilityandmanagementbookkeeping.com,pattern-guessing,0.18,false,,
11,Joel Freeland,Accountability & Management Bookkeeping LLC,accountabilityandmanagementbookkeeping.com,false,joel.freeland@accountabilityandmanagementbookkeeping.com,pattern-guessing,0.18,false,,
11,Joel Freeland,Accountability & Management Bookkeeping LLC,accountabilityandmanagementbookkeeping.com,false,joelfreeland@accountabilityandmanagementbookkeeping.com,pattern-guessing,0.18,false,,
11,Joel Freeland,Accountability & Management Bookkeeping LLC,accountabilityandmanagementbookkeeping.com,false,joel_freeland@accountabilityandmanagementbookkeeping.com,pattern-guessing,0.18,false,,
11,Joel Freeland,Accountability & Management Bookkeeping LLC,accountabilityandmanagementbookkeeping.com,false,jfreeland@accountabilityandmanagementbookkeeping.com,pattern-guessing,0.18,false,,
11,Joel Freeland,Accountability & Management Bookkeeping LLC,accountabilityandmanagementbookkeeping.com,false,j.freeland@accountabilityandmanagementbookkeeping.com,pattern-guessing,0.18,false,,
11,Joel Freeland,Accountability & Management Bookkeeping LLC,accountabilityandmanagementbookkeeping.com,false,joelf@accountabilityandmanagementbookkeeping.com,pattern-guessing,0.18,false,,
12,David Fiorello,Ace Handyman Services Greater Wesley Chapel,acehandymanservicesgreaterwesleychapel.com,false,david@acehandymanservicesgreaterwesleychapel.com,pattern-guessing,0.18,false,,
12,David Fiorello,Ace Handyman Services Greater Wesley Chapel,acehandymanservicesgreaterwesleychapel.com,false,david.fiorello@acehandymanservicesgreaterwesleychapel.com,pattern-guessing,0.18,false,,
12,David Fiorello,Ace Handyman Services Greater Wesley Chapel,acehandymanservicesgreaterwesleychapel.com,false,davidfiorello@acehandymanservicesgreaterwesleychapel.com,pattern-guessing,0.18,false,,
12,David Fiorello,Ace Handyman Services Greater Wesley Chapel,acehandymanservicesgreaterwesleychapel.com,false,david_fiorello@acehandymanservicesgreaterwesleychapel.com,pattern-guessing,0.18,false,,
12,David Fiorello,Ace Handyman Services Greater Wesley Chapel,acehandymanservicesgreaterwesleychapel.com,false,dfiorello@acehandymanservicesgreaterwesleychapel.com,pattern-guessing,0.18,false,,
12,David Fiorello,Ace Handyman Services Greater Wesley Chapel,acehandymanservicesgreaterwesleychapel.com,false,d.fiorello@acehandymanservicesgreaterwesleychapel.com,pattern-guessing,0.18,false,,
12,David Fiorello,Ace Handyman Services Greater Wesley Chapel,acehandymanservicesgreaterwesleychapel.com,false,davidf@acehandymanservicesgreaterwesleychapel.com,pattern-guessing,0.18,false,,
13,Stefani Johnson,Ace Pickleball Club,acepickleballclub.com,true,stefani@acepickleballclub.com,pattern-guessing,0.38,false,,
13,Stefani Johnson,Ace Pickleball Club,acepickleballclub.com,true,stefani.johnson@acepickleballclub.com,pattern-guessing,0.38,false,,
13,Stefani Johnson,Ace Pickleball Club,acepickleballclub.com,true,stefanijohnson@acepickleballclub.com,pattern-guessing,0.38,false,,
13,Stefani Johnson,Ace Pickleball Club,acepickleballclub.com,true,stefani_johnson@acepickleballclub.com,pattern-guessing,0.38,false,,
13,Stefani Johnson,Ace Pickleball Club,acepickleballclub.com,true,sjohnson@acepickleballclub.com,pattern-guessing,0.38,false,,
13,Stefani Johnson,Ace Pickleball Club,acepickleballclub.com,true,s.johnson@acepickleballclub.com,pattern-guessing,0.38,false,,
13,Stefani Johnson,Ace Pickleball Club,acepickleballclub.com,true,stefanij@acepickleballclub.com,pattern-guessing,0.38,false,,
14,Ellen Sartin,Adams Homes Tampa Division,adamshomestampadivision.com,false,ellen@adamshomestampadivision.com,pattern-guessing,0.18,false,,
14,Ellen Sartin,Adams Homes Tampa Division,adamshomestampadivision.com,false,ellen.sartin@adamshomestampadivision.com,pattern-guessing,0.18,false,,
14,Ellen Sartin,Adams Homes Tampa Division,adamshomestampadivision.com,false,ellensartin@adamshomestampadivision.com,pattern-guessing,0.18,false,,
14,Ellen Sartin,Adams Homes Tampa Division,adamshomestampadivision.com,false,ellen_sartin@adamshomestampadivision.com,pattern-guessing,0.18,false,,
14,Ellen Sartin,Adams Homes Tampa Division,adamshomestampadivision.com,false,esartin@adamshomestampadivision.com,pattern-guessing,0.18,false,,
14,Ellen Sartin,Adams Homes Tampa Division,adamshomestampadivision.com,false,e.sartin@adamshomestampadivision.com,pattern-guessing,0.18,false,,
14,Ellen Sartin,Adams Homes Tampa Division,adamshomestampadivision.com,false,ellens@adamshomestampadivision.com,pattern-guessing,0.18,false,,
15,Jennifer Tussing,Adobe Acrobat,adobe.com,true,jennifer@adobe.com,pattern-guessing,0.38,false,,
15,Jennifer Tussing,Adobe Acrobat,adobe.com,true,jennifer.tussing@adobe.com,pattern-guessing,0.38,false,,
15,Jennifer Tussing,Adobe Acrobat,adobe.com,true,jennifertussing@adobe.com,pattern-guessing,0.38,false,,
15,Jennifer Tussing,Adobe Acrobat,adobe.com,true,jennifer_tussing@adobe.com,pattern-guessing,0.38,false,,
15,Jennifer Tussing,Adobe Acrobat,adobe.com,true,jtussing@adobe.com,pattern-guessing,0.38,false,,
15,Jennifer Tussing,Adobe Acrobat,adobe.com,true,j.tussing@adobe.com,pattern-guessing,0.38,false,,
15,Jennifer Tussing,Adobe Acrobat,adobe.com,true,jennifert@adobe.com,pattern-guessing,0.38,false,,
16,Kim Poaletti,AdventHealth Center Ice,adventhealthcenterice.com,false,kim@adventhealthcenterice.com,pattern-guessing,0.18,false,,
16,Kim Poaletti,AdventHealth Center Ice,adventhealthcenterice.com,false,kim.poaletti@adventhealthcenterice.com,pattern-guessing,0.18,false,,
16,Kim Poaletti,AdventHealth Center Ice,adventhealthcenterice.com,false,kimpoaletti@adventhealthcenterice.com,pattern-guessing,0.18,false,,
16,Kim Poaletti,AdventHealth Center Ice,adventhealthcenterice.com,false,kim_poaletti@adventhealthcenterice.com,pattern-guessing,0.18,false,,
16,Kim Poaletti,AdventHealth Center Ice,adventhealthcenterice.com,false,kpoaletti@adventhealthcenterice.com,pattern-guessing,0.18,false,,
16,Kim Poaletti,AdventHealth Center Ice,adventhealthcenterice.com,false,k.poaletti@adventhealthcenterice.com,pattern-guessing,0.18,false,,
16,Kim Poaletti,AdventHealth Center Ice,adventhealthcenterice.com,false,kimp@adventhealthcenterice.com,pattern-guessing,0.18,false,,
17,Eliana Pinzon,AdventHealth Centra Care,adventhealthcentracare.com,false,eliana@adventhealthcentracare.com,pattern-guessing,0.18,false,,
17,Eliana Pinzon,AdventHealth Centra Care,adventhealthcentracare.com,false,eliana.pinzon@adventhealthcentracare.com,pattern-guessing,0.18,false,,
17,Eliana Pinzon,AdventHealth Centra Care,adventhealthcentracare.com,false,elianapinzon@adventhealthcentracare.com,pattern-guessing,0.18,false,,
17,Eliana Pinzon,AdventHealth Centra Care,adventhealthcentracare.com,false,eliana_pinzon@adventhealthcentracare.com,pattern-guessing,0.18,false,,
17,Eliana Pinzon,AdventHealth Centra Care,adventhealthcentracare.com,false,epinzon@adventhealthcentracare.com,pattern-guessing,0.18,false,,
17,Eliana Pinzon,AdventHealth Centra Care,adventhealthcentracare.com,false,e.pinzon@adventhealthcentracare.com,pattern-guessing,0.18,false,,
17,Eliana Pinzon,AdventHealth Centra Care,adventhealthcentracare.com,false,elianap@adventhealthcentracare.com,pattern-guessing,0.18,false,,
18,Maria Pazmino,AdventHealth Wellness Center Wesley Chapel,adventhealthwellnesscenterwesleychapel.com,false,maria@adventhealthwellnesscenterwesleychapel.com,pattern-guessing,0.18,false,,
18,Maria Pazmino,AdventHealth Wellness Center Wesley Chapel,adventhealthwellnesscenterwesleychapel.com,false,maria.pazmino@adventhealthwellnesscenterwesleychapel.com,pattern-guessing,0.18,false,,
18,Maria Pazmino,AdventHealth Wellness Center Wesley Chapel,adventhealthwellnesscenterwesleychapel.com,false,mariapazmino@adventhealthwellnesscenterwesleychapel.com,pattern-guessing,0.18,false,,
18,Maria Pazmino,AdventHealth Wellness Center Wesley Chapel,adventhealthwellnesscenterwesleychapel.com,false,maria_pazmino@adventhealthwellnesscenterwesleychapel.com,pattern-guessing,0.18,false,,
18,Maria Pazmino,AdventHealth Wellness Center Wesley Chapel,adventhealthwellnesscenterwesleychapel.com,false,mpazmino@adventhealthwellnesscenterwesleychapel.com,pattern-guessing,0.18,false,,
18,Maria Pazmino,AdventHealth Wellness Center Wesley Chapel,adventhealthwellnesscenterwesleychapel.com,false,m.pazmino@adventhealthwellnesscenterwesleychapel.com,pattern-guessing,0.18,false,,
18,Maria Pazmino,AdventHealth Wellness Center Wesley Chapel,adventhealthwellnesscenterwesleychapel.com,false,mariap@adventhealthwellnesscenterwesleychapel.com,pattern-guessing,0.18,false,,
19,Mary Nash,AdventHealth Wesley Chapel,adventhealthwesleychapel.com,false,mary@adventhealthwesleychapel.com,pattern-guessing,0.18,false,,
19,Mary Nash,AdventHealth Wesley Chapel,adventhealthwesleychapel.com,false,mary.nash@adventhealthwesleychapel.com,pattern-guessing,0.18,false,,
19,Mary Nash,AdventHealth Wesley Chapel,adventhealthwesleychapel.com,false,marynash@adventhealthwesleychapel.com,pattern-guessing,0.18,false,,
19,Mary Nash,AdventHealth Wesley Chapel,adventhealthwesleychapel.com,false,mary_nash@adventhealthwesleychapel.com,pattern-guessing,0.18,false,,
19,Mary Nash,AdventHealth Wesley Chapel,adventhealthwesleychapel.com,false,mnash@adventhealthwesleychapel.com,pattern-guessing,0.18,false,,
19,Mary Nash,AdventHealth Wesley Chapel,adventhealthwesleychapel.com,false,m.nash@adventhealthwesleychapel.com,pattern-guessing,0.18,false,,
19,Mary Nash,AdventHealth Wesley Chapel,adventhealthwesleychapel.com,false,maryn@adventhealthwesleychapel.com,pattern-guessing,0.18,false,,
20,Karen Mess Frashier,Advisor Magazine,thoughtco.com,true,karen@thoughtco.com,pattern-guessing,0.38,false,,
20,Karen Mess Frashier,Advisor Magazine,thoughtco.com,true,karen.frashier@thoughtco.com,pattern-guessing,0.38,false,,
20,Karen Mess Frashier,Advisor Magazine,thoughtco.com,true,karenfrashier@thoughtco.com,pattern-guessing,0.38,false,,
20,Karen Mess Frashier,Advisor Magazine,thoughtco.com,true,karen_frashier@thoughtco.com,pattern-guessing,0.38,false,,
20,Karen Mess Frashier,Advisor Magazine,thoughtco.com,true,kfrashier@thoughtco.com,pattern-guessing,0.38,false,,
20,Karen Mess Frashier,Advisor Magazine,thoughtco.com,true,k.frashier@thoughtco.com,pattern-guessing,0.38,false,,
20,Karen Mess Frashier,Advisor Magazine,thoughtco.com,true,karenf@thoughtco.com,pattern-guessing,0.38,false,,
21,Angel Soto,Advocate Marketing PR,advocatemarketingpr.com,true,angel@advocatemarketingpr.com,pattern-guessing,0.38,false,,
21,Angel Soto,Advocate Marketing PR,advocatemarketingpr.com,true,angel.soto@advocatemarketingpr.com,pattern-guessing,0.38,false,,
21,Angel Soto,Advocate Marketing PR,advocatemarketingpr.com,true,angelsoto@advocatemarketingpr.com,pattern-guessing,0.38,false,,
21,Angel Soto,Advocate Marketing PR,advocatemarketingpr.com,true,angel_soto@advocatemarketingpr.com,pattern-guessing,0.38,false,,
21,Angel Soto,Advocate Marketing PR,advocatemarketingpr.com,true,asoto@advocatemarketingpr.com,pattern-guessing,0.38,false,,
21,Angel Soto,Advocate Marketing PR,advocatemarketingpr.com,true,a.soto@advocatemarketingpr.com,pattern-guessing,0.38,false,,
21,Angel Soto,Advocate Marketing PR,advocatemarketingpr.com,true,angels@advocatemarketingpr.com,pattern-guessing,0.38,false,,
22,Jill Williams,Alphagraphics Pasco ~ Odessa,alphagraphics.com,true,agsupport@alphagraphics.com,web-scraping,0.72,false,https://alphagraphics.com/,
22,Jill Williams,Alphagraphics Pasco ~ Odessa,alphagraphics.com,true,jill@alphagraphics.com,pattern-guessing,0.38,false,,
22,Jill Williams,Alphagraphics Pasco ~ Odessa,alphagraphics.com,true,jill.williams@alphagraphics.com,pattern-guessing,0.38,false,,
22,Jill Williams,Alphagraphics Pasco ~ Odessa,alphagraphics.com,true,jillwilliams@alphagraphics.com,pattern-guessing,0.38,false,,
22,Jill Williams,Alphagraphics Pasco ~ Odessa,alphagraphics.com,true,jill_williams@alphagraphics.com,pattern-guessing,0.38,false,,
22,Jill Williams,Alphagraphics Pasco ~ Odessa,alphagraphics.com,true,jwilliams@alphagraphics.com,pattern-guessing,0.38,false,,
22,Jill Williams,Alphagraphics Pasco ~ Odessa,alphagraphics.com,true,j.williams@alphagraphics.com,pattern-guessing,0.38,false,,
22,Jill Williams,Alphagraphics Pasco ~ Odessa,alphagraphics.com,true,jillw@alphagraphics.com,pattern-guessing,0.38,false,,
23,Allison Craig,Altera Conner Park,altera.com,true,allison@altera.com,pattern-guessing,0.38,false,,
23,Allison Craig,Altera Conner Park,altera.com,true,allison.craig@altera.com,pattern-guessing,0.38,false,,
23,Allison Craig,Altera Conner Park,altera.com,true,allisoncraig@altera.com,pattern-guessing,0.38,false,,
23,Allison Craig,Altera Conner Park,altera.com,true,allison_craig@altera.com,pattern-guessing,0.38,false,,
23,Allison Craig,Altera Conner Park,altera.com,true,acraig@altera.com,pattern-guessing,0.38,false,,
23,Allison Craig,Altera Conner Park,altera.com,true,a.craig@altera.com,pattern-guessing,0.38,false,,
23,Allison Craig,Altera Conner Park,altera.com,true,allisonc@altera.com,pattern-guessing,0.38,false,,
24,Lynn Cristina,Altis Grand Suncoast,altisgrandsuncoast.com,false,lynn@altisgrandsuncoast.com,pattern-guessing,0.18,false,,
24,Lynn Cristina,Altis Grand Suncoast,altisgrandsuncoast.com,false,lynn.cristina@altisgrandsuncoast.com,pattern-guessing,0.18,false,,
24,Lynn Cristina,Altis Grand Suncoast,altisgrandsuncoast.com,false,lynncristina@altisgrandsuncoast.com,pattern-guessing,0.18,false,,
24,Lynn Cristina,Altis Grand Suncoast,altisgrandsuncoast.com,false,lynn_cristina@altisgrandsuncoast.com,pattern-guessing,0.18,false,,
24,Lynn Cristina,Altis Grand Suncoast,altisgrandsuncoast.com,false,lcristina@altisgrandsuncoast.com,pattern-guessing,0.18,false,,
24,Lynn Cristina,Altis Grand Suncoast,altisgrandsuncoast.com,false,l.cristina@altisgrandsuncoast.com,pattern-guessing,0.18,false,,
24,Lynn Cristina,Altis Grand Suncoast,altisgrandsuncoast.com,false,lynnc@altisgrandsuncoast.com,pattern-guessing,0.18,false,,
25,Alexa Ayala,Alzheimer's Association - Florida Gulf Coast Chapter,alzheimersassociation-floridagulfcoastchapter.com,false,alexa@alzheimersassociation-floridagulfcoastchapter.com,pattern-guessing,0.18,false,,
25,Alexa Ayala,Alzheimer's Association - Florida Gulf Coast Chapter,alzheimersassociation-floridagulfcoastchapter.com,false,alexa.ayala@alzheimersassociation-floridagulfcoastchapter.com,pattern-guessing,0.18,false,,
25,Alexa Ayala,Alzheimer's Association - Florida Gulf Coast Chapter,alzheimersassociation-floridagulfcoastchapter.com,false,alexaayala@alzheimersassociation-floridagulfcoastchapter.com,pattern-guessing,0.18,false,,
25,Alexa Ayala,Alzheimer's Association - Florida Gulf Coast Chapter,alzheimersassociation-floridagulfcoastchapter.com,false,alexa_ayala@alzheimersassociation-floridagulfcoastchapter.com,pattern-guessing,0.18,false,,
25,Alexa Ayala,Alzheimer's Association - Florida Gulf Coast Chapter,alzheimersassociation-floridagulfcoastchapter.com,false,aayala@alzheimersassociation-floridagulfcoastchapter.com,pattern-guessing,0.18,false,,
25,Alexa Ayala,Alzheimer's Association - Florida Gulf Coast Chapter,alzheimersassociation-floridagulfcoastchapter.com,false,a.ayala@alzheimersassociation-floridagulfcoastchapter.com,pattern-guessing,0.18,false,,
25,Alexa Ayala,Alzheimer's Association - Florida Gulf Coast Chapter,alzheimersassociation-floridagulfcoastchapter.com,false,alexaa@alzheimersassociation-floridagulfcoastchapter.com,pattern-guessing,0.18,false,,
26,Dathan Bieberle,AMA Martial Arts,amamartialarts.com,true,dathan@amamartialarts.com,pattern-guessing,0.38,false,,
26,Dathan Bieberle,AMA Martial Arts,amamartialarts.com,true,dathan.bieberle@amamartialarts.com,pattern-guessing,0.38,false,,
26,Dathan Bieberle,AMA Martial Arts,amamartialarts.com,true,dathanbieberle@amamartialarts.com,pattern-guessing,0.38,false,,
26,Dathan Bieberle,AMA Martial Arts,amamartialarts.com,true,dathan_bieberle@amamartialarts.com,pattern-guessing,0.38,false,,
26,Dathan Bieberle,AMA Martial Arts,amamartialarts.com,true,dbieberle@amamartialarts.com,pattern-guessing,0.38,false,,
26,Dathan Bieberle,AMA Martial Arts,amamartialarts.com,true,d.bieberle@amamartialarts.com,pattern-guessing,0.38,false,,
26,Dathan Bieberle,AMA Martial Arts,amamartialarts.com,true,dathanb@amamartialarts.com,pattern-guessing,0.38,false,,
27,Kylie Ward,Amazing Signs LLC,amazingsigns.com,true,info@amazingsigns.com,web-scraping,0.54,false,https://amazingsigns.com/,
27,Kylie Ward,Amazing Signs LLC,amazingsigns.com,true,kylie@amazingsigns.com,pattern-guessing,0.38,false,,
27,Kylie Ward,Amazing Signs LLC,amazingsigns.com,true,kylie.ward@amazingsigns.com,pattern-guessing,0.38,false,,
27,Kylie Ward,Amazing Signs LLC,amazingsigns.com,true,kylieward@amazingsigns.com,pattern-guessing,0.38,false,,
27,Kylie Ward,Amazing Signs LLC,amazingsigns.com,true,kylie_ward@amazingsigns.com,pattern-guessing,0.38,false,,
27,Kylie Ward,Amazing Signs LLC,amazingsigns.com,true,kward@amazingsigns.com,pattern-guessing,0.38,false,,
27,Kylie Ward,Amazing Signs LLC,amazingsigns.com,true,k.ward@amazingsigns.com,pattern-guessing,0.38,false,,
27,Kylie Ward,Amazing Signs LLC,amazingsigns.com,true,kyliew@amazingsigns.com,pattern-guessing,0.38,false,,
28,Richelle Persaud,Amberlin Wiregrass Ranch,amberlinwiregrassranch.com,false,richelle@amberlinwiregrassranch.com,pattern-guessing,0.18,false,,
28,Richelle Persaud,Amberlin Wiregrass Ranch,amberlinwiregrassranch.com,false,richelle.persaud@amberlinwiregrassranch.com,pattern-guessing,0.18,false,,
28,Richelle Persaud,Amberlin Wiregrass Ranch,amberlinwiregrassranch.com,false,richellepersaud@amberlinwiregrassranch.com,pattern-guessing,0.18,false,,
28,Richelle Persaud,Amberlin Wiregrass Ranch,amberlinwiregrassranch.com,false,richelle_persaud@amberlinwiregrassranch.com,pattern-guessing,0.18,false,,
28,Richelle Persaud,Amberlin Wiregrass Ranch,amberlinwiregrassranch.com,false,rpersaud@amberlinwiregrassranch.com,pattern-guessing,0.18,false,,
28,Richelle Persaud,Amberlin Wiregrass Ranch,amberlinwiregrassranch.com,false,r.persaud@amberlinwiregrassranch.com,pattern-guessing,0.18,false,,
28,Richelle Persaud,Amberlin Wiregrass Ranch,amberlinwiregrassranch.com,false,richellep@amberlinwiregrassranch.com,pattern-guessing,0.18,false,,
29,Don B Imbus,Amberly Family Dentistry,worldofhorses.co.uk,true,don@worldofhorses.co.uk,pattern-guessing,0.38,false,,
29,Don B Imbus,Amberly Family Dentistry,worldofhorses.co.uk,true,don.imbus@worldofhorses.co.uk,pattern-guessing,0.38,false,,
29,Don B Imbus,Amberly Family Dentistry,worldofhorses.co.uk,true,donimbus@worldofhorses.co.uk,pattern-guessing,0.38,false,,
29,Don B Imbus,Amberly Family Dentistry,worldofhorses.co.uk,true,don_imbus@worldofhorses.co.uk,pattern-guessing,0.38,false,,
29,Don B Imbus,Amberly Family Dentistry,worldofhorses.co.uk,true,dimbus@worldofhorses.co.uk,pattern-guessing,0.38,false,,
29,Don B Imbus,Amberly Family Dentistry,worldofhorses.co.uk,true,d.imbus@worldofhorses.co.uk,pattern-guessing,0.38,false,,
29,Don B Imbus,Amberly Family Dentistry,worldofhorses.co.uk,true,doni@worldofhorses.co.uk,pattern-guessing,0.38,false,,
30,Will Poore,"American Business Brokers of Southwest Florida, Inc.",americanbusinessbrokersofsouthwestflorida.com,false,will@americanbusinessbrokersofsouthwestflorida.com,pattern-guessing,0.18,false,,
30,Will Poore,"American Business Brokers of Southwest Florida, Inc.",americanbusinessbrokersofsouthwestflorida.com,false,will.poore@americanbusinessbrokersofsouthwestflorida.com,pattern-guessing,0.18,false,,
30,Will Poore,"American Business Brokers of Southwest Florida, Inc.",americanbusinessbrokersofsouthwestflorida.com,false,willpoore@americanbusinessbrokersofsouthwestflorida.com,pattern-guessing,0.18,false,,
30,Will Poore,"American Business Brokers of Southwest Florida, Inc.",americanbusinessbrokersofsouthwestflorida.com,false,will_poore@americanbusinessbrokersofsouthwestflorida.com,pattern-guessing,0.18,false,,
30,Will Poore,"American Business Brokers of Southwest Florida, Inc.",americanbusinessbrokersofsouthwestflorida.com,false,wpoore@americanbusinessbrokersofsouthwestflorida.com,pattern-guessing,0.18,false,,
30,Will Poore,"American Business Brokers of Southwest Florida, Inc.",americanbusinessbrokersofsouthwestflorida.com,false,w.poore@americanbusinessbrokersofsouthwestflorida.com,pattern-guessing,0.18,false,,
30,Will Poore,"American Business Brokers of Southwest Florida, Inc.",americanbusinessbrokersofsouthwestflorida.com,false,willp@americanbusinessbrokersofsouthwestflorida.com,pattern-guessing,0.18,false,,
31,Anna Muroff,American Family Roofing LLC,americanfamilyroofing.com,true,anna@americanfamilyroofing.com,pattern-guessing,0.38,false,,
31,Anna Muroff,American Family Roofing LLC,americanfamilyroofing.com,true,anna.muroff@americanfamilyroofing.com,pattern-guessing,0.38,false,,
31,Anna Muroff,American Family Roofing LLC,americanfamilyroofing.com,true,annamuroff@americanfamilyroofing.com,pattern-guessing,0.38,false,,
31,Anna Muroff,American Family Roofing LLC,americanfamilyroofing.com,true,anna_muroff@americanfamilyroofing.com,pattern-guessing,0.38,false,,
31,Anna Muroff,American Family Roofing LLC,americanfamilyroofing.com,true,amuroff@americanfamilyroofing.com,pattern-guessing,0.38,false,,
31,Anna Muroff,American Family Roofing LLC,americanfamilyroofing.com,true,a.muroff@americanfamilyroofing.com,pattern-guessing,0.38,false,,
31,Anna Muroff,American Family Roofing LLC,americanfamilyroofing.com,true,annam@americanfamilyroofing.com,pattern-guessing,0.38,false,,
32,Ami Rivera,"American Interiors, Inc.",americaninteriors.com,true,ami@americaninteriors.com,pattern-guessing,0.38,false,,
32,Ami Rivera,"American Interiors, Inc.",americaninteriors.com,true,ami.rivera@americaninteriors.com,pattern-guessing,0.38,false,,
32,Ami Rivera,"American Interiors, Inc.",americaninteriors.com,true,amirivera@americaninteriors.com,pattern-guessing,0.38,false,,
32,Ami Rivera,"American Interiors, Inc.",americaninteriors.com,true,ami_rivera@americaninteriors.com,pattern-guessing,0.38,false,,
32,Ami Rivera,"American Interiors, Inc.",americaninteriors.com,true,arivera@americaninteriors.com,pattern-guessing,0.38,false,,
32,Ami Rivera,"American Interiors, Inc.",americaninteriors.com,true,a.rivera@americaninteriors.com,pattern-guessing,0.38,false,,
32,Ami Rivera,"American Interiors, Inc.",americaninteriors.com,true,amir@americaninteriors.com,pattern-guessing,0.38,false,,
33,Angela Reimer,"Ami Rivera, PA",amiriverapa.com,false,angela@amiriverapa.com,pattern-guessing,0.18,false,,
33,Angela Reimer,"Ami Rivera, PA",amiriverapa.com,false,angela.reimer@amiriverapa.com,pattern-guessing,0.18,false,,
33,Angela Reimer,"Ami Rivera, PA",amiriverapa.com,false,angelareimer@amiriverapa.com,pattern-guessing,0.18,false,,
33,Angela Reimer,"Ami Rivera, PA",amiriverapa.com,false,angela_reimer@amiriverapa.com,pattern-guessing,0.18,false,,
33,Angela Reimer,"Ami Rivera, PA",amiriverapa.com,false,areimer@amiriverapa.com,pattern-guessing,0.18,false,,
33,Angela Reimer,"Ami Rivera, PA",amiriverapa.com,false,a.reimer@amiriverapa.com,pattern-guessing,0.18,false,,
33,Angela Reimer,"Ami Rivera, PA",amiriverapa.com,false,angelar@amiriverapa.com,pattern-guessing,0.18,false,,
34,Andrew Henderson,"AMR Law Firm, P.A.",amrlawfirmpa.com,false,andrew@amrlawfirmpa.com,pattern-guessing,0.18,false,,
34,Andrew Henderson,"AMR Law Firm, P.A.",amrlawfirmpa.com,false,andrew.henderson@amrlawfirmpa.com,pattern-guessing,0.18,false,,
34,Andrew Henderson,"AMR Law Firm, P.A.",amrlawfirmpa.com,false,andrewhenderson@amrlawfirmpa.com,pattern-guessing,0.18,false,,
34,Andrew Henderson,"AMR Law Firm, P.A.",amrlawfirmpa.com,false,andrew_henderson@amrlawfirmpa.com,pattern-guessing,0.18,false,,
34,Andrew Henderson,"AMR Law Firm, P.A.",amrlawfirmpa.com,false,ahenderson@amrlawfirmpa.com,pattern-guessing,0.18,false,,
34,Andrew Henderson,"AMR Law Firm, P.A.",amrlawfirmpa.com,false,a.henderson@amrlawfirmpa.com,pattern-guessing,0.18,false,,
34,Andrew Henderson,"AMR Law Firm, P.A.",amrlawfirmpa.com,false,andrewh@amrlawfirmpa.com,pattern-guessing,0.18,false,,
35,Marilyn Poindexter,Andrew Henderson,parents.com,true,marilyn@parents.com,pattern-guessing,0.38,false,,
35,Marilyn Poindexter,Andrew Henderson,parents.com,true,marilyn.poindexter@parents.com,pattern-guessing,0.38,false,,
35,Marilyn Poindexter,Andrew Henderson,parents.com,true,marilynpoindexter@parents.com,pattern-guessing,0.38,false,,
35,Marilyn Poindexter,Andrew Henderson,parents.com,true,marilyn_poindexter@parents.com,pattern-guessing,0.38,false,,
35,Marilyn Poindexter,Andrew Henderson,parents.com,true,mpoindexter@parents.com,pattern-guessing,0.38,false,,
35,Marilyn Poindexter,Andrew Henderson,parents.com,true,m.poindexter@parents.com,pattern-guessing,0.38,false,,
35,Marilyn Poindexter,Andrew Henderson,parents.com,true,marilynp@parents.com,pattern-guessing,0.38,false,,
36,Marilyn Poindexter,Andy's Frozen Custard - Lutz,andysfrozencustard-lutz.com,false,marilyn@andysfrozencustard-lutz.com,pattern-guessing,0.18,false,,
36,Marilyn Poindexter,Andy's Frozen Custard - Lutz,andysfrozencustard-lutz.com,false,marilyn.poindexter@andysfrozencustard-lutz.com,pattern-guessing,0.18,false,,
36,Marilyn Poindexter,Andy's Frozen Custard - Lutz,andysfrozencustard-lutz.com,false,marilynpoindexter@andysfrozencustard-lutz.com,pattern-guessing,0.18,false,,
36,Marilyn Poindexter,Andy's Frozen Custard - Lutz,andysfrozencustard-lutz.com,false,marilyn_poindexter@andysfrozencustard-lutz.com,pattern-guessing,0.18,false,,
36,Marilyn Poindexter,Andy's Frozen Custard - Lutz,andysfrozencustard-lutz.com,false,mpoindexter@andysfrozencustard-lutz.com,pattern-guessing,0.18,false,,
36,Marilyn Poindexter,Andy's Frozen Custard - Lutz,andysfrozencustard-lutz.com,false,m.poindexter@andysfrozencustard-lutz.com,pattern-guessing,0.18,false,,
36,Marilyn Poindexter,Andy's Frozen Custard - Lutz,andysfrozencustard-lutz.com,false,marilynp@andysfrozencustard-lutz.com,pattern-guessing,0.18,false,,
37,Steve Attard,Andy's Frozen Custard - Odessa,andysfrozencustard-odessa.com,false,steve@andysfrozencustard-odessa.com,pattern-guessing,0.18,false,,
37,Steve Attard,Andy's Frozen Custard - Odessa,andysfrozencustard-odessa.com,false,steve.attard@andysfrozencustard-odessa.com,pattern-guessing,0.18,false,,
37,Steve Attard,Andy's Frozen Custard - Odessa,andysfrozencustard-odessa.com,false,steveattard@andysfrozencustard-odessa.com,pattern-guessing,0.18,false,,
37,Steve Attard,Andy's Frozen Custard - Odessa,andysfrozencustard-odessa.com,false,steve_attard@andysfrozencustard-odessa.com,pattern-guessing,0.18,false,,
37,Steve Attard,Andy's Frozen Custard - Odessa,andysfrozencustard-odessa.com,false,sattard@andysfrozencustard-odessa.com,pattern-guessing,0.18,false,,
37,Steve Attard,Andy's Frozen Custard - Odessa,andysfrozencustard-odessa.com,false,s.attard@andysfrozencustard-odessa.com,pattern-guessing,0.18,false,,
37,Steve Attard,Andy's Frozen Custard - Odessa,andysfrozencustard-odessa.com,false,stevea@andysfrozencustard-odessa.com,pattern-guessing,0.18,false,,
38,Trang Wilber,ApertureAI,apertureai.com,true,trang@apertureai.com,pattern-guessing,0.38,false,,
38,Trang Wilber,ApertureAI,apertureai.com,true,trang.wilber@apertureai.com,pattern-guessing,0.38,false,,
38,Trang Wilber,ApertureAI,apertureai.com,true,trangwilber@apertureai.com,pattern-guessing,0.38,false,,
38,Trang Wilber,ApertureAI,apertureai.com,true,trang_wilber@apertureai.com,pattern-guessing,0.38,false,,
38,Trang Wilber,ApertureAI,apertureai.com,true,twilber@apertureai.com,pattern-guessing,0.38,false,,
38,Trang Wilber,ApertureAI,apertureai.com,true,t.wilber@apertureai.com,pattern-guessing,0.38,false,,
38,Trang Wilber,ApertureAI,apertureai.com,true,trangw@apertureai.com,pattern-guessing,0.38,false,,
39,Jonathan Fisher,Applied Innovation,appliedinnovation.com,true,jonathan@appliedinnovation.com,pattern-guessing,0.38,false,,
39,Jonathan Fisher,Applied Innovation,appliedinnovation.com,true,jonathan.fisher@appliedinnovation.com,pattern-guessing,0.38,false,,
39,Jonathan Fisher,Applied Innovation,appliedinnovation.com,true,jonathanfisher@appliedinnovation.com,pattern-guessing,0.38,false,,
39,Jonathan Fisher,Applied Innovation,appliedinnovation.com,true,jonathan_fisher@appliedinnovation.com,pattern-guessing,0.38,false,,
39,Jonathan Fisher,Applied Innovation,appliedinnovation.com,true,jfisher@appliedinnovation.com,pattern-guessing,0.38,false,,
39,Jonathan Fisher,Applied Innovation,appliedinnovation.com,true,j.fisher@appliedinnovation.com,pattern-guessing,0.38,false,,
39,Jonathan Fisher,Applied Innovation,appliedinnovation.com,true,jonathanf@appliedinnovation.com,pattern-guessing,0.38,false,,
40,Tee Sharma,Architectural Signage & Printing,architecturalsignageandprinting.com,true,tee@architecturalsignageandprinting.com,pattern-guessing,0.38,false,,
40,Tee Sharma,Architectural Signage & Printing,architecturalsignageandprinting.com,true,tee.sharma@architecturalsignageandprinting.com,pattern-guessing,0.38,false,,
40,Tee Sharma,Architectural Signage & Printing,architecturalsignageandprinting.com,true,teesharma@architecturalsignageandprinting.com,pattern-guessing,0.38,false,,
40,Tee Sharma,Architectural Signage & Printing,architecturalsignageandprinting.com,true,tee_sharma@architecturalsignageandprinting.com,pattern-guessing,0.38,false,,
40,Tee Sharma,Architectural Signage & Printing,architecturalsignageandprinting.com,true,tsharma@architecturalsignageandprinting.com,pattern-guessing,0.38,false,,
40,Tee Sharma,Architectural Signage & Printing,architecturalsignageandprinting.com,true,t.sharma@architecturalsignageandprinting.com,pattern-guessing,0.38,false,,
40,Tee Sharma,Architectural Signage & Printing,architecturalsignageandprinting.com,true,tees@architecturalsignageandprinting.com,pattern-guessing,0.38,false,,
41,Dr. Ryan Tropf,Assisted Living Locators - North Tampa,assistedlivinglocators-northtampa.com,false,dr@assistedlivinglocators-northtampa.com,pattern-guessing,0.18,false,,
41,Dr. Ryan Tropf,Assisted Living Locators - North Tampa,assistedlivinglocators-northtampa.com,false,dr.tropf@assistedlivinglocators-northtampa.com,pattern-guessing,0.18,false,,
41,Dr. Ryan Tropf,Assisted Living Locators - North Tampa,assistedlivinglocators-northtampa.com,false,drtropf@assistedlivinglocators-northtampa.com,pattern-guessing,0.18,false,,
41,Dr. Ryan Tropf,Assisted Living Locators - North Tampa,assistedlivinglocators-northtampa.com,false,dr_tropf@assistedlivinglocators-northtampa.com,pattern-guessing,0.18,false,,
41,Dr. Ryan Tropf,Assisted Living Locators - North Tampa,assistedlivinglocators-northtampa.com,false,dtropf@assistedlivinglocators-northtampa.com,pattern-guessing,0.18,false,,
41,Dr. Ryan Tropf,Assisted Living Locators - North Tampa,assistedlivinglocators-northtampa.com,false,d.tropf@assistedlivinglocators-northtampa.com,pattern-guessing,0.18,false,,
41,Dr. Ryan Tropf,Assisted Living Locators - North Tampa,assistedlivinglocators-northtampa.com,false,drt@assistedlivinglocators-northtampa.com,pattern-guessing,0.18,false,,
42,Kevin Sullivan,Atlas Performance Center,talkelections.org,true,kevin@talkelections.org,pattern-guessing,0.38,false,,
42,Kevin Sullivan,Atlas Performance Center,talkelections.org,true,kevin.sullivan@talkelections.org,pattern-guessing,0.38,false,,
42,Kevin Sullivan,Atlas Performance Center,talkelections.org,true,kevinsullivan@talkelections.org,pattern-guessing,0.38,false,,
42,Kevin Sullivan,Atlas Performance Center,talkelections.org,true,kevin_sullivan@talkelections.org,pattern-guessing,0.38,false,,
42,Kevin Sullivan,Atlas Performance Center,talkelections.org,true,ksullivan@talkelections.org,pattern-guessing,0.38,false,,
42,Kevin Sullivan,Atlas Performance Center,talkelections.org,true,k.sullivan@talkelections.org,pattern-guessing,0.38,false,,
42,Kevin Sullivan,Atlas Performance Center,talkelections.org,true,kevins@talkelections.org,pattern-guessing,0.38,false,,
43,Michael Cronk,Attorney Kevin Sullivan,elderlawanswers.com,true,michael@elderlawanswers.com,pattern-guessing,0.38,false,,
43,Michael Cronk,Attorney Kevin Sullivan,elderlawanswers.com,true,michael.cronk@elderlawanswers.com,pattern-guessing,0.38,false,,
43,Michael Cronk,Attorney Kevin Sullivan,elderlawanswers.com,true,michaelcronk@elderlawanswers.com,pattern-guessing,0.38,false,,
43,Michael Cronk,Attorney Kevin Sullivan,elderlawanswers.com,true,michael_cronk@elderlawanswers.com,pattern-guessing,0.38,false,,
43,Michael Cronk,Attorney Kevin Sullivan,elderlawanswers.com,true,mcronk@elderlawanswers.com,pattern-guessing,0.38,false,,
43,Michael Cronk,Attorney Kevin Sullivan,elderlawanswers.com,true,m.cronk@elderlawanswers.com,pattern-guessing,0.38,false,,
43,Michael Cronk,Attorney Kevin Sullivan,elderlawanswers.com,true,michaelc@elderlawanswers.com,pattern-guessing,0.38,false,,
44,Stephanie Lerret,Audi Wesley Chapel,audizine.com,true,stephanie@audizine.com,pattern-guessing,0.38,false,,
44,Stephanie Lerret,Audi Wesley Chapel,audizine.com,true,stephanie.lerret@audizine.com,pattern-guessing,0.38,false,,
44,Stephanie Lerret,Audi Wesley Chapel,audizine.com,true,stephanielerret@audizine.com,pattern-guessing,0.38,false,,
44,Stephanie Lerret,Audi Wesley Chapel,audizine.com,true,stephanie_lerret@audizine.com,pattern-guessing,0.38,false,,
44,Stephanie Lerret,Audi Wesley Chapel,audizine.com,true,slerret@audizine.com,pattern-guessing,0.38,false,,
44,Stephanie Lerret,Audi Wesley Chapel,audizine.com,true,s.lerret@audizine.com,pattern-guessing,0.38,false,,
44,Stephanie Lerret,Audi Wesley Chapel,audizine.com,true,stephaniel@audizine.com,pattern-guessing,0.38,false,,
45,Gino Carrieri,Avalon Park Wesley Chapel,avalon.co.kr,true,gino@avalon.co.kr,pattern-guessing,0.38,false,,
45,Gino Carrieri,Avalon Park Wesley Chapel,avalon.co.kr,true,gino.carrieri@avalon.co.kr,pattern-guessing,0.38,false,,
45,Gino Carrieri,Avalon Park Wesley Chapel,avalon.co.kr,true,ginocarrieri@avalon.co.kr,pattern-guessing,0.38,false,,
45,Gino Carrieri,Avalon Park Wesley Chapel,avalon.co.kr,true,gino_carrieri@avalon.co.kr,pattern-guessing,0.38,false,,
45,Gino Carrieri,Avalon Park Wesley Chapel,avalon.co.kr,true,gcarrieri@avalon.co.kr,pattern-guessing,0.38,false,,
45,Gino Carrieri,Avalon Park Wesley Chapel,avalon.co.kr,true,g.carrieri@avalon.co.kr,pattern-guessing,0.38,false,,
45,Gino Carrieri,Avalon Park Wesley Chapel,avalon.co.kr,true,ginoc@avalon.co.kr,pattern-guessing,0.38,false,,
46,Elizabeth Lowe,Aventon Meadows,aventon.com,true,info@aventon.com,web-scraping,0.54,false,https://aventon.com/,
46,Elizabeth Lowe,Aventon Meadows,aventon.com,true,elizabeth@aventon.com,pattern-guessing,0.38,false,,
46,Elizabeth Lowe,Aventon Meadows,aventon.com,true,elizabeth.lowe@aventon.com,pattern-guessing,0.38,false,,
46,Elizabeth Lowe,Aventon Meadows,aventon.com,true,elizabethlowe@aventon.com,pattern-guessing,0.38,false,,
46,Elizabeth Lowe,Aventon Meadows,aventon.com,true,elizabeth_lowe@aventon.com,pattern-guessing,0.38,false,,
46,Elizabeth Lowe,Aventon Meadows,aventon.com,true,elowe@aventon.com,pattern-guessing,0.38,false,,
46,Elizabeth Lowe,Aventon Meadows,aventon.com,true,e.lowe@aventon.com,pattern-guessing,0.38,false,,
46,Elizabeth Lowe,Aventon Meadows,aventon.com,true,elizabethl@aventon.com,pattern-guessing,0.38,false,,
47,Wendy O'Neill,AvMed,avmed.org,true,avmedindividualagentsupport@avmed.org,web-scraping,0.72,false,https://avmed.org/contact-us,
47,Wendy O'Neill,AvMed,avmed.org,true,avmedindividualrenewals@avmed.org,web-scraping,0.72,false,https://avmed.org/contact-us,
47,Wendy O'Neill,AvMed,avmed.org,true,agentappoint@avmed.org,web-scraping,0.72,false,https://avmed.org/contact-us,
47,Wendy O'Neill,AvMed,avmed.org,true,agentcomp@avmed.org,web-scraping,0.72,false,https://avmed.org/contact-us,
47,Wendy O'Neill,AvMed,avmed.org,true,avmed.communications@avmed.org,web-scraping,0.72,false,https://avmed.org/contact-us,
47,Wendy O'Neill,AvMed,avmed.org,true,u003eavmedindividualagentsupport@avmed.org,web-scraping,0.72,false,https://avmed.org/contact-us,
47,Wendy O'Neill,AvMed,avmed.org,true,u003eavmedindividualrenewals@avmed.org,web-scraping,0.72,false,https://avmed.org/contact-us,
47,Wendy O'Neill,AvMed,avmed.org,true,u003eagentappoint@avmed.org,web-scraping,0.72,false,https://avmed.org/contact-us,
47,Wendy O'Neill,AvMed,avmed.org,true,u003eagentcomp@avmed.org,web-scraping,0.72,false,https://avmed.org/contact-us,
47,Wendy O'Neill,AvMed,avmed.org,true,u003eavmed.communications@avmed.org,web-scraping,0.72,false,https://avmed.org/contact-us,
47,Wendy O'Neill,AvMed,avmed.org,true,wendy@avmed.org,pattern-guessing,0.38,false,,
47,Wendy O'Neill,AvMed,avmed.org,true,wendy.oneill@avmed.org,pattern-guessing,0.38,false,,
47,Wendy O'Neill,AvMed,avmed.org,true,wendyoneill@avmed.org,pattern-guessing,0.38,false,,
47,Wendy O'Neill,AvMed,avmed.org,true,wendy_oneill@avmed.org,pattern-guessing,0.38,false,,
47,Wendy O'Neill,AvMed,avmed.org,true,woneill@avmed.org,pattern-guessing,0.38,false,,
47,Wendy O'Neill,AvMed,avmed.org,true,w.oneill@avmed.org,pattern-guessing,0.38,false,,
47,Wendy O'Neill,AvMed,avmed.org,true,wendyo@avmed.org,pattern-guessing,0.38,false,,
48,Patricia Basin,Barberitos,barberitos.com,true,patricia@barberitos.com,pattern-guessing,0.38,false,,
48,Patricia Basin,Barberitos,barberitos.com,true,patricia.basin@barberitos.com,pattern-guessing,0.38,false,,
48,Patricia Basin,Barberitos,barberitos.com,true,patriciabasin@barberitos.com,pattern-guessing,0.38,false,,
48,Patricia Basin,Barberitos,barberitos.com,true,patricia_basin@barberitos.com,pattern-guessing,0.38,false,,
48,Patricia Basin,Barberitos,barberitos.com,true,pbasin@barberitos.com,pattern-guessing,0.38,false,,
48,Patricia Basin,Barberitos,barberitos.com,true,p.basin@barberitos.com,pattern-guessing,0.38,false,,
48,Patricia Basin,Barberitos,barberitos.com,true,patriciab@barberitos.com,pattern-guessing,0.38,false,,
49,Beth Galic,"Basin & Son Construction, Inc.",basin.com,true,customerservice@basin.com,web-scraping,0.72,false,https://basin.com/contact,
49,Beth Galic,"Basin & Son Construction, Inc.",basin.com,true,beth@basin.com,pattern-guessing,0.38,false,,
49,Beth Galic,"Basin & Son Construction, Inc.",basin.com,true,beth.galic@basin.com,pattern-guessing,0.38,false,,
49,Beth Galic,"Basin & Son Construction, Inc.",basin.com,true,bethgalic@basin.com,pattern-guessing,0.38,false,,
49,Beth Galic,"Basin & Son Construction, Inc.",basin.com,true,beth_galic@basin.com,pattern-guessing,0.38,false,,
49,Beth Galic,"Basin & Son Construction, Inc.",basin.com,true,bgalic@basin.com,pattern-guessing,0.38,false,,
49,Beth Galic,"Basin & Son Construction, Inc.",basin.com,true,b.galic@basin.com,pattern-guessing,0.38,false,,
49,Beth Galic,"Basin & Son Construction, Inc.",basin.com,true,bethg@basin.com,pattern-guessing,0.38,false,,
50,Ronak Parikh,Bay Area Manufacturers Association,bayareamanufacturersassociation.com,false,ronak@bayareamanufacturersassociation.com,pattern-guessing,0.18,false,,
50,Ronak Parikh,Bay Area Manufacturers Association,bayareamanufacturersassociation.com,false,ronak.parikh@bayareamanufacturersassociation.com,pattern-guessing,0.18,false,,
50,Ronak Parikh,Bay Area Manufacturers Association,bayareamanufacturersassociation.com,false,ronakparikh@bayareamanufacturersassociation.com,pattern-guessing,0.18,false,,
50,Ronak Parikh,Bay Area Manufacturers Association,bayareamanufacturersassociation.com,false,ronak_parikh@bayareamanufacturersassociation.com,pattern-guessing,0.18,false,,
50,Ronak Parikh,Bay Area Manufacturers Association,bayareamanufacturersassociation.com,false,rparikh@bayareamanufacturersassociation.com,pattern-guessing,0.18,false,,
50,Ronak Parikh,Bay Area Manufacturers Association,bayareamanufacturersassociation.com,false,r.parikh@bayareamanufacturersassociation.com,pattern-guessing,0.18,false,,
50,Ronak Parikh,Bay Area Manufacturers Association,bayareamanufacturersassociation.com,false,ronakp@bayareamanufacturersassociation.com,pattern-guessing,0.18,false,,
51,Natasha Borchers,BayBreeze Dental,thespruceeats.com,true,natasha@thespruceeats.com,pattern-guessing,0.38,false,,
51,Natasha Borchers,BayBreeze Dental,thespruceeats.com,true,natasha.borchers@thespruceeats.com,pattern-guessing,0.38,false,,
51,Natasha Borchers,BayBreeze Dental,thespruceeats.com,true,natashaborchers@thespruceeats.com,pattern-guessing,0.38,false,,
51,Natasha Borchers,BayBreeze Dental,thespruceeats.com,true,natasha_borchers@thespruceeats.com,pattern-guessing,0.38,false,,
51,Natasha Borchers,BayBreeze Dental,thespruceeats.com,true,nborchers@thespruceeats.com,pattern-guessing,0.38,false,,
51,Natasha Borchers,BayBreeze Dental,thespruceeats.com,true,n.borchers@thespruceeats.com,pattern-guessing,0.38,false,,
51,Natasha Borchers,BayBreeze Dental,thespruceeats.com,true,natashab@thespruceeats.com,pattern-guessing,0.38,false,,
52,Theresa Olsen,BayCare Health System/BayCare Hospital Wesley Chapel,baycare.org,true,talentacquisition@baycare.org,web-scraping,0.72,false,https://baycare.org/contact-us,
52,Theresa Olsen,BayCare Health System/BayCare Hospital Wesley Chapel,baycare.org,true,mpmfoundation@baycare.org,web-scraping,0.72,false,https://baycare.org/contact-us,
52,Theresa Olsen,BayCare Health System/BayCare Hospital Wesley Chapel,baycare.org,true,sahffoundation@baycare.org,web-scraping,0.72,false,https://baycare.org/contact-us,
52,Theresa Olsen,BayCare Health System/BayCare Hospital Wesley Chapel,baycare.org,true,sjhfoundation@baycare.org,web-scraping,0.72,false,https://baycare.org/contact-us,
52,Theresa Olsen,BayCare Health System/BayCare Hospital Wesley Chapel,baycare.org,true,whhfoundation@baycare.org,web-scraping,0.72,false,https://baycare.org/contact-us,
52,Theresa Olsen,BayCare Health System/BayCare Hospital Wesley Chapel,baycare.org,true,theresa@baycare.org,pattern-guessing,0.38,false,,
52,Theresa Olsen,BayCare Health System/BayCare Hospital Wesley Chapel,baycare.org,true,theresa.olsen@baycare.org,pattern-guessing,0.38,false,,
52,Theresa Olsen,BayCare Health System/BayCare Hospital Wesley Chapel,baycare.org,true,theresaolsen@baycare.org,pattern-guessing,0.38,false,,
52,Theresa Olsen,BayCare Health System/BayCare Hospital Wesley Chapel,baycare.org,true,theresa_olsen@baycare.org,pattern-guessing,0.38,false,,
52,Theresa Olsen,BayCare Health System/BayCare Hospital Wesley Chapel,baycare.org,true,tolsen@baycare.org,pattern-guessing,0.38,false,,
52,Theresa Olsen,BayCare Health System/BayCare Hospital Wesley Chapel,baycare.org,true,t.olsen@baycare.org,pattern-guessing,0.38,false,,
52,Theresa Olsen,BayCare Health System/BayCare Hospital Wesley Chapel,baycare.org,true,theresao@baycare.org,pattern-guessing,0.38,false,,
53,Patrick Penrose,Baycare Medical Group Adult and Pediatric Primary Care,baycare.org,true,talentacquisition@baycare.org,web-scraping,0.72,false,https://baycare.org/contact-us,
53,Patrick Penrose,Baycare Medical Group Adult and Pediatric Primary Care,baycare.org,true,mpmfoundation@baycare.org,web-scraping,0.72,false,https://baycare.org/contact-us,
53,Patrick Penrose,Baycare Medical Group Adult and Pediatric Primary Care,baycare.org,true,sahffoundation@baycare.org,web-scraping,0.72,false,https://baycare.org/contact-us,
53,Patrick Penrose,Baycare Medical Group Adult and Pediatric Primary Care,baycare.org,true,sjhfoundation@baycare.org,web-scraping,0.72,false,https://baycare.org/contact-us,
53,Patrick Penrose,Baycare Medical Group Adult and Pediatric Primary Care,baycare.org,true,whhfoundation@baycare.org,web-scraping,0.72,false,https://baycare.org/contact-us,
53,Patrick Penrose,Baycare Medical Group Adult and Pediatric Primary Care,baycare.org,true,patrick@baycare.org,pattern-guessing,0.38,false,,
53,Patrick Penrose,Baycare Medical Group Adult and Pediatric Primary Care,baycare.org,true,patrick.penrose@baycare.org,pattern-guessing,0.38,false,,
53,Patrick Penrose,Baycare Medical Group Adult and Pediatric Primary Care,baycare.org,true,patrickpenrose@baycare.org,pattern-guessing,0.38,false,,
53,Patrick Penrose,Baycare Medical Group Adult and Pediatric Primary Care,baycare.org,true,patrick_penrose@baycare.org,pattern-guessing,0.38,false,,
53,Patrick Penrose,Baycare Medical Group Adult and Pediatric Primary Care,baycare.org,true,ppenrose@baycare.org,pattern-guessing,0.38,false,,
53,Patrick Penrose,Baycare Medical Group Adult and Pediatric Primary Care,baycare.org,true,p.penrose@baycare.org,pattern-guessing,0.38,false,,
53,Patrick Penrose,Baycare Medical Group Adult and Pediatric Primary Care,baycare.org,true,patrickp@baycare.org,pattern-guessing,0.38,false,,
54,Nikki Bennett,BayCare Medical Group Saddlebrook Primary Care,baycare.org,true,talentacquisition@baycare.org,web-scraping,0.72,false,https://baycare.org/contact-us,
54,Nikki Bennett,BayCare Medical Group Saddlebrook Primary Care,baycare.org,true,mpmfoundation@baycare.org,web-scraping,0.72,false,https://baycare.org/contact-us,
54,Nikki Bennett,BayCare Medical Group Saddlebrook Primary Care,baycare.org,true,sahffoundation@baycare.org,web-scraping,0.72,false,https://baycare.org/contact-us,
54,Nikki Bennett,BayCare Medical Group Saddlebrook Primary Care,baycare.org,true,sjhfoundation@baycare.org,web-scraping,0.72,false,https://baycare.org/contact-us,
54,Nikki Bennett,BayCare Medical Group Saddlebrook Primary Care,baycare.org,true,whhfoundation@baycare.org,web-scraping,0.72,false,https://baycare.org/contact-us,
54,Nikki Bennett,BayCare Medical Group Saddlebrook Primary Care,baycare.org,true,nikki@baycare.org,pattern-guessing,0.38,false,,
54,Nikki Bennett,BayCare Medical Group Saddlebrook Primary Care,baycare.org,true,nikki.bennett@baycare.org,pattern-guessing,0.38,false,,
54,Nikki Bennett,BayCare Medical Group Saddlebrook Primary Care,baycare.org,true,nikkibennett@baycare.org,pattern-guessing,0.38,false,,
54,Nikki Bennett,BayCare Medical Group Saddlebrook Primary Care,baycare.org,true,nikki_bennett@baycare.org,pattern-guessing,0.38,false,,
54,Nikki Bennett,BayCare Medical Group Saddlebrook Primary Care,baycare.org,true,nbennett@baycare.org,pattern-guessing,0.38,false,,
54,Nikki Bennett,BayCare Medical Group Saddlebrook Primary Care,baycare.org,true,n.bennett@baycare.org,pattern-guessing,0.38,false,,
54,Nikki Bennett,BayCare Medical Group Saddlebrook Primary Care,baycare.org,true,nikkib@baycare.org,pattern-guessing,0.38,false,,
55,Bonnie Berkman,BayCare Urgent Care,baycare.org,true,talentacquisition@baycare.org,web-scraping,0.72,false,https://baycare.org/contact-us,
55,Bonnie Berkman,BayCare Urgent Care,baycare.org,true,mpmfoundation@baycare.org,web-scraping,0.72,false,https://baycare.org/contact-us,
55,Bonnie Berkman,BayCare Urgent Care,baycare.org,true,sahffoundation@baycare.org,web-scraping,0.72,false,https://baycare.org/contact-us,
55,Bonnie Berkman,BayCare Urgent Care,baycare.org,true,sjhfoundation@baycare.org,web-scraping,0.72,false,https://baycare.org/contact-us,
55,Bonnie Berkman,BayCare Urgent Care,baycare.org,true,whhfoundation@baycare.org,web-scraping,0.72,false,https://baycare.org/contact-us,
55,Bonnie Berkman,BayCare Urgent Care,baycare.org,true,bonnie@baycare.org,pattern-guessing,0.38,false,,
55,Bonnie Berkman,BayCare Urgent Care,baycare.org,true,bonnie.berkman@baycare.org,pattern-guessing,0.38,false,,
55,Bonnie Berkman,BayCare Urgent Care,baycare.org,true,bonnieberkman@baycare.org,pattern-guessing,0.38,false,,
55,Bonnie Berkman,BayCare Urgent Care,baycare.org,true,bonnie_berkman@baycare.org,pattern-guessing,0.38,false,,
55,Bonnie Berkman,BayCare Urgent Care,baycare.org,true,bberkman@baycare.org,pattern-guessing,0.38,false,,
55,Bonnie Berkman,BayCare Urgent Care,baycare.org,true,b.berkman@baycare.org,pattern-guessing,0.38,false,,
55,Bonnie Berkman,BayCare Urgent Care,baycare.org,true,bonnieb@baycare.org,pattern-guessing,0.38,false,,
56,Tina Stormer,BCOTB,bcotb.com,true,tina@bcotb.com,pattern-guessing,0.38,false,,
56,Tina Stormer,BCOTB,bcotb.com,true,tina.stormer@bcotb.com,pattern-guessing,0.38,false,,
56,Tina Stormer,BCOTB,bcotb.com,true,tinastormer@bcotb.com,pattern-guessing,0.38,false,,
56,Tina Stormer,BCOTB,bcotb.com,true,tina_stormer@bcotb.com,pattern-guessing,0.38,false,,
56,Tina Stormer,BCOTB,bcotb.com,true,tstormer@bcotb.com,pattern-guessing,0.38,false,,
56,Tina Stormer,BCOTB,bcotb.com,true,t.stormer@bcotb.com,pattern-guessing,0.38,false,,
56,Tina Stormer,BCOTB,bcotb.com,true,tinas@bcotb.com,pattern-guessing,0.38,false,,
57,"Crystal Seay, PHR",Beach House Assisted Living & Memory Care at Wiregrass Ranch,beachhouseassistedlivingandmemorycareatwiregrassranch.com,false,crystal@beachhouseassistedlivingandmemorycareatwiregrassranch.com,pattern-guessing,0.18,false,,
57,"Crystal Seay, PHR",Beach House Assisted Living & Memory Care at Wiregrass Ranch,beachhouseassistedlivingandmemorycareatwiregrassranch.com,false,crystal.phr@beachhouseassistedlivingandmemorycareatwiregrassranch.com,pattern-guessing,0.18,false,,
57,"Crystal Seay, PHR",Beach House Assisted Living & Memory Care at Wiregrass Ranch,beachhouseassistedlivingandmemorycareatwiregrassranch.com,false,crystalphr@beachhouseassistedlivingandmemorycareatwiregrassranch.com,pattern-guessing,0.18,false,,
57,"Crystal Seay, PHR",Beach House Assisted Living & Memory Care at Wiregrass Ranch,beachhouseassistedlivingandmemorycareatwiregrassranch.com,false,crystal_phr@beachhouseassistedlivingandmemorycareatwiregrassranch.com,pattern-guessing,0.18,false,,
57,"Crystal Seay, PHR",Beach House Assisted Living & Memory Care at Wiregrass Ranch,beachhouseassistedlivingandmemorycareatwiregrassranch.com,false,cphr@beachhouseassistedlivingandmemorycareatwiregrassranch.com,pattern-guessing,0.18,false,,
57,"Crystal Seay, PHR",Beach House Assisted Living & Memory Care at Wiregrass Ranch,beachhouseassistedlivingandmemorycareatwiregrassranch.com,false,c.phr@beachhouseassistedlivingandmemorycareatwiregrassranch.com,pattern-guessing,0.18,false,,
57,"Crystal Seay, PHR",Beach House Assisted Living & Memory Care at Wiregrass Ranch,beachhouseassistedlivingandmemorycareatwiregrassranch.com,false,crystalp@beachhouseassistedlivingandmemorycareatwiregrassranch.com,pattern-guessing,0.18,false,,
58,Don Copeland,Bella Brava Bexley,bellabravabexley.com,false,don@bellabravabexley.com,pattern-guessing,0.18,false,,
58,Don Copeland,Bella Brava Bexley,bellabravabexley.com,false,don.copeland@bellabravabexley.com,pattern-guessing,0.18,false,,
58,Don Copeland,Bella Brava Bexley,bellabravabexley.com,false,doncopeland@bellabravabexley.com,pattern-guessing,0.18,false,,
58,Don Copeland,Bella Brava Bexley,bellabravabexley.com,false,don_copeland@bellabravabexley.com,pattern-guessing,0.18,false,,
58,Don Copeland,Bella Brava Bexley,bellabravabexley.com,false,dcopeland@bellabravabexley.com,pattern-guessing,0.18,false,,
58,Don Copeland,Bella Brava Bexley,bellabravabexley.com,false,d.copeland@bellabravabexley.com,pattern-guessing,0.18,false,,
58,Don Copeland,Bella Brava Bexley,bellabravabexley.com,false,donc@bellabravabexley.com,pattern-guessing,0.18,false,,
59,Mr. Tony Benge,Belmar Pharmacy,belmarpharmacy.com,true,mr@belmarpharmacy.com,pattern-guessing,0.38,false,,
59,Mr. Tony Benge,Belmar Pharmacy,belmarpharmacy.com,true,mr.benge@belmarpharmacy.com,pattern-guessing,0.38,false,,
59,Mr. Tony Benge,Belmar Pharmacy,belmarpharmacy.com,true,mrbenge@belmarpharmacy.com,pattern-guessing,0.38,false,,
59,Mr. Tony Benge,Belmar Pharmacy,belmarpharmacy.com,true,mr_benge@belmarpharmacy.com,pattern-guessing,0.38,false,,
59,Mr. Tony Benge,Belmar Pharmacy,belmarpharmacy.com,true,mbenge@belmarpharmacy.com,pattern-guessing,0.38,false,,
59,Mr. Tony Benge,Belmar Pharmacy,belmarpharmacy.com,true,m.benge@belmarpharmacy.com,pattern-guessing,0.38,false,,
59,Mr. Tony Benge,Belmar Pharmacy,belmarpharmacy.com,true,mrb@belmarpharmacy.com,pattern-guessing,0.38,false,,
60,John Akhyt,Benchmark Mortgage,func.jp,true,john@func.jp,pattern-guessing,0.38,false,,
60,John Akhyt,Benchmark Mortgage,func.jp,true,john.akhyt@func.jp,pattern-guessing,0.38,false,,
60,John Akhyt,Benchmark Mortgage,func.jp,true,johnakhyt@func.jp,pattern-guessing,0.38,false,,
60,John Akhyt,Benchmark Mortgage,func.jp,true,john_akhyt@func.jp,pattern-guessing,0.38,false,,
60,John Akhyt,Benchmark Mortgage,func.jp,true,jakhyt@func.jp,pattern-guessing,0.38,false,,
60,John Akhyt,Benchmark Mortgage,func.jp,true,j.akhyt@func.jp,pattern-guessing,0.38,false,,
60,John Akhyt,Benchmark Mortgage,func.jp,true,johna@func.jp,pattern-guessing,0.38,false,,
61,Tim Crandall,Benge Development,bengedevelopment.com,true,tim@bengedevelopment.com,pattern-guessing,0.38,false,,
61,Tim Crandall,Benge Development,bengedevelopment.com,true,tim.crandall@bengedevelopment.com,pattern-guessing,0.38,false,,
61,Tim Crandall,Benge Development,bengedevelopment.com,true,timcrandall@bengedevelopment.com,pattern-guessing,0.38,false,,
61,Tim Crandall,Benge Development,bengedevelopment.com,true,tim_crandall@bengedevelopment.com,pattern-guessing,0.38,false,,
61,Tim Crandall,Benge Development,bengedevelopment.com,true,tcrandall@bengedevelopment.com,pattern-guessing,0.38,false,,
61,Tim Crandall,Benge Development,bengedevelopment.com,true,t.crandall@bengedevelopment.com,pattern-guessing,0.38,false,,
61,Tim Crandall,Benge Development,bengedevelopment.com,true,timc@bengedevelopment.com,pattern-guessing,0.38,false,,
62,Steve Neary,Bereket Moving and Storage,bereketmovingandstorage.com,false,steve@bereketmovingandstorage.com,pattern-guessing,0.18,false,,
62,Steve Neary,Bereket Moving and Storage,bereketmovingandstorage.com,false,steve.neary@bereketmovingandstorage.com,pattern-guessing,0.18,false,,
62,Steve Neary,Bereket Moving and Storage,bereketmovingandstorage.com,false,steveneary@bereketmovingandstorage.com,pattern-guessing,0.18,false,,
62,Steve Neary,Bereket Moving and Storage,bereketmovingandstorage.com,false,steve_neary@bereketmovingandstorage.com,pattern-guessing,0.18,false,,
62,Steve Neary,Bereket Moving and Storage,bereketmovingandstorage.com,false,sneary@bereketmovingandstorage.com,pattern-guessing,0.18,false,,
62,Steve Neary,Bereket Moving and Storage,bereketmovingandstorage.com,false,s.neary@bereketmovingandstorage.com,pattern-guessing,0.18,false,,
62,Steve Neary,Bereket Moving and Storage,bereketmovingandstorage.com,false,steven@bereketmovingandstorage.com,pattern-guessing,0.18,false,,
63,Robyn Ostrem,Berkshire Hathaway,berkshirehathaway.com,true,robyn@berkshirehathaway.com,pattern-guessing,0.38,false,,
63,Robyn Ostrem,Berkshire Hathaway,berkshirehathaway.com,true,robyn.ostrem@berkshirehathaway.com,pattern-guessing,0.38,false,,
63,Robyn Ostrem,Berkshire Hathaway,berkshirehathaway.com,true,robynostrem@berkshirehathaway.com,pattern-guessing,0.38,false,,
63,Robyn Ostrem,Berkshire Hathaway,berkshirehathaway.com,true,robyn_ostrem@berkshirehathaway.com,pattern-guessing,0.38,false,,
63,Robyn Ostrem,Berkshire Hathaway,berkshirehathaway.com,true,rostrem@berkshirehathaway.com,pattern-guessing,0.38,false,,
63,Robyn Ostrem,Berkshire Hathaway,berkshirehathaway.com,true,r.ostrem@berkshirehathaway.com,pattern-guessing,0.38,false,,
63,Robyn Ostrem,Berkshire Hathaway,berkshirehathaway.com,true,robyno@berkshirehathaway.com,pattern-guessing,0.38,false,,
64,Lilly Gonzalez,Best Option Restoration of N Tampa,bestoptionrestorationofntampa.com,false,lilly@bestoptionrestorationofntampa.com,pattern-guessing,0.18,false,,
64,Lilly Gonzalez,Best Option Restoration of N Tampa,bestoptionrestorationofntampa.com,false,lilly.gonzalez@bestoptionrestorationofntampa.com,pattern-guessing,0.18,false,,
64,Lilly Gonzalez,Best Option Restoration of N Tampa,bestoptionrestorationofntampa.com,false,lillygonzalez@bestoptionrestorationofntampa.com,pattern-guessing,0.18,false,,
64,Lilly Gonzalez,Best Option Restoration of N Tampa,bestoptionrestorationofntampa.com,false,lilly_gonzalez@bestoptionrestorationofntampa.com,pattern-guessing,0.18,false,,
64,Lilly Gonzalez,Best Option Restoration of N Tampa,bestoptionrestorationofntampa.com,false,lgonzalez@bestoptionrestorationofntampa.com,pattern-guessing,0.18,false,,
64,Lilly Gonzalez,Best Option Restoration of N Tampa,bestoptionrestorationofntampa.com,false,l.gonzalez@bestoptionrestorationofntampa.com,pattern-guessing,0.18,false,,
64,Lilly Gonzalez,Best Option Restoration of N Tampa,bestoptionrestorationofntampa.com,false,lillyg@bestoptionrestorationofntampa.com,pattern-guessing,0.18,false,,
65,Jordan Brown,Big Brothers Big Sisters of Tampa Bay,big.dk,true,newbiz@big.dk,web-scraping,0.72,false,https://big.dk/,
65,Jordan Brown,Big Brothers Big Sisters of Tampa Bay,big.dk,true,press@big.dk,web-scraping,0.72,false,https://big.dk/,
65,Jordan Brown,Big Brothers Big Sisters of Tampa Bay,big.dk,true,lectures@big.dk,web-scraping,0.72,false,https://big.dk/,
65,Jordan Brown,Big Brothers Big Sisters of Tampa Bay,big.dk,true,exhibitions@big.dk,web-scraping,0.72,false,https://big.dk/,
65,Jordan Brown,Big Brothers Big Sisters of Tampa Bay,big.dk,true,cph@big.dk,web-scraping,0.72,false,https://big.dk/,
65,Jordan Brown,Big Brothers Big Sisters of Tampa Bay,big.dk,true,lon@big.dk,web-scraping,0.72,false,https://big.dk/,
65,Jordan Brown,Big Brothers Big Sisters of Tampa Bay,big.dk,true,bcn@big.dk,web-scraping,0.72,false,https://big.dk/,
65,Jordan Brown,Big Brothers Big Sisters of Tampa Bay,big.dk,true,nyc@big.dk,web-scraping,0.72,false,https://big.dk/,
65,Jordan Brown,Big Brothers Big Sisters of Tampa Bay,big.dk,true,sha@big.dk,web-scraping,0.72,false,https://big.dk/,
65,Jordan Brown,Big Brothers Big Sisters of Tampa Bay,big.dk,true,lax@big.dk,web-scraping,0.72,false,https://big.dk/,
65,Jordan Brown,Big Brothers Big Sisters of Tampa Bay,big.dk,true,bigzrh@big.dk,web-scraping,0.72,false,https://big.dk/,
65,Jordan Brown,Big Brothers Big Sisters of Tampa Bay,big.dk,true,ksa@big.dk,web-scraping,0.72,false,https://big.dk/,
65,Jordan Brown,Big Brothers Big Sisters of Tampa Bay,big.dk,true,u003ecph@big.dk,web-scraping,0.72,false,https://big.dk/,
65,Jordan Brown,Big Brothers Big Sisters of Tampa Bay,big.dk,true,u003elon@big.dk,web-scraping,0.72,false,https://big.dk/,
65,Jordan Brown,Big Brothers Big Sisters of Tampa Bay,big.dk,true,u003ebcn@big.dk,web-scraping,0.72,false,https://big.dk/,
65,Jordan Brown,Big Brothers Big Sisters of Tampa Bay,big.dk,true,u003enyc@big.dk,web-scraping,0.72,false,https://big.dk/,
65,Jordan Brown,Big Brothers Big Sisters of Tampa Bay,big.dk,true,u003esha@big.dk,web-scraping,0.72,false,https://big.dk/,
65,Jordan Brown,Big Brothers Big Sisters of Tampa Bay,big.dk,true,u003elax@big.dk,web-scraping,0.72,false,https://big.dk/,
65,Jordan Brown,Big Brothers Big Sisters of Tampa Bay,big.dk,true,u003ebigzrh@big.dk,web-scraping,0.72,false,https://big.dk/,
65,Jordan Brown,Big Brothers Big Sisters of Tampa Bay,big.dk,true,u003eksa@big.dk,web-scraping,0.72,false,https://big.dk/,
65,Jordan Brown,Big Brothers Big Sisters of Tampa Bay,big.dk,true,jordan@big.dk,pattern-guessing,0.38,false,,
65,Jordan Brown,Big Brothers Big Sisters of Tampa Bay,big.dk,true,jordan.brown@big.dk,pattern-guessing,0.38,false,,
65,Jordan Brown,Big Brothers Big Sisters of Tampa Bay,big.dk,true,jordanbrown@big.dk,pattern-guessing,0.38,false,,
65,Jordan Brown,Big Brothers Big Sisters of Tampa Bay,big.dk,true,jordan_brown@big.dk,pattern-guessing,0.38,false,,
65,Jordan Brown,Big Brothers Big Sisters of Tampa Bay,big.dk,true,jbrown@big.dk,pattern-guessing,0.38,false,,
65,Jordan Brown,Big Brothers Big Sisters of Tampa Bay,big.dk,true,j.brown@big.dk,pattern-guessing,0.38,false,,
65,Jordan Brown,Big Brothers Big Sisters of Tampa Bay,big.dk,true,jordanb@big.dk,pattern-guessing,0.38,false,,
66,Ms. Kimberly Terenzi,Blue Heron Senior Living Community,blueheronseniorlivingcommunity.com,false,ms@blueheronseniorlivingcommunity.com,pattern-guessing,0.18,false,,
66,Ms. Kimberly Terenzi,Blue Heron Senior Living Community,blueheronseniorlivingcommunity.com,false,ms.terenzi@blueheronseniorlivingcommunity.com,pattern-guessing,0.18,false,,
66,Ms. Kimberly Terenzi,Blue Heron Senior Living Community,blueheronseniorlivingcommunity.com,false,msterenzi@blueheronseniorlivingcommunity.com,pattern-guessing,0.18,false,,
66,Ms. Kimberly Terenzi,Blue Heron Senior Living Community,blueheronseniorlivingcommunity.com,false,ms_terenzi@blueheronseniorlivingcommunity.com,pattern-guessing,0.18,false,,
66,Ms. Kimberly Terenzi,Blue Heron Senior Living Community,blueheronseniorlivingcommunity.com,false,mterenzi@blueheronseniorlivingcommunity.com,pattern-guessing,0.18,false,,
66,Ms. Kimberly Terenzi,Blue Heron Senior Living Community,blueheronseniorlivingcommunity.com,false,m.terenzi@blueheronseniorlivingcommunity.com,pattern-guessing,0.18,false,,
66,Ms. Kimberly Terenzi,Blue Heron Senior Living Community,blueheronseniorlivingcommunity.com,false,mst@blueheronseniorlivingcommunity.com,pattern-guessing,0.18,false,,
67,Ashlie Butler,Blue Park Dental,blueparkdental.com,true,office@blueparkdental.com,web-scraping,0.54,false,https://blueparkdental.com/,
67,Ashlie Butler,Blue Park Dental,blueparkdental.com,true,ashlie@blueparkdental.com,pattern-guessing,0.38,false,,
67,Ashlie Butler,Blue Park Dental,blueparkdental.com,true,ashlie.butler@blueparkdental.com,pattern-guessing,0.38,false,,
67,Ashlie Butler,Blue Park Dental,blueparkdental.com,true,ashliebutler@blueparkdental.com,pattern-guessing,0.38,false,,
67,Ashlie Butler,Blue Park Dental,blueparkdental.com,true,ashlie_butler@blueparkdental.com,pattern-guessing,0.38,false,,
67,Ashlie Butler,Blue Park Dental,blueparkdental.com,true,abutler@blueparkdental.com,pattern-guessing,0.38,false,,
67,Ashlie Butler,Blue Park Dental,blueparkdental.com,true,a.butler@blueparkdental.com,pattern-guessing,0.38,false,,
67,Ashlie Butler,Blue Park Dental,blueparkdental.com,true,ashlieb@blueparkdental.com,pattern-guessing,0.38,false,,
68,Richard Bussey,Boardwalk Wealth Solutions,bwpipelines.com,true,pr@bwpipelines.com,web-scraping,0.72,false,https://bwpipelines.com/contact-us,
68,Richard Bussey,Boardwalk Wealth Solutions,bwpipelines.com,true,richard@bwpipelines.com,pattern-guessing,0.38,false,,
68,Richard Bussey,Boardwalk Wealth Solutions,bwpipelines.com,true,richard.bussey@bwpipelines.com,pattern-guessing,0.38,false,,
68,Richard Bussey,Boardwalk Wealth Solutions,bwpipelines.com,true,richardbussey@bwpipelines.com,pattern-guessing,0.38,false,,
68,Richard Bussey,Boardwalk Wealth Solutions,bwpipelines.com,true,richard_bussey@bwpipelines.com,pattern-guessing,0.38,false,,
68,Richard Bussey,Boardwalk Wealth Solutions,bwpipelines.com,true,rbussey@bwpipelines.com,pattern-guessing,0.38,false,,
68,Richard Bussey,Boardwalk Wealth Solutions,bwpipelines.com,true,r.bussey@bwpipelines.com,pattern-guessing,0.38,false,,
68,Richard Bussey,Boardwalk Wealth Solutions,bwpipelines.com,true,richardb@bwpipelines.com,pattern-guessing,0.38,false,,
69,Joe Horne,Bob's Carpet & Flooring,bobscarpetandflooring.com,true,joe@bobscarpetandflooring.com,pattern-guessing,0.38,false,,
69,Joe Horne,Bob's Carpet & Flooring,bobscarpetandflooring.com,true,joe.horne@bobscarpetandflooring.com,pattern-guessing,0.38,false,,
69,Joe Horne,Bob's Carpet & Flooring,bobscarpetandflooring.com,true,joehorne@bobscarpetandflooring.com,pattern-guessing,0.38,false,,
69,Joe Horne,Bob's Carpet & Flooring,bobscarpetandflooring.com,true,joe_horne@bobscarpetandflooring.com,pattern-guessing,0.38,false,,
69,Joe Horne,Bob's Carpet & Flooring,bobscarpetandflooring.com,true,jhorne@bobscarpetandflooring.com,pattern-guessing,0.38,false,,
69,Joe Horne,Bob's Carpet & Flooring,bobscarpetandflooring.com,true,j.horne@bobscarpetandflooring.com,pattern-guessing,0.38,false,,
69,Joe Horne,Bob's Carpet & Flooring,bobscarpetandflooring.com,true,joeh@bobscarpetandflooring.com,pattern-guessing,0.38,false,,
70,Lydia Boyd,Boba Macs,simplyrecipes.com,true,lydia@simplyrecipes.com,pattern-guessing,0.38,false,,
70,Lydia Boyd,Boba Macs,simplyrecipes.com,true,lydia.boyd@simplyrecipes.com,pattern-guessing,0.38,false,,
70,Lydia Boyd,Boba Macs,simplyrecipes.com,true,lydiaboyd@simplyrecipes.com,pattern-guessing,0.38,false,,
70,Lydia Boyd,Boba Macs,simplyrecipes.com,true,lydia_boyd@simplyrecipes.com,pattern-guessing,0.38,false,,
70,Lydia Boyd,Boba Macs,simplyrecipes.com,true,lboyd@simplyrecipes.com,pattern-guessing,0.38,false,,
70,Lydia Boyd,Boba Macs,simplyrecipes.com,true,l.boyd@simplyrecipes.com,pattern-guessing,0.38,false,,
70,Lydia Boyd,Boba Macs,simplyrecipes.com,true,lydiab@simplyrecipes.com,pattern-guessing,0.38,false,,
71,Sammy Veinger,Bojangles Restaurant,bojangles.com,true,jdosreis@bojangles.com,web-scraping,0.72,false,https://bojangles.com/,
71,Sammy Veinger,Bojangles Restaurant,bojangles.com,true,customercare@bojangles.com,web-scraping,0.72,false,https://bojangles.com/contact,
71,Sammy Veinger,Bojangles Restaurant,bojangles.com,true,sammy@bojangles.com,pattern-guessing,0.38,false,,
71,Sammy Veinger,Bojangles Restaurant,bojangles.com,true,sammy.veinger@bojangles.com,pattern-guessing,0.38,false,,
71,Sammy Veinger,Bojangles Restaurant,bojangles.com,true,sammyveinger@bojangles.com,pattern-guessing,0.38,false,,
71,Sammy Veinger,Bojangles Restaurant,bojangles.com,true,sammy_veinger@bojangles.com,pattern-guessing,0.38,false,,
71,Sammy Veinger,Bojangles Restaurant,bojangles.com,true,sveinger@bojangles.com,pattern-guessing,0.38,false,,
71,Sammy Veinger,Bojangles Restaurant,bojangles.com,true,s.veinger@bojangles.com,pattern-guessing,0.38,false,,
71,Sammy Veinger,Bojangles Restaurant,bojangles.com,true,sammyv@bojangles.com,pattern-guessing,0.38,false,,
72,Michael Ruelf,Boyd Jewelers,boydjewelers.com,true,michael@boydjewelers.com,pattern-guessing,0.38,false,,
72,Michael Ruelf,Boyd Jewelers,boydjewelers.com,true,michael.ruelf@boydjewelers.com,pattern-guessing,0.38,false,,
72,Michael Ruelf,Boyd Jewelers,boydjewelers.com,true,michaelruelf@boydjewelers.com,pattern-guessing,0.38,false,,
72,Michael Ruelf,Boyd Jewelers,boydjewelers.com,true,michael_ruelf@boydjewelers.com,pattern-guessing,0.38,false,,
72,Michael Ruelf,Boyd Jewelers,boydjewelers.com,true,mruelf@boydjewelers.com,pattern-guessing,0.38,false,,
72,Michael Ruelf,Boyd Jewelers,boydjewelers.com,true,m.ruelf@boydjewelers.com,pattern-guessing,0.38,false,,
72,Michael Ruelf,Boyd Jewelers,boydjewelers.com,true,michaelr@boydjewelers.com,pattern-guessing,0.38,false,,
73,Patrick Eby,Brandz Agency,kantar.be,true,patrick@kantar.be,pattern-guessing,0.38,false,,
73,Patrick Eby,Brandz Agency,kantar.be,true,patrick.eby@kantar.be,pattern-guessing,0.38,false,,
73,Patrick Eby,Brandz Agency,kantar.be,true,patrickeby@kantar.be,pattern-guessing,0.38,false,,
73,Patrick Eby,Brandz Agency,kantar.be,true,patrick_eby@kantar.be,pattern-guessing,0.38,false,,
73,Patrick Eby,Brandz Agency,kantar.be,true,peby@kantar.be,pattern-guessing,0.38,false,,
73,Patrick Eby,Brandz Agency,kantar.be,true,p.eby@kantar.be,pattern-guessing,0.38,false,,
73,Patrick Eby,Brandz Agency,kantar.be,true,patricke@kantar.be,pattern-guessing,0.38,false,,
74,Lauren Margiore,Brooks Orthodontics,brooksrunning.com,true,lauren@brooksrunning.com,pattern-guessing,0.38,false,,
74,Lauren Margiore,Brooks Orthodontics,brooksrunning.com,true,lauren.margiore@brooksrunning.com,pattern-guessing,0.38,false,,
74,Lauren Margiore,Brooks Orthodontics,brooksrunning.com,true,laurenmargiore@brooksrunning.com,pattern-guessing,0.38,false,,
74,Lauren Margiore,Brooks Orthodontics,brooksrunning.com,true,lauren_margiore@brooksrunning.com,pattern-guessing,0.38,false,,
74,Lauren Margiore,Brooks Orthodontics,brooksrunning.com,true,lmargiore@brooksrunning.com,pattern-guessing,0.38,false,,
74,Lauren Margiore,Brooks Orthodontics,brooksrunning.com,true,l.margiore@brooksrunning.com,pattern-guessing,0.38,false,,
74,Lauren Margiore,Brooks Orthodontics,brooksrunning.com,true,laurenm@brooksrunning.com,pattern-guessing,0.38,false,,
75,Michael Brundage,Brothers Colors Painting,brotherscolorspainting.com,true,michael@brotherscolorspainting.com,pattern-guessing,0.38,false,,
75,Michael Brundage,Brothers Colors Painting,brotherscolorspainting.com,true,michael.brundage@brotherscolorspainting.com,pattern-guessing,0.38,false,,
75,Michael Brundage,Brothers Colors Painting,brotherscolorspainting.com,true,michaelbrundage@brotherscolorspainting.com,pattern-guessing,0.38,false,,
75,Michael Brundage,Brothers Colors Painting,brotherscolorspainting.com,true,michael_brundage@brotherscolorspainting.com,pattern-guessing,0.38,false,,
75,Michael Brundage,Brothers Colors Painting,brotherscolorspainting.com,true,mbrundage@brotherscolorspainting.com,pattern-guessing,0.38,false,,
75,Michael Brundage,Brothers Colors Painting,brotherscolorspainting.com,true,m.brundage@brotherscolorspainting.com,pattern-guessing,0.38,false,,
75,Michael Brundage,Brothers Colors Painting,brotherscolorspainting.com,true,michaelb@brotherscolorspainting.com,pattern-guessing,0.38,false,,
76,Abby Fletcher,Browning Moving & Storage,browningmovingandstorage.com,false,abby@browningmovingandstorage.com,pattern-guessing,0.18,false,,
76,Abby Fletcher,Browning Moving & Storage,browningmovingandstorage.com,false,abby.fletcher@browningmovingandstorage.com,pattern-guessing,0.18,false,,
76,Abby Fletcher,Browning Moving & Storage,browningmovingandstorage.com,false,abbyfletcher@browningmovingandstorage.com,pattern-guessing,0.18,false,,
76,Abby Fletcher,Browning Moving & Storage,browningmovingandstorage.com,false,abby_fletcher@browningmovingandstorage.com,pattern-guessing,0.18,false,,
76,Abby Fletcher,Browning Moving & Storage,browningmovingandstorage.com,false,afletcher@browningmovingandstorage.com,pattern-guessing,0.18,false,,
76,Abby Fletcher,Browning Moving & Storage,browningmovingandstorage.com,false,a.fletcher@browningmovingandstorage.com,pattern-guessing,0.18,false,,
76,Abby Fletcher,Browning Moving & Storage,browningmovingandstorage.com,false,abbyf@browningmovingandstorage.com,pattern-guessing,0.18,false,,
77,Jake Loveland,BRUNDAGE BUSINESS CONSULTING LLC,brundage.com,true,jake@brundage.com,pattern-guessing,0.38,false,,
77,Jake Loveland,BRUNDAGE BUSINESS CONSULTING LLC,brundage.com,true,jake.loveland@brundage.com,pattern-guessing,0.38,false,,
77,Jake Loveland,BRUNDAGE BUSINESS CONSULTING LLC,brundage.com,true,jakeloveland@brundage.com,pattern-guessing,0.38,false,,
77,Jake Loveland,BRUNDAGE BUSINESS CONSULTING LLC,brundage.com,true,jake_loveland@brundage.com,pattern-guessing,0.38,false,,
77,Jake Loveland,BRUNDAGE BUSINESS CONSULTING LLC,brundage.com,true,jloveland@brundage.com,pattern-guessing,0.38,false,,
77,Jake Loveland,BRUNDAGE BUSINESS CONSULTING LLC,brundage.com,true,j.loveland@brundage.com,pattern-guessing,0.38,false,,
77,Jake Loveland,BRUNDAGE BUSINESS CONSULTING LLC,brundage.com,true,jakel@brundage.com,pattern-guessing,0.38,false,,
78,Jake Loveland,Bubba's 33,bubba.com,false,jake@bubba.com,pattern-guessing,0.18,false,,
78,Jake Loveland,Bubba's 33,bubba.com,false,jake.loveland@bubba.com,pattern-guessing,0.18,false,,
78,Jake Loveland,Bubba's 33,bubba.com,false,jakeloveland@bubba.com,pattern-guessing,0.18,false,,
78,Jake Loveland,Bubba's 33,bubba.com,false,jake_loveland@bubba.com,pattern-guessing,0.18,false,,
78,Jake Loveland,Bubba's 33,bubba.com,false,jloveland@bubba.com,pattern-guessing,0.18,false,,
78,Jake Loveland,Bubba's 33,bubba.com,false,j.loveland@bubba.com,pattern-guessing,0.18,false,,
78,Jake Loveland,Bubba's 33,bubba.com,false,jakel@bubba.com,pattern-guessing,0.18,false,,
79,Roy Muro,"Bull Moving, LLC - Tampa",bullmoving-tampa.com,false,roy@bullmoving-tampa.com,pattern-guessing,0.18,false,,
79,Roy Muro,"Bull Moving, LLC - Tampa",bullmoving-tampa.com,false,roy.muro@bullmoving-tampa.com,pattern-guessing,0.18,false,,
79,Roy Muro,"Bull Moving, LLC - Tampa",bullmoving-tampa.com,false,roymuro@bullmoving-tampa.com,pattern-guessing,0.18,false,,
79,Roy Muro,"Bull Moving, LLC - Tampa",bullmoving-tampa.com,false,roy_muro@bullmoving-tampa.com,pattern-guessing,0.18,false,,
79,Roy Muro,"Bull Moving, LLC - Tampa",bullmoving-tampa.com,false,rmuro@bullmoving-tampa.com,pattern-guessing,0.18,false,,
79,Roy Muro,"Bull Moving, LLC - Tampa",bullmoving-tampa.com,false,r.muro@bullmoving-tampa.com,pattern-guessing,0.18,false,,
79,Roy Muro,"Bull Moving, LLC - Tampa",bullmoving-tampa.com,false,roym@bullmoving-tampa.com,pattern-guessing,0.18,false,,
80,Chris Kowalik,"Bull Moving, LLC - Wesley Chapel",bullmoving-wesleychapel.com,false,chris@bullmoving-wesleychapel.com,pattern-guessing,0.18,false,,
80,Chris Kowalik,"Bull Moving, LLC - Wesley Chapel",bullmoving-wesleychapel.com,false,chris.kowalik@bullmoving-wesleychapel.com,pattern-guessing,0.18,false,,
80,Chris Kowalik,"Bull Moving, LLC - Wesley Chapel",bullmoving-wesleychapel.com,false,chriskowalik@bullmoving-wesleychapel.com,pattern-guessing,0.18,false,,
80,Chris Kowalik,"Bull Moving, LLC - Wesley Chapel",bullmoving-wesleychapel.com,false,chris_kowalik@bullmoving-wesleychapel.com,pattern-guessing,0.18,false,,
80,Chris Kowalik,"Bull Moving, LLC - Wesley Chapel",bullmoving-wesleychapel.com,false,ckowalik@bullmoving-wesleychapel.com,pattern-guessing,0.18,false,,
80,Chris Kowalik,"Bull Moving, LLC - Wesley Chapel",bullmoving-wesleychapel.com,false,c.kowalik@bullmoving-wesleychapel.com,pattern-guessing,0.18,false,,
80,Chris Kowalik,"Bull Moving, LLC - Wesley Chapel",bullmoving-wesleychapel.com,false,chrisk@bullmoving-wesleychapel.com,pattern-guessing,0.18,false,,
81,Jim Cali,Cadence Bank,cadencebank.com,true,jim@cadencebank.com,pattern-guessing,0.38,false,,
81,Jim Cali,Cadence Bank,cadencebank.com,true,jim.cali@cadencebank.com,pattern-guessing,0.38,false,,
81,Jim Cali,Cadence Bank,cadencebank.com,true,jimcali@cadencebank.com,pattern-guessing,0.38,false,,
81,Jim Cali,Cadence Bank,cadencebank.com,true,jim_cali@cadencebank.com,pattern-guessing,0.38,false,,
81,Jim Cali,Cadence Bank,cadencebank.com,true,jcali@cadencebank.com,pattern-guessing,0.38,false,,
81,Jim Cali,Cadence Bank,cadencebank.com,true,j.cali@cadencebank.com,pattern-guessing,0.38,false,,
81,Jim Cali,Cadence Bank,cadencebank.com,true,jimc@cadencebank.com,pattern-guessing,0.38,false,,
82,Pat Crowley,Cali,cali.org,true,webmaster@cali.org,web-scraping,0.72,false,https://cali.org/staff,
82,Pat Crowley,Cali,cali.org,true,jmayer@cali.org,web-scraping,0.72,false,https://cali.org/staff,
82,Pat Crowley,Cali,cali.org,true,jjoerg@cali.org,web-scraping,0.72,false,https://cali.org/staff,
82,Pat Crowley,Cali,cali.org,true,emasters+web@cali.org,web-scraping,0.72,false,https://cali.org/staff,
82,Pat Crowley,Cali,cali.org,true,ronella@cali.org,web-scraping,0.72,false,https://cali.org/staff,
82,Pat Crowley,Cali,cali.org,true,scott@cali.org,web-scraping,0.72,false,https://cali.org/staff,
82,Pat Crowley,Cali,cali.org,true,jennifer@cali.org,web-scraping,0.72,false,https://cali.org/staff,
82,Pat Crowley,Cali,cali.org,true,tobias@cali.org,web-scraping,0.72,false,https://cali.org/staff,
82,Pat Crowley,Cali,cali.org,true,sam@cali.org,web-scraping,0.72,false,https://cali.org/staff,
82,Pat Crowley,Cali,cali.org,true,hans@cali.org,web-scraping,0.72,false,https://cali.org/staff,
82,Pat Crowley,Cali,cali.org,true,pat@cali.org,pattern-guessing,0.38,false,,
82,Pat Crowley,Cali,cali.org,true,pat.crowley@cali.org,pattern-guessing,0.38,false,,
82,Pat Crowley,Cali,cali.org,true,patcrowley@cali.org,pattern-guessing,0.38,false,,
82,Pat Crowley,Cali,cali.org,true,pat_crowley@cali.org,pattern-guessing,0.38,false,,
82,Pat Crowley,Cali,cali.org,true,pcrowley@cali.org,pattern-guessing,0.38,false,,
82,Pat Crowley,Cali,cali.org,true,p.crowley@cali.org,pattern-guessing,0.38,false,,
82,Pat Crowley,Cali,cali.org,true,patc@cali.org,pattern-guessing,0.38,false,,
83,Shain Collins,Cali Bookkeeping Solutions-LLC,cali.org,true,webmaster@cali.org,web-scraping,0.72,false,https://cali.org/staff,
83,Shain Collins,Cali Bookkeeping Solutions-LLC,cali.org,true,jmayer@cali.org,web-scraping,0.72,false,https://cali.org/staff,
83,Shain Collins,Cali Bookkeeping Solutions-LLC,cali.org,true,jjoerg@cali.org,web-scraping,0.72,false,https://cali.org/staff,
83,Shain Collins,Cali Bookkeeping Solutions-LLC,cali.org,true,emasters+web@cali.org,web-scraping,0.72,false,https://cali.org/staff,
83,Shain Collins,Cali Bookkeeping Solutions-LLC,cali.org,true,ronella@cali.org,web-scraping,0.72,false,https://cali.org/staff,
83,Shain Collins,Cali Bookkeeping Solutions-LLC,cali.org,true,scott@cali.org,web-scraping,0.72,false,https://cali.org/staff,
83,Shain Collins,Cali Bookkeeping Solutions-LLC,cali.org,true,jennifer@cali.org,web-scraping,0.72,false,https://cali.org/staff,
83,Shain Collins,Cali Bookkeeping Solutions-LLC,cali.org,true,tobias@cali.org,web-scraping,0.72,false,https://cali.org/staff,
83,Shain Collins,Cali Bookkeeping Solutions-LLC,cali.org,true,sam@cali.org,web-scraping,0.72,false,https://cali.org/staff,
83,Shain Collins,Cali Bookkeeping Solutions-LLC,cali.org,true,hans@cali.org,web-scraping,0.72,false,https://cali.org/staff,
83,Shain Collins,Cali Bookkeeping Solutions-LLC,cali.org,true,shain@cali.org,pattern-guessing,0.38,false,,
83,Shain Collins,Cali Bookkeeping Solutions-LLC,cali.org,true,shain.collins@cali.org,pattern-guessing,0.38,false,,
83,Shain Collins,Cali Bookkeeping Solutions-LLC,cali.org,true,shaincollins@cali.org,pattern-guessing,0.38,false,,
83,Shain Collins,Cali Bookkeeping Solutions-LLC,cali.org,true,shain_collins@cali.org,pattern-guessing,0.38,false,,
83,Shain Collins,Cali Bookkeeping Solutions-LLC,cali.org,true,scollins@cali.org,pattern-guessing,0.38,false,,
83,Shain Collins,Cali Bookkeeping Solutions-LLC,cali.org,true,s.collins@cali.org,pattern-guessing,0.38,false,,
83,Shain Collins,Cali Bookkeeping Solutions-LLC,cali.org,true,shainc@cali.org,pattern-guessing,0.38,false,,
84,Mr. Jean Carlo Peñaloza,Campbell & Company Wealth Advisors and Certified Public Accounts,campbells.com,true,mr@campbells.com,pattern-guessing,0.38,false,,
84,Mr. Jean Carlo Peñaloza,Campbell & Company Wealth Advisors and Certified Public Accounts,campbells.com,true,mr.penaloza@campbells.com,pattern-guessing,0.38,false,,
84,Mr. Jean Carlo Peñaloza,Campbell & Company Wealth Advisors and Certified Public Accounts,campbells.com,true,mrpenaloza@campbells.com,pattern-guessing,0.38,false,,
84,Mr. Jean Carlo Peñaloza,Campbell & Company Wealth Advisors and Certified Public Accounts,campbells.com,true,mr_penaloza@campbells.com,pattern-guessing,0.38,false,,
84,Mr. Jean Carlo Peñaloza,Campbell & Company Wealth Advisors and Certified Public Accounts,campbells.com,true,mpenaloza@campbells.com,pattern-guessing,0.38,false,,
84,Mr. Jean Carlo Peñaloza,Campbell & Company Wealth Advisors and Certified Public Accounts,campbells.com,true,m.penaloza@campbells.com,pattern-guessing,0.38,false,,
84,Mr. Jean Carlo Peñaloza,Campbell & Company Wealth Advisors and Certified Public Accounts,campbells.com,true,mrp@campbells.com,pattern-guessing,0.38,false,,
85,Maisie Stradley,Capital Analytics Associates,capitalone.com,true,maisie@capitalone.com,pattern-guessing,0.38,false,,
85,Maisie Stradley,Capital Analytics Associates,capitalone.com,true,maisie.stradley@capitalone.com,pattern-guessing,0.38,false,,
85,Maisie Stradley,Capital Analytics Associates,capitalone.com,true,maisiestradley@capitalone.com,pattern-guessing,0.38,false,,
85,Maisie Stradley,Capital Analytics Associates,capitalone.com,true,maisie_stradley@capitalone.com,pattern-guessing,0.38,false,,
85,Maisie Stradley,Capital Analytics Associates,capitalone.com,true,mstradley@capitalone.com,pattern-guessing,0.38,false,,
85,Maisie Stradley,Capital Analytics Associates,capitalone.com,true,m.stradley@capitalone.com,pattern-guessing,0.38,false,,
85,Maisie Stradley,Capital Analytics Associates,capitalone.com,true,maisies@capitalone.com,pattern-guessing,0.38,false,,
86,Cassandra Garvey,Captured Now Photography,capturednowphotography.com,false,cassandra@capturednowphotography.com,pattern-guessing,0.18,false,,
86,Cassandra Garvey,Captured Now Photography,capturednowphotography.com,false,cassandra.garvey@capturednowphotography.com,pattern-guessing,0.18,false,,
86,Cassandra Garvey,Captured Now Photography,capturednowphotography.com,false,cassandragarvey@capturednowphotography.com,pattern-guessing,0.18,false,,
86,Cassandra Garvey,Captured Now Photography,capturednowphotography.com,false,cassandra_garvey@capturednowphotography.com,pattern-guessing,0.18,false,,
86,Cassandra Garvey,Captured Now Photography,capturednowphotography.com,false,cgarvey@capturednowphotography.com,pattern-guessing,0.18,false,,
86,Cassandra Garvey,Captured Now Photography,capturednowphotography.com,false,c.garvey@capturednowphotography.com,pattern-guessing,0.18,false,,
86,Cassandra Garvey,Captured Now Photography,capturednowphotography.com,false,cassandrag@capturednowphotography.com,pattern-guessing,0.18,false,,
87,Kenneth Russ,Cardinale Financial Group,cardinale.com,true,media@cardinale.com,web-scraping,0.72,false,https://cardinale.com/contact-us,
87,Kenneth Russ,Cardinale Financial Group,cardinale.com,true,trade@cardinale.com,web-scraping,0.72,false,https://cardinale.com/contact-us,
87,Kenneth Russ,Cardinale Financial Group,cardinale.com,true,info@cardinale.com,web-scraping,0.54,false,https://cardinale.com/contact-us,
87,Kenneth Russ,Cardinale Financial Group,cardinale.com,true,kenneth@cardinale.com,pattern-guessing,0.38,false,,
87,Kenneth Russ,Cardinale Financial Group,cardinale.com,true,kenneth.russ@cardinale.com,pattern-guessing,0.38,false,,
87,Kenneth Russ,Cardinale Financial Group,cardinale.com,true,kennethruss@cardinale.com,pattern-guessing,0.38,false,,
87,Kenneth Russ,Cardinale Financial Group,cardinale.com,true,kenneth_russ@cardinale.com,pattern-guessing,0.38,false,,
87,Kenneth Russ,Cardinale Financial Group,cardinale.com,true,kruss@cardinale.com,pattern-guessing,0.38,false,,
87,Kenneth Russ,Cardinale Financial Group,cardinale.com,true,k.russ@cardinale.com,pattern-guessing,0.38,false,,
87,Kenneth Russ,Cardinale Financial Group,cardinale.com,true,kennethr@cardinale.com,pattern-guessing,0.38,false,,
88,Paul Yang,Career Focus Inc,indeed.com,true,paul@indeed.com,pattern-guessing,0.38,false,,
88,Paul Yang,Career Focus Inc,indeed.com,true,paul.yang@indeed.com,pattern-guessing,0.38,false,,
88,Paul Yang,Career Focus Inc,indeed.com,true,paulyang@indeed.com,pattern-guessing,0.38,false,,
88,Paul Yang,Career Focus Inc,indeed.com,true,paul_yang@indeed.com,pattern-guessing,0.38,false,,
88,Paul Yang,Career Focus Inc,indeed.com,true,pyang@indeed.com,pattern-guessing,0.38,false,,
88,Paul Yang,Career Focus Inc,indeed.com,true,p.yang@indeed.com,pattern-guessing,0.38,false,,
88,Paul Yang,Career Focus Inc,indeed.com,true,pauly@indeed.com,pattern-guessing,0.38,false,,
89,Ralph b Marra,Career Source Pasco Hernando,indeed.com,true,ralph@indeed.com,pattern-guessing,0.38,false,,
89,Ralph b Marra,Career Source Pasco Hernando,indeed.com,true,ralph.marra@indeed.com,pattern-guessing,0.38,false,,
89,Ralph b Marra,Career Source Pasco Hernando,indeed.com,true,ralphmarra@indeed.com,pattern-guessing,0.38,false,,
89,Ralph b Marra,Career Source Pasco Hernando,indeed.com,true,ralph_marra@indeed.com,pattern-guessing,0.38,false,,
89,Ralph b Marra,Career Source Pasco Hernando,indeed.com,true,rmarra@indeed.com,pattern-guessing,0.38,false,,
89,Ralph b Marra,Career Source Pasco Hernando,indeed.com,true,r.marra@indeed.com,pattern-guessing,0.38,false,,
89,Ralph b Marra,Career Source Pasco Hernando,indeed.com,true,ralphm@indeed.com,pattern-guessing,0.38,false,,
90,Patty Vesh,Caring Transitions of New Tampa,caringtransitionsofnewtampa.com,false,patty@caringtransitionsofnewtampa.com,pattern-guessing,0.18,false,,
90,Patty Vesh,Caring Transitions of New Tampa,caringtransitionsofnewtampa.com,false,patty.vesh@caringtransitionsofnewtampa.com,pattern-guessing,0.18,false,,
90,Patty Vesh,Caring Transitions of New Tampa,caringtransitionsofnewtampa.com,false,pattyvesh@caringtransitionsofnewtampa.com,pattern-guessing,0.18,false,,
90,Patty Vesh,Caring Transitions of New Tampa,caringtransitionsofnewtampa.com,false,patty_vesh@caringtransitionsofnewtampa.com,pattern-guessing,0.18,false,,
90,Patty Vesh,Caring Transitions of New Tampa,caringtransitionsofnewtampa.com,false,pvesh@caringtransitionsofnewtampa.com,pattern-guessing,0.18,false,,
90,Patty Vesh,Caring Transitions of New Tampa,caringtransitionsofnewtampa.com,false,p.vesh@caringtransitionsofnewtampa.com,pattern-guessing,0.18,false,,
90,Patty Vesh,Caring Transitions of New Tampa,caringtransitionsofnewtampa.com,false,pattyv@caringtransitionsofnewtampa.com,pattern-guessing,0.18,false,,
91,Rudis Gutierrez,Carter Ridge Strategic Advisors,carterridgestrategicadvisors.com,false,rudis@carterridgestrategicadvisors.com,pattern-guessing,0.18,false,,
91,Rudis Gutierrez,Carter Ridge Strategic Advisors,carterridgestrategicadvisors.com,false,rudis.gutierrez@carterridgestrategicadvisors.com,pattern-guessing,0.18,false,,
91,Rudis Gutierrez,Carter Ridge Strategic Advisors,carterridgestrategicadvisors.com,false,rudisgutierrez@carterridgestrategicadvisors.com,pattern-guessing,0.18,false,,
91,Rudis Gutierrez,Carter Ridge Strategic Advisors,carterridgestrategicadvisors.com,false,rudis_gutierrez@carterridgestrategicadvisors.com,pattern-guessing,0.18,false,,
91,Rudis Gutierrez,Carter Ridge Strategic Advisors,carterridgestrategicadvisors.com,false,rgutierrez@carterridgestrategicadvisors.com,pattern-guessing,0.18,false,,
91,Rudis Gutierrez,Carter Ridge Strategic Advisors,carterridgestrategicadvisors.com,false,r.gutierrez@carterridgestrategicadvisors.com,pattern-guessing,0.18,false,,
91,Rudis Gutierrez,Carter Ridge Strategic Advisors,carterridgestrategicadvisors.com,false,rudisg@carterridgestrategicadvisors.com,pattern-guessing,0.18,false,,
92,John Thompson,Catered By Vesh,cateredbyvesh.com,true,chefvesh@cateredbyvesh.com,web-scraping,0.72,false,https://cateredbyvesh.com/,
92,John Thompson,Catered By Vesh,cateredbyvesh.com,true,john@cateredbyvesh.com,pattern-guessing,0.38,false,,
92,John Thompson,Catered By Vesh,cateredbyvesh.com,true,john.thompson@cateredbyvesh.com,pattern-guessing,0.38,false,,
92,John Thompson,Catered By Vesh,cateredbyvesh.com,true,johnthompson@cateredbyvesh.com,pattern-guessing,0.38,false,,
92,John Thompson,Catered By Vesh,cateredbyvesh.com,true,john_thompson@cateredbyvesh.com,pattern-guessing,0.38,false,,
92,John Thompson,Catered By Vesh,cateredbyvesh.com,true,jthompson@cateredbyvesh.com,pattern-guessing,0.38,false,,
92,John Thompson,Catered By Vesh,cateredbyvesh.com,true,j.thompson@cateredbyvesh.com,pattern-guessing,0.38,false,,
92,John Thompson,Catered By Vesh,cateredbyvesh.com,true,johnt@cateredbyvesh.com,pattern-guessing,0.38,false,,
93,Molly Nye,CDS Resources,cdsresources.com,true,molly@cdsresources.com,pattern-guessing,0.38,false,,
93,Molly Nye,CDS Resources,cdsresources.com,true,molly.nye@cdsresources.com,pattern-guessing,0.38,false,,
93,Molly Nye,CDS Resources,cdsresources.com,true,mollynye@cdsresources.com,pattern-guessing,0.38,false,,
93,Molly Nye,CDS Resources,cdsresources.com,true,molly_nye@cdsresources.com,pattern-guessing,0.38,false,,
93,Molly Nye,CDS Resources,cdsresources.com,true,mnye@cdsresources.com,pattern-guessing,0.38,false,,
93,Molly Nye,CDS Resources,cdsresources.com,true,m.nye@cdsresources.com,pattern-guessing,0.38,false,,
93,Molly Nye,CDS Resources,cdsresources.com,true,mollyn@cdsresources.com,pattern-guessing,0.38,false,,
94,John Hensley,Central Bank,centralbank.com,true,fisu@centralbank.com,web-scraping,0.72,false,https://centralbank.com/contact,
94,John Hensley,Central Bank,centralbank.com,true,info@centralbank.com,web-scraping,0.54,false,https://centralbank.com/contact,
94,John Hensley,Central Bank,centralbank.com,true,john@centralbank.com,pattern-guessing,0.38,false,,
94,John Hensley,Central Bank,centralbank.com,true,john.hensley@centralbank.com,pattern-guessing,0.38,false,,
94,John Hensley,Central Bank,centralbank.com,true,johnhensley@centralbank.com,pattern-guessing,0.38,false,,
94,John Hensley,Central Bank,centralbank.com,true,john_hensley@centralbank.com,pattern-guessing,0.38,false,,
94,John Hensley,Central Bank,centralbank.com,true,jhensley@centralbank.com,pattern-guessing,0.38,false,,
94,John Hensley,Central Bank,centralbank.com,true,j.hensley@centralbank.com,pattern-guessing,0.38,false,,
94,John Hensley,Central Bank,centralbank.com,true,johnh@centralbank.com,pattern-guessing,0.38,false,,
95,William Scheu,"CENTURY 21 Bill Nye Realty, Inc.",century.tech,true,william@century.tech,pattern-guessing,0.38,false,,
95,William Scheu,"CENTURY 21 Bill Nye Realty, Inc.",century.tech,true,william.scheu@century.tech,pattern-guessing,0.38,false,,
95,William Scheu,"CENTURY 21 Bill Nye Realty, Inc.",century.tech,true,williamscheu@century.tech,pattern-guessing,0.38,false,,
95,William Scheu,"CENTURY 21 Bill Nye Realty, Inc.",century.tech,true,william_scheu@century.tech,pattern-guessing,0.38,false,,
95,William Scheu,"CENTURY 21 Bill Nye Realty, Inc.",century.tech,true,wscheu@century.tech,pattern-guessing,0.38,false,,
95,William Scheu,"CENTURY 21 Bill Nye Realty, Inc.",century.tech,true,w.scheu@century.tech,pattern-guessing,0.38,false,,
95,William Scheu,"CENTURY 21 Bill Nye Realty, Inc.",century.tech,true,williams@century.tech,pattern-guessing,0.38,false,,
96,Brian Davis,"Chamber Concierge, LLC",join.greaterbaltimorechamber.org,false,brian@join.greaterbaltimorechamber.org,pattern-guessing,0.18,false,,
96,Brian Davis,"Chamber Concierge, LLC",join.greaterbaltimorechamber.org,false,brian.davis@join.greaterbaltimorechamber.org,pattern-guessing,0.18,false,,
96,Brian Davis,"Chamber Concierge, LLC",join.greaterbaltimorechamber.org,false,briandavis@join.greaterbaltimorechamber.org,pattern-guessing,0.18,false,,
96,Brian Davis,"Chamber Concierge, LLC",join.greaterbaltimorechamber.org,false,brian_davis@join.greaterbaltimorechamber.org,pattern-guessing,0.18,false,,
96,Brian Davis,"Chamber Concierge, LLC",join.greaterbaltimorechamber.org,false,bdavis@join.greaterbaltimorechamber.org,pattern-guessing,0.18,false,,
96,Brian Davis,"Chamber Concierge, LLC",join.greaterbaltimorechamber.org,false,b.davis@join.greaterbaltimorechamber.org,pattern-guessing,0.18,false,,
96,Brian Davis,"Chamber Concierge, LLC",join.greaterbaltimorechamber.org,false,briand@join.greaterbaltimorechamber.org,pattern-guessing,0.18,false,,
97,Brian Davis,Champion Wellness Wesley Chapel,champion.com,true,brian@champion.com,pattern-guessing,0.38,false,,
97,Brian Davis,Champion Wellness Wesley Chapel,champion.com,true,brian.davis@champion.com,pattern-guessing,0.38,false,,
97,Brian Davis,Champion Wellness Wesley Chapel,champion.com,true,briandavis@champion.com,pattern-guessing,0.38,false,,
97,Brian Davis,Champion Wellness Wesley Chapel,champion.com,true,brian_davis@champion.com,pattern-guessing,0.38,false,,
97,Brian Davis,Champion Wellness Wesley Chapel,champion.com,true,bdavis@champion.com,pattern-guessing,0.38,false,,
97,Brian Davis,Champion Wellness Wesley Chapel,champion.com,true,b.davis@champion.com,pattern-guessing,0.38,false,,
97,Brian Davis,Champion Wellness Wesley Chapel,champion.com,true,briand@champion.com,pattern-guessing,0.38,false,,
98,Alissa Amidon,CHASE Branch - Tampa Palms,chasebranch-tampapalms.com,false,alissa@chasebranch-tampapalms.com,pattern-guessing,0.18,false,,
98,Alissa Amidon,CHASE Branch - Tampa Palms,chasebranch-tampapalms.com,false,alissa.amidon@chasebranch-tampapalms.com,pattern-guessing,0.18,false,,
98,Alissa Amidon,CHASE Branch - Tampa Palms,chasebranch-tampapalms.com,false,alissaamidon@chasebranch-tampapalms.com,pattern-guessing,0.18,false,,
98,Alissa Amidon,CHASE Branch - Tampa Palms,chasebranch-tampapalms.com,false,alissa_amidon@chasebranch-tampapalms.com,pattern-guessing,0.18,false,,
98,Alissa Amidon,CHASE Branch - Tampa Palms,chasebranch-tampapalms.com,false,aamidon@chasebranch-tampapalms.com,pattern-guessing,0.18,false,,
98,Alissa Amidon,CHASE Branch - Tampa Palms,chasebranch-tampapalms.com,false,a.amidon@chasebranch-tampapalms.com,pattern-guessing,0.18,false,,
98,Alissa Amidon,CHASE Branch - Tampa Palms,chasebranch-tampapalms.com,false,alissaa@chasebranch-tampapalms.com,pattern-guessing,0.18,false,,
99,Patricia Homol,CHASE Business Banking - Epperson,chasebusinessbanking-epperson.com,false,patricia@chasebusinessbanking-epperson.com,pattern-guessing,0.18,false,,
99,Patricia Homol,CHASE Business Banking - Epperson,chasebusinessbanking-epperson.com,false,patricia.homol@chasebusinessbanking-epperson.com,pattern-guessing,0.18,false,,
99,Patricia Homol,CHASE Business Banking - Epperson,chasebusinessbanking-epperson.com,false,patriciahomol@chasebusinessbanking-epperson.com,pattern-guessing,0.18,false,,
99,Patricia Homol,CHASE Business Banking - Epperson,chasebusinessbanking-epperson.com,false,patricia_homol@chasebusinessbanking-epperson.com,pattern-guessing,0.18,false,,
99,Patricia Homol,CHASE Business Banking - Epperson,chasebusinessbanking-epperson.com,false,phomol@chasebusinessbanking-epperson.com,pattern-guessing,0.18,false,,
99,Patricia Homol,CHASE Business Banking - Epperson,chasebusinessbanking-epperson.com,false,p.homol@chasebusinessbanking-epperson.com,pattern-guessing,0.18,false,,
99,Patricia Homol,CHASE Business Banking - Epperson,chasebusinessbanking-epperson.com,false,patriciah@chasebusinessbanking-epperson.com,pattern-guessing,0.18,false,,
100,Brad Cochran,Chase Roofing and Contracting,chaseroofingandcontracting.com,false,brad@chaseroofingandcontracting.com,pattern-guessing,0.18,false,,
100,Brad Cochran,Chase Roofing and Contracting,chaseroofingandcontracting.com,false,brad.cochran@chaseroofingandcontracting.com,pattern-guessing,0.18,false,,
100,Brad Cochran,Chase Roofing and Contracting,chaseroofingandcontracting.com,false,bradcochran@chaseroofingandcontracting.com,pattern-guessing,0.18,false,,
100,Brad Cochran,Chase Roofing and Contracting,chaseroofingandcontracting.com,false,brad_cochran@chaseroofingandcontracting.com,pattern-guessing,0.18,false,,
100,Brad Cochran,Chase Roofing and Contracting,chaseroofingandcontracting.com,false,bcochran@chaseroofingandcontracting.com,pattern-guessing,0.18,false,,
100,Brad Cochran,Chase Roofing and Contracting,chaseroofingandcontracting.com,false,b.cochran@chaseroofingandcontracting.com,pattern-guessing,0.18,false,,
100,Brad Cochran,Chase Roofing and Contracting,chaseroofingandcontracting.com,false,bradc@chaseroofingandcontracting.com,pattern-guessing,0.18,false,,
101,MD Sabbir Hossain,Chick-fil-A Wesley Chapel,chick-fil-a.com,true,md@chick-fil-a.com,pattern-guessing,0.38,false,,
101,MD Sabbir Hossain,Chick-fil-A Wesley Chapel,chick-fil-a.com,true,md.hossain@chick-fil-a.com,pattern-guessing,0.38,false,,
101,MD Sabbir Hossain,Chick-fil-A Wesley Chapel,chick-fil-a.com,true,mdhossain@chick-fil-a.com,pattern-guessing,0.38,false,,
101,MD Sabbir Hossain,Chick-fil-A Wesley Chapel,chick-fil-a.com,true,md_hossain@chick-fil-a.com,pattern-guessing,0.38,false,,
101,MD Sabbir Hossain,Chick-fil-A Wesley Chapel,chick-fil-a.com,true,mhossain@chick-fil-a.com,pattern-guessing,0.38,false,,
101,MD Sabbir Hossain,Chick-fil-A Wesley Chapel,chick-fil-a.com,true,m.hossain@chick-fil-a.com,pattern-guessing,0.38,false,,
101,MD Sabbir Hossain,Chick-fil-A Wesley Chapel,chick-fil-a.com,true,mdh@chick-fil-a.com,pattern-guessing,0.38,false,,
102,Larry Giannone,Chicken Salad Chick,backyardchickens.com,true,larry@backyardchickens.com,pattern-guessing,0.38,false,,
102,Larry Giannone,Chicken Salad Chick,backyardchickens.com,true,larry.giannone@backyardchickens.com,pattern-guessing,0.38,false,,
102,Larry Giannone,Chicken Salad Chick,backyardchickens.com,true,larrygiannone@backyardchickens.com,pattern-guessing,0.38,false,,
102,Larry Giannone,Chicken Salad Chick,backyardchickens.com,true,larry_giannone@backyardchickens.com,pattern-guessing,0.38,false,,
102,Larry Giannone,Chicken Salad Chick,backyardchickens.com,true,lgiannone@backyardchickens.com,pattern-guessing,0.38,false,,
102,Larry Giannone,Chicken Salad Chick,backyardchickens.com,true,l.giannone@backyardchickens.com,pattern-guessing,0.38,false,,
102,Larry Giannone,Chicken Salad Chick,backyardchickens.com,true,larryg@backyardchickens.com,pattern-guessing,0.38,false,,
103,John Murphy,Children's Board Family Resource Center in North Tampa,childrensboardfamilyresourcecenterinnorthtampa.com,false,john@childrensboardfamilyresourcecenterinnorthtampa.com,pattern-guessing,0.18,false,,
103,John Murphy,Children's Board Family Resource Center in North Tampa,childrensboardfamilyresourcecenterinnorthtampa.com,false,john.murphy@childrensboardfamilyresourcecenterinnorthtampa.com,pattern-guessing,0.18,false,,
103,John Murphy,Children's Board Family Resource Center in North Tampa,childrensboardfamilyresourcecenterinnorthtampa.com,false,johnmurphy@childrensboardfamilyresourcecenterinnorthtampa.com,pattern-guessing,0.18,false,,
103,John Murphy,Children's Board Family Resource Center in North Tampa,childrensboardfamilyresourcecenterinnorthtampa.com,false,john_murphy@childrensboardfamilyresourcecenterinnorthtampa.com,pattern-guessing,0.18,false,,
103,John Murphy,Children's Board Family Resource Center in North Tampa,childrensboardfamilyresourcecenterinnorthtampa.com,false,jmurphy@childrensboardfamilyresourcecenterinnorthtampa.com,pattern-guessing,0.18,false,,
103,John Murphy,Children's Board Family Resource Center in North Tampa,childrensboardfamilyresourcecenterinnorthtampa.com,false,j.murphy@childrensboardfamilyresourcecenterinnorthtampa.com,pattern-guessing,0.18,false,,
103,John Murphy,Children's Board Family Resource Center in North Tampa,childrensboardfamilyresourcecenterinnorthtampa.com,false,johnm@childrensboardfamilyresourcecenterinnorthtampa.com,pattern-guessing,0.18,false,,
104,Ciara Babies,Christian Brothers Automotive,christianforums.com,true,ciara@christianforums.com,pattern-guessing,0.38,false,,
104,Ciara Babies,Christian Brothers Automotive,christianforums.com,true,ciara.babies@christianforums.com,pattern-guessing,0.38,false,,
104,Ciara Babies,Christian Brothers Automotive,christianforums.com,true,ciarababies@christianforums.com,pattern-guessing,0.38,false,,
104,Ciara Babies,Christian Brothers Automotive,christianforums.com,true,ciara_babies@christianforums.com,pattern-guessing,0.38,false,,
104,Ciara Babies,Christian Brothers Automotive,christianforums.com,true,cbabies@christianforums.com,pattern-guessing,0.38,false,,
104,Ciara Babies,Christian Brothers Automotive,christianforums.com,true,c.babies@christianforums.com,pattern-guessing,0.38,false,,
104,Ciara Babies,Christian Brothers Automotive,christianforums.com,true,ciarab@christianforums.com,pattern-guessing,0.38,false,,
105,Will Atkins,Christian Brothers Automotive - New Tampa,christianforums.com,true,will@christianforums.com,pattern-guessing,0.38,false,,
105,Will Atkins,Christian Brothers Automotive - New Tampa,christianforums.com,true,will.atkins@christianforums.com,pattern-guessing,0.38,false,,
105,Will Atkins,Christian Brothers Automotive - New Tampa,christianforums.com,true,willatkins@christianforums.com,pattern-guessing,0.38,false,,
105,Will Atkins,Christian Brothers Automotive - New Tampa,christianforums.com,true,will_atkins@christianforums.com,pattern-guessing,0.38,false,,
105,Will Atkins,Christian Brothers Automotive - New Tampa,christianforums.com,true,watkins@christianforums.com,pattern-guessing,0.38,false,,
105,Will Atkins,Christian Brothers Automotive - New Tampa,christianforums.com,true,w.atkins@christianforums.com,pattern-guessing,0.38,false,,
105,Will Atkins,Christian Brothers Automotive - New Tampa,christianforums.com,true,willa@christianforums.com,pattern-guessing,0.38,false,,
106,Justin Keeney,Ciara Babies Real Estate,ciarababiesrealestate.com,false,justin@ciarababiesrealestate.com,pattern-guessing,0.18,false,,
106,Justin Keeney,Ciara Babies Real Estate,ciarababiesrealestate.com,false,justin.keeney@ciarababiesrealestate.com,pattern-guessing,0.18,false,,
106,Justin Keeney,Ciara Babies Real Estate,ciarababiesrealestate.com,false,justinkeeney@ciarababiesrealestate.com,pattern-guessing,0.18,false,,
106,Justin Keeney,Ciara Babies Real Estate,ciarababiesrealestate.com,false,justin_keeney@ciarababiesrealestate.com,pattern-guessing,0.18,false,,
106,Justin Keeney,Ciara Babies Real Estate,ciarababiesrealestate.com,false,jkeeney@ciarababiesrealestate.com,pattern-guessing,0.18,false,,
106,Justin Keeney,Ciara Babies Real Estate,ciarababiesrealestate.com,false,j.keeney@ciarababiesrealestate.com,pattern-guessing,0.18,false,,
106,Justin Keeney,Ciara Babies Real Estate,ciarababiesrealestate.com,false,justink@ciarababiesrealestate.com,pattern-guessing,0.18,false,,
107,Stephanie Helander,Cinn-Credible Cinnamon Packets,cir.nii.ac.jp,false,stephanie@cir.nii.ac.jp,pattern-guessing,0.18,false,,
107,Stephanie Helander,Cinn-Credible Cinnamon Packets,cir.nii.ac.jp,false,stephanie.helander@cir.nii.ac.jp,pattern-guessing,0.18,false,,
107,Stephanie Helander,Cinn-Credible Cinnamon Packets,cir.nii.ac.jp,false,stephaniehelander@cir.nii.ac.jp,pattern-guessing,0.18,false,,
107,Stephanie Helander,Cinn-Credible Cinnamon Packets,cir.nii.ac.jp,false,stephanie_helander@cir.nii.ac.jp,pattern-guessing,0.18,false,,
107,Stephanie Helander,Cinn-Credible Cinnamon Packets,cir.nii.ac.jp,false,shelander@cir.nii.ac.jp,pattern-guessing,0.18,false,,
107,Stephanie Helander,Cinn-Credible Cinnamon Packets,cir.nii.ac.jp,false,s.helander@cir.nii.ac.jp,pattern-guessing,0.18,false,,
107,Stephanie Helander,Cinn-Credible Cinnamon Packets,cir.nii.ac.jp,false,stephanieh@cir.nii.ac.jp,pattern-guessing,0.18,false,,
108,Matthew Ventrice,Citizens Bank,citizensbank.com,true,matthew@citizensbank.com,pattern-guessing,0.38,false,,
108,Matthew Ventrice,Citizens Bank,citizensbank.com,true,matthew.ventrice@citizensbank.com,pattern-guessing,0.38,false,,
108,Matthew Ventrice,Citizens Bank,citizensbank.com,true,matthewventrice@citizensbank.com,pattern-guessing,0.38,false,,
108,Matthew Ventrice,Citizens Bank,citizensbank.com,true,matthew_ventrice@citizensbank.com,pattern-guessing,0.38,false,,
108,Matthew Ventrice,Citizens Bank,citizensbank.com,true,mventrice@citizensbank.com,pattern-guessing,0.38,false,,
108,Matthew Ventrice,Citizens Bank,citizensbank.com,true,m.ventrice@citizensbank.com,pattern-guessing,0.38,false,,
108,Matthew Ventrice,Citizens Bank,citizensbank.com,true,matthewv@citizensbank.com,pattern-guessing,0.38,false,,
109,Beata Kaczkowska,Clean Freak,cleanfreak.com,true,beata@cleanfreak.com,pattern-guessing,0.38,false,,
109,Beata Kaczkowska,Clean Freak,cleanfreak.com,true,beata.kaczkowska@cleanfreak.com,pattern-guessing,0.38,false,,
109,Beata Kaczkowska,Clean Freak,cleanfreak.com,true,beatakaczkowska@cleanfreak.com,pattern-guessing,0.38,false,,
109,Beata Kaczkowska,Clean Freak,cleanfreak.com,true,beata_kaczkowska@cleanfreak.com,pattern-guessing,0.38,false,,
109,Beata Kaczkowska,Clean Freak,cleanfreak.com,true,bkaczkowska@cleanfreak.com,pattern-guessing,0.38,false,,
109,Beata Kaczkowska,Clean Freak,cleanfreak.com,true,b.kaczkowska@cleanfreak.com,pattern-guessing,0.38,false,,
109,Beata Kaczkowska,Clean Freak,cleanfreak.com,true,beatak@cleanfreak.com,pattern-guessing,0.38,false,,
110,Chuck Tiernan,Colina Ranch Hill,colina.com,true,mortgage@colina.com,web-scraping,0.72,false,https://colina.com/,
110,Chuck Tiernan,Colina Ranch Hill,colina.com,true,customercare@colina.com,web-scraping,0.72,false,https://colina.com/contact,
110,Chuck Tiernan,Colina Ranch Hill,colina.com,true,info@colina.com,web-scraping,0.54,false,https://colina.com/,
110,Chuck Tiernan,Colina Ranch Hill,colina.com,true,chuck@colina.com,pattern-guessing,0.38,false,,
110,Chuck Tiernan,Colina Ranch Hill,colina.com,true,chuck.tiernan@colina.com,pattern-guessing,0.38,false,,
110,Chuck Tiernan,Colina Ranch Hill,colina.com,true,chucktiernan@colina.com,pattern-guessing,0.38,false,,
110,Chuck Tiernan,Colina Ranch Hill,colina.com,true,chuck_tiernan@colina.com,pattern-guessing,0.38,false,,
110,Chuck Tiernan,Colina Ranch Hill,colina.com,true,ctiernan@colina.com,pattern-guessing,0.38,false,,
110,Chuck Tiernan,Colina Ranch Hill,colina.com,true,c.tiernan@colina.com,pattern-guessing,0.38,false,,
110,Chuck Tiernan,Colina Ranch Hill,colina.com,true,chuckt@colina.com,pattern-guessing,0.38,false,,
111,Thomas Giella,"Communication by Beata, LLC",thoughtco.com,true,thomas@thoughtco.com,pattern-guessing,0.38,false,,
111,Thomas Giella,"Communication by Beata, LLC",thoughtco.com,true,thomas.giella@thoughtco.com,pattern-guessing,0.38,false,,
111,Thomas Giella,"Communication by Beata, LLC",thoughtco.com,true,thomasgiella@thoughtco.com,pattern-guessing,0.38,false,,
111,Thomas Giella,"Communication by Beata, LLC",thoughtco.com,true,thomas_giella@thoughtco.com,pattern-guessing,0.38,false,,
111,Thomas Giella,"Communication by Beata, LLC",thoughtco.com,true,tgiella@thoughtco.com,pattern-guessing,0.38,false,,
111,Thomas Giella,"Communication by Beata, LLC",thoughtco.com,true,t.giella@thoughtco.com,pattern-guessing,0.38,false,,
111,Thomas Giella,"Communication by Beata, LLC",thoughtco.com,true,thomasg@thoughtco.com,pattern-guessing,0.38,false,,
112,Dr. Bryan Raymond,Community Foundation Tampa Bay,reddit.com,true,dr@reddit.com,pattern-guessing,0.38,false,,
112,Dr. Bryan Raymond,Community Foundation Tampa Bay,reddit.com,true,dr.raymond@reddit.com,pattern-guessing,0.38,false,,
112,Dr. Bryan Raymond,Community Foundation Tampa Bay,reddit.com,true,drraymond@reddit.com,pattern-guessing,0.38,false,,
112,Dr. Bryan Raymond,Community Foundation Tampa Bay,reddit.com,true,dr_raymond@reddit.com,pattern-guessing,0.38,false,,
112,Dr. Bryan Raymond,Community Foundation Tampa Bay,reddit.com,true,draymond@reddit.com,pattern-guessing,0.38,false,,
112,Dr. Bryan Raymond,Community Foundation Tampa Bay,reddit.com,true,d.raymond@reddit.com,pattern-guessing,0.38,false,,
112,Dr. Bryan Raymond,Community Foundation Tampa Bay,reddit.com,true,drr@reddit.com,pattern-guessing,0.38,false,,
113,Jamie Hess,Complete I.T. Corp,completeit.com,true,jamie@completeit.com,pattern-guessing,0.38,false,,
113,Jamie Hess,Complete I.T. Corp,completeit.com,true,jamie.hess@completeit.com,pattern-guessing,0.38,false,,
113,Jamie Hess,Complete I.T. Corp,completeit.com,true,jamiehess@completeit.com,pattern-guessing,0.38,false,,
113,Jamie Hess,Complete I.T. Corp,completeit.com,true,jamie_hess@completeit.com,pattern-guessing,0.38,false,,
113,Jamie Hess,Complete I.T. Corp,completeit.com,true,jhess@completeit.com,pattern-guessing,0.38,false,,
113,Jamie Hess,Complete I.T. Corp,completeit.com,true,j.hess@completeit.com,pattern-guessing,0.38,false,,
113,Jamie Hess,Complete I.T. Corp,completeit.com,true,jamieh@completeit.com,pattern-guessing,0.38,false,,
114,Dr. Tanya Lea,Comprehensive Foot & Ankle Specialists,comprehensivefootandanklespecialists.com,true,dr@comprehensivefootandanklespecialists.com,pattern-guessing,0.38,false,,
114,Dr. Tanya Lea,Comprehensive Foot & Ankle Specialists,comprehensivefootandanklespecialists.com,true,dr.lea@comprehensivefootandanklespecialists.com,pattern-guessing,0.38,false,,
114,Dr. Tanya Lea,Comprehensive Foot & Ankle Specialists,comprehensivefootandanklespecialists.com,true,drlea@comprehensivefootandanklespecialists.com,pattern-guessing,0.38,false,,
114,Dr. Tanya Lea,Comprehensive Foot & Ankle Specialists,comprehensivefootandanklespecialists.com,true,dr_lea@comprehensivefootandanklespecialists.com,pattern-guessing,0.38,false,,
114,Dr. Tanya Lea,Comprehensive Foot & Ankle Specialists,comprehensivefootandanklespecialists.com,true,dlea@comprehensivefootandanklespecialists.com,pattern-guessing,0.38,false,,
114,Dr. Tanya Lea,Comprehensive Foot & Ankle Specialists,comprehensivefootandanklespecialists.com,true,d.lea@comprehensivefootandanklespecialists.com,pattern-guessing,0.38,false,,
114,Dr. Tanya Lea,Comprehensive Foot & Ankle Specialists,comprehensivefootandanklespecialists.com,true,drl@comprehensivefootandanklespecialists.com,pattern-guessing,0.38,false,,
115,Jeff Novotny,Computer Emergency Room,computeremergencyroom.com,true,ny@computeremergencyroom.com,web-scraping,0.72,false,https://computeremergencyroom.com/contact,
115,Jeff Novotny,Computer Emergency Room,computeremergencyroom.com,true,fla@computeremergencyroom.com,web-scraping,0.72,false,https://computeremergencyroom.com/contact,
115,Jeff Novotny,Computer Emergency Room,computeremergencyroom.com,true,jeff@computeremergencyroom.com,pattern-guessing,0.38,false,,
115,Jeff Novotny,Computer Emergency Room,computeremergencyroom.com,true,jeff.novotny@computeremergencyroom.com,pattern-guessing,0.38,false,,
115,Jeff Novotny,Computer Emergency Room,computeremergencyroom.com,true,jeffnovotny@computeremergencyroom.com,pattern-guessing,0.38,false,,
115,Jeff Novotny,Computer Emergency Room,computeremergencyroom.com,true,jeff_novotny@computeremergencyroom.com,pattern-guessing,0.38,false,,
115,Jeff Novotny,Computer Emergency Room,computeremergencyroom.com,true,jnovotny@computeremergencyroom.com,pattern-guessing,0.38,false,,
115,Jeff Novotny,Computer Emergency Room,computeremergencyroom.com,true,j.novotny@computeremergencyroom.com,pattern-guessing,0.38,false,,
115,Jeff Novotny,Computer Emergency Room,computeremergencyroom.com,true,jeffn@computeremergencyroom.com,pattern-guessing,0.38,false,,
116,Mariana Alvarez,Consciously Aware,consciouslyaware.com,true,info@consciouslyaware.com,web-scraping,0.54,false,https://consciouslyaware.com/,
116,Mariana Alvarez,Consciously Aware,consciouslyaware.com,true,mariana@consciouslyaware.com,pattern-guessing,0.38,false,,
116,Mariana Alvarez,Consciously Aware,consciouslyaware.com,true,mariana.alvarez@consciouslyaware.com,pattern-guessing,0.38,false,,
116,Mariana Alvarez,Consciously Aware,consciouslyaware.com,true,marianaalvarez@consciouslyaware.com,pattern-guessing,0.38,false,,
116,Mariana Alvarez,Consciously Aware,consciouslyaware.com,true,mariana_alvarez@consciouslyaware.com,pattern-guessing,0.38,false,,
116,Mariana Alvarez,Consciously Aware,consciouslyaware.com,true,malvarez@consciouslyaware.com,pattern-guessing,0.38,false,,
116,Mariana Alvarez,Consciously Aware,consciouslyaware.com,true,m.alvarez@consciouslyaware.com,pattern-guessing,0.38,false,,
116,Mariana Alvarez,Consciously Aware,consciouslyaware.com,true,marianaa@consciouslyaware.com,pattern-guessing,0.38,false,,
117,Mark Abruzzo,"Consor Engineers, LLC",craft.co,true,mark@craft.co,pattern-guessing,0.38,false,,
117,Mark Abruzzo,"Consor Engineers, LLC",craft.co,true,mark.abruzzo@craft.co,pattern-guessing,0.38,false,,
117,Mark Abruzzo,"Consor Engineers, LLC",craft.co,true,markabruzzo@craft.co,pattern-guessing,0.38,false,,
117,Mark Abruzzo,"Consor Engineers, LLC",craft.co,true,mark_abruzzo@craft.co,pattern-guessing,0.38,false,,
117,Mark Abruzzo,"Consor Engineers, LLC",craft.co,true,mabruzzo@craft.co,pattern-guessing,0.38,false,,
117,Mark Abruzzo,"Consor Engineers, LLC",craft.co,true,m.abruzzo@craft.co,pattern-guessing,0.38,false,,
117,Mark Abruzzo,"Consor Engineers, LLC",craft.co,true,marka@craft.co,pattern-guessing,0.38,false,,
118,Dana Goldsborough Spears,Controller Works,controller.com,true,dana@controller.com,pattern-guessing,0.38,false,,
118,Dana Goldsborough Spears,Controller Works,controller.com,true,dana.spears@controller.com,pattern-guessing,0.38,false,,
118,Dana Goldsborough Spears,Controller Works,controller.com,true,danaspears@controller.com,pattern-guessing,0.38,false,,
118,Dana Goldsborough Spears,Controller Works,controller.com,true,dana_spears@controller.com,pattern-guessing,0.38,false,,
118,Dana Goldsborough Spears,Controller Works,controller.com,true,dspears@controller.com,pattern-guessing,0.38,false,,
118,Dana Goldsborough Spears,Controller Works,controller.com,true,d.spears@controller.com,pattern-guessing,0.38,false,,
118,Dana Goldsborough Spears,Controller Works,controller.com,true,danas@controller.com,pattern-guessing,0.38,false,,
119,Cindy Lemere,"CoolVu of Wesley Chapel - Impact Security Authorized Dealer - Window Film, Security Film",coolvuofwesleychapel-impactsecurityauthorizeddealer-windowfilmsecurityfilm.com,false,cindy@coolvuofwesleychapel-impactsecurityauthorizeddealer-windowfilmsecurityfilm.com,pattern-guessing,0.18,false,,
119,Cindy Lemere,"CoolVu of Wesley Chapel - Impact Security Authorized Dealer - Window Film, Security Film",coolvuofwesleychapel-impactsecurityauthorizeddealer-windowfilmsecurityfilm.com,false,cindy.lemere@coolvuofwesleychapel-impactsecurityauthorizeddealer-windowfilmsecurityfilm.com,pattern-guessing,0.18,false,,
119,Cindy Lemere,"CoolVu of Wesley Chapel - Impact Security Authorized Dealer - Window Film, Security Film",coolvuofwesleychapel-impactsecurityauthorizeddealer-windowfilmsecurityfilm.com,false,cindylemere@coolvuofwesleychapel-impactsecurityauthorizeddealer-windowfilmsecurityfilm.com,pattern-guessing,0.18,false,,
119,Cindy Lemere,"CoolVu of Wesley Chapel - Impact Security Authorized Dealer - Window Film, Security Film",coolvuofwesleychapel-impactsecurityauthorizeddealer-windowfilmsecurityfilm.com,false,cindy_lemere@coolvuofwesleychapel-impactsecurityauthorizeddealer-windowfilmsecurityfilm.com,pattern-guessing,0.18,false,,
119,Cindy Lemere,"CoolVu of Wesley Chapel - Impact Security Authorized Dealer - Window Film, Security Film",coolvuofwesleychapel-impactsecurityauthorizeddealer-windowfilmsecurityfilm.com,false,clemere@coolvuofwesleychapel-impactsecurityauthorizeddealer-windowfilmsecurityfilm.com,pattern-guessing,0.18,false,,
119,Cindy Lemere,"CoolVu of Wesley Chapel - Impact Security Authorized Dealer - Window Film, Security Film",coolvuofwesleychapel-impactsecurityauthorizeddealer-windowfilmsecurityfilm.com,false,c.lemere@coolvuofwesleychapel-impactsecurityauthorizeddealer-windowfilmsecurityfilm.com,pattern-guessing,0.18,false,,
119,Cindy Lemere,"CoolVu of Wesley Chapel - Impact Security Authorized Dealer - Window Film, Security Film",coolvuofwesleychapel-impactsecurityauthorizeddealer-windowfilmsecurityfilm.com,false,cindyl@coolvuofwesleychapel-impactsecurityauthorizeddealer-windowfilmsecurityfilm.com,pattern-guessing,0.18,false,,
120,Jamie Hess,"Cornerstone Pros Air Conditioning, Plumbing & Electrical",cornerstonesva.org,true,margaret.lara@cornerstonesva.org,web-scraping,0.72,false,https://cornerstonesva.org/contact,
120,Jamie Hess,"Cornerstone Pros Air Conditioning, Plumbing & Electrical",cornerstonesva.org,true,communications@cornerstonesva.org,web-scraping,0.72,false,https://cornerstonesva.org/contact,
120,Jamie Hess,"Cornerstone Pros Air Conditioning, Plumbing & Electrical",cornerstonesva.org,true,jamie@cornerstonesva.org,pattern-guessing,0.38,false,,
120,Jamie Hess,"Cornerstone Pros Air Conditioning, Plumbing & Electrical",cornerstonesva.org,true,jamie.hess@cornerstonesva.org,pattern-guessing,0.38,false,,
120,Jamie Hess,"Cornerstone Pros Air Conditioning, Plumbing & Electrical",cornerstonesva.org,true,jamiehess@cornerstonesva.org,pattern-guessing,0.38,false,,
120,Jamie Hess,"Cornerstone Pros Air Conditioning, Plumbing & Electrical",cornerstonesva.org,true,jamie_hess@cornerstonesva.org,pattern-guessing,0.38,false,,
120,Jamie Hess,"Cornerstone Pros Air Conditioning, Plumbing & Electrical",cornerstonesva.org,true,jhess@cornerstonesva.org,pattern-guessing,0.38,false,,
120,Jamie Hess,"Cornerstone Pros Air Conditioning, Plumbing & Electrical",cornerstonesva.org,true,j.hess@cornerstonesva.org,pattern-guessing,0.38,false,,
120,Jamie Hess,"Cornerstone Pros Air Conditioning, Plumbing & Electrical",cornerstonesva.org,true,jamieh@cornerstonesva.org,pattern-guessing,0.38,false,,
121,Deborah Hodge-Nibbs,Costco Wholesale,costcowholesale.com,false,deborah@costcowholesale.com,pattern-guessing,0.18,false,,
121,Deborah Hodge-Nibbs,Costco Wholesale,costcowholesale.com,false,deborah.hodge-nibbs@costcowholesale.com,pattern-guessing,0.18,false,,
121,Deborah Hodge-Nibbs,Costco Wholesale,costcowholesale.com,false,deborahhodge-nibbs@costcowholesale.com,pattern-guessing,0.18,false,,
121,Deborah Hodge-Nibbs,Costco Wholesale,costcowholesale.com,false,deborah_hodge-nibbs@costcowholesale.com,pattern-guessing,0.18,false,,
121,Deborah Hodge-Nibbs,Costco Wholesale,costcowholesale.com,false,dhodge-nibbs@costcowholesale.com,pattern-guessing,0.18,false,,
121,Deborah Hodge-Nibbs,Costco Wholesale,costcowholesale.com,false,d.hodge-nibbs@costcowholesale.com,pattern-guessing,0.18,false,,
121,Deborah Hodge-Nibbs,Costco Wholesale,costcowholesale.com,false,deborahh@costcowholesale.com,pattern-guessing,0.18,false,,
122,Nick li,CPR Classes Near Me,cprclassesnearme.com,true,support@cprclassesnearme.com,web-scraping,0.54,false,https://cprclassesnearme.com/,
122,Nick li,CPR Classes Near Me,cprclassesnearme.com,true,nick@cprclassesnearme.com,pattern-guessing,0.38,false,,
122,Nick li,CPR Classes Near Me,cprclassesnearme.com,true,nick.li@cprclassesnearme.com,pattern-guessing,0.38,false,,
122,Nick li,CPR Classes Near Me,cprclassesnearme.com,true,nickli@cprclassesnearme.com,pattern-guessing,0.38,false,,
122,Nick li,CPR Classes Near Me,cprclassesnearme.com,true,nick_li@cprclassesnearme.com,pattern-guessing,0.38,false,,
122,Nick li,CPR Classes Near Me,cprclassesnearme.com,true,nli@cprclassesnearme.com,pattern-guessing,0.38,false,,
122,Nick li,CPR Classes Near Me,cprclassesnearme.com,true,n.li@cprclassesnearme.com,pattern-guessing,0.38,false,,
122,Nick li,CPR Classes Near Me,cprclassesnearme.com,true,nickl@cprclassesnearme.com,pattern-guessing,0.38,false,,
123,Drake White,Craving Donuts,cravingdonuts.com,true,drake@cravingdonuts.com,pattern-guessing,0.38,false,,
123,Drake White,Craving Donuts,cravingdonuts.com,true,drake.white@cravingdonuts.com,pattern-guessing,0.38,false,,
123,Drake White,Craving Donuts,cravingdonuts.com,true,drakewhite@cravingdonuts.com,pattern-guessing,0.38,false,,
123,Drake White,Craving Donuts,cravingdonuts.com,true,drake_white@cravingdonuts.com,pattern-guessing,0.38,false,,
123,Drake White,Craving Donuts,cravingdonuts.com,true,dwhite@cravingdonuts.com,pattern-guessing,0.38,false,,
123,Drake White,Craving Donuts,cravingdonuts.com,true,d.white@cravingdonuts.com,pattern-guessing,0.38,false,,
123,Drake White,Craving Donuts,cravingdonuts.com,true,drakew@cravingdonuts.com,pattern-guessing,0.38,false,,
124,Martin Roeske,Crazy Sushi,crazysushi.com,false,martin@crazysushi.com,pattern-guessing,0.18,false,,
124,Martin Roeske,Crazy Sushi,crazysushi.com,false,martin.roeske@crazysushi.com,pattern-guessing,0.18,false,,
124,Martin Roeske,Crazy Sushi,crazysushi.com,false,martinroeske@crazysushi.com,pattern-guessing,0.18,false,,
124,Martin Roeske,Crazy Sushi,crazysushi.com,false,martin_roeske@crazysushi.com,pattern-guessing,0.18,false,,
124,Martin Roeske,Crazy Sushi,crazysushi.com,false,mroeske@crazysushi.com,pattern-guessing,0.18,false,,
124,Martin Roeske,Crazy Sushi,crazysushi.com,false,m.roeske@crazysushi.com,pattern-guessing,0.18,false,,
124,Martin Roeske,Crazy Sushi,crazysushi.com,false,martinr@crazysushi.com,pattern-guessing,0.18,false,,
125,Martin or Ann Roeske,Crestview at Grove West Townhomes,crestviewcollection.com,true,martin@crestviewcollection.com,pattern-guessing,0.38,false,,
125,Martin or Ann Roeske,Crestview at Grove West Townhomes,crestviewcollection.com,true,martin.roeske@crestviewcollection.com,pattern-guessing,0.38,false,,
125,Martin or Ann Roeske,Crestview at Grove West Townhomes,crestviewcollection.com,true,martinroeske@crestviewcollection.com,pattern-guessing,0.38,false,,
125,Martin or Ann Roeske,Crestview at Grove West Townhomes,crestviewcollection.com,true,martin_roeske@crestviewcollection.com,pattern-guessing,0.38,false,,
125,Martin or Ann Roeske,Crestview at Grove West Townhomes,crestviewcollection.com,true,mroeske@crestviewcollection.com,pattern-guessing,0.38,false,,
125,Martin or Ann Roeske,Crestview at Grove West Townhomes,crestviewcollection.com,true,m.roeske@crestviewcollection.com,pattern-guessing,0.38,false,,
125,Martin or Ann Roeske,Crestview at Grove West Townhomes,crestviewcollection.com,true,martinr@crestviewcollection.com,pattern-guessing,0.38,false,,
126,Mr. Dhaval Patel,Culver's of Wesley Chapel,culvers.com,true,mr@culvers.com,pattern-guessing,0.38,false,,
126,Mr. Dhaval Patel,Culver's of Wesley Chapel,culvers.com,true,mr.patel@culvers.com,pattern-guessing,0.38,false,,
126,Mr. Dhaval Patel,Culver's of Wesley Chapel,culvers.com,true,mrpatel@culvers.com,pattern-guessing,0.38,false,,
126,Mr. Dhaval Patel,Culver's of Wesley Chapel,culvers.com,true,mr_patel@culvers.com,pattern-guessing,0.38,false,,
126,Mr. Dhaval Patel,Culver's of Wesley Chapel,culvers.com,true,mpatel@culvers.com,pattern-guessing,0.38,false,,
126,Mr. Dhaval Patel,Culver's of Wesley Chapel,culvers.com,true,m.patel@culvers.com,pattern-guessing,0.38,false,,
126,Mr. Dhaval Patel,Culver's of Wesley Chapel,culvers.com,true,mrp@culvers.com,pattern-guessing,0.38,false,,
127,Manij Battle,Culver's of Wesley Chapel - Sun Vista Dr,culvers.com,true,manij@culvers.com,pattern-guessing,0.38,false,,
127,Manij Battle,Culver's of Wesley Chapel - Sun Vista Dr,culvers.com,true,manij.battle@culvers.com,pattern-guessing,0.38,false,,
127,Manij Battle,Culver's of Wesley Chapel - Sun Vista Dr,culvers.com,true,manijbattle@culvers.com,pattern-guessing,0.38,false,,
127,Manij Battle,Culver's of Wesley Chapel - Sun Vista Dr,culvers.com,true,manij_battle@culvers.com,pattern-guessing,0.38,false,,
127,Manij Battle,Culver's of Wesley Chapel - Sun Vista Dr,culvers.com,true,mbattle@culvers.com,pattern-guessing,0.38,false,,
127,Manij Battle,Culver's of Wesley Chapel - Sun Vista Dr,culvers.com,true,m.battle@culvers.com,pattern-guessing,0.38,false,,
127,Manij Battle,Culver's of Wesley Chapel - Sun Vista Dr,culvers.com,true,manijb@culvers.com,pattern-guessing,0.38,false,,
128,Jeff Fuerst,Dasinfomedia INC,pitchfork.com,true,help@pitchfork.com,web-scraping,0.72,false,https://pitchfork.com/contact,
128,Jeff Fuerst,Dasinfomedia INC,pitchfork.com,true,corrections@pitchfork.com,web-scraping,0.72,false,https://pitchfork.com/contact,
128,Jeff Fuerst,Dasinfomedia INC,pitchfork.com,true,news@pitchfork.com,web-scraping,0.72,false,https://pitchfork.com/contact,
128,Jeff Fuerst,Dasinfomedia INC,pitchfork.com,true,ads@pitchfork.com,web-scraping,0.72,false,https://pitchfork.com/contact,
128,Jeff Fuerst,Dasinfomedia INC,pitchfork.com,true,jeff@pitchfork.com,pattern-guessing,0.38,false,,
128,Jeff Fuerst,Dasinfomedia INC,pitchfork.com,true,jeff.fuerst@pitchfork.com,pattern-guessing,0.38,false,,
128,Jeff Fuerst,Dasinfomedia INC,pitchfork.com,true,jefffuerst@pitchfork.com,pattern-guessing,0.38,false,,
128,Jeff Fuerst,Dasinfomedia INC,pitchfork.com,true,jeff_fuerst@pitchfork.com,pattern-guessing,0.38,false,,
128,Jeff Fuerst,Dasinfomedia INC,pitchfork.com,true,jfuerst@pitchfork.com,pattern-guessing,0.38,false,,
128,Jeff Fuerst,Dasinfomedia INC,pitchfork.com,true,j.fuerst@pitchfork.com,pattern-guessing,0.38,false,,
128,Jeff Fuerst,Dasinfomedia INC,pitchfork.com,true,jefff@pitchfork.com,pattern-guessing,0.38,false,,
129,Marnie Bauer,Datalis Technologies,datalistechnologies.com,false,marnie@datalistechnologies.com,pattern-guessing,0.18,false,,
129,Marnie Bauer,Datalis Technologies,datalistechnologies.com,false,marnie.bauer@datalistechnologies.com,pattern-guessing,0.18,false,,
129,Marnie Bauer,Datalis Technologies,datalistechnologies.com,false,marniebauer@datalistechnologies.com,pattern-guessing,0.18,false,,
129,Marnie Bauer,Datalis Technologies,datalistechnologies.com,false,marnie_bauer@datalistechnologies.com,pattern-guessing,0.18,false,,
129,Marnie Bauer,Datalis Technologies,datalistechnologies.com,false,mbauer@datalistechnologies.com,pattern-guessing,0.18,false,,
129,Marnie Bauer,Datalis Technologies,datalistechnologies.com,false,m.bauer@datalistechnologies.com,pattern-guessing,0.18,false,,
129,Marnie Bauer,Datalis Technologies,datalistechnologies.com,false,marnieb@datalistechnologies.com,pattern-guessing,0.18,false,,
130,Roberto Saez,Dave's Hot Chicken,dave.com,true,roberto@dave.com,pattern-guessing,0.38,false,,
130,Roberto Saez,Dave's Hot Chicken,dave.com,true,roberto.saez@dave.com,pattern-guessing,0.38,false,,
130,Roberto Saez,Dave's Hot Chicken,dave.com,true,robertosaez@dave.com,pattern-guessing,0.38,false,,
130,Roberto Saez,Dave's Hot Chicken,dave.com,true,roberto_saez@dave.com,pattern-guessing,0.38,false,,
130,Roberto Saez,Dave's Hot Chicken,dave.com,true,rsaez@dave.com,pattern-guessing,0.38,false,,
130,Roberto Saez,Dave's Hot Chicken,dave.com,true,r.saez@dave.com,pattern-guessing,0.38,false,,
130,Roberto Saez,Dave's Hot Chicken,dave.com,true,robertos@dave.com,pattern-guessing,0.38,false,,
131,Chris Ghisson,Deep Roots Dental and Facial Aesthetics,wordsmyth.net,true,chris@wordsmyth.net,pattern-guessing,0.38,false,,
131,Chris Ghisson,Deep Roots Dental and Facial Aesthetics,wordsmyth.net,true,chris.ghisson@wordsmyth.net,pattern-guessing,0.38,false,,
131,Chris Ghisson,Deep Roots Dental and Facial Aesthetics,wordsmyth.net,true,chrisghisson@wordsmyth.net,pattern-guessing,0.38,false,,
131,Chris Ghisson,Deep Roots Dental and Facial Aesthetics,wordsmyth.net,true,chris_ghisson@wordsmyth.net,pattern-guessing,0.38,false,,
131,Chris Ghisson,Deep Roots Dental and Facial Aesthetics,wordsmyth.net,true,cghisson@wordsmyth.net,pattern-guessing,0.38,false,,
131,Chris Ghisson,Deep Roots Dental and Facial Aesthetics,wordsmyth.net,true,c.ghisson@wordsmyth.net,pattern-guessing,0.38,false,,
131,Chris Ghisson,Deep Roots Dental and Facial Aesthetics,wordsmyth.net,true,chrisg@wordsmyth.net,pattern-guessing,0.38,false,,
132,George Spatt,"Design and Construction Innovations, LLC",strang.design,true,george@strang.design,pattern-guessing,0.38,false,,
132,George Spatt,"Design and Construction Innovations, LLC",strang.design,true,george.spatt@strang.design,pattern-guessing,0.38,false,,
132,George Spatt,"Design and Construction Innovations, LLC",strang.design,true,georgespatt@strang.design,pattern-guessing,0.38,false,,
132,George Spatt,"Design and Construction Innovations, LLC",strang.design,true,george_spatt@strang.design,pattern-guessing,0.38,false,,
132,George Spatt,"Design and Construction Innovations, LLC",strang.design,true,gspatt@strang.design,pattern-guessing,0.38,false,,
132,George Spatt,"Design and Construction Innovations, LLC",strang.design,true,g.spatt@strang.design,pattern-guessing,0.38,false,,
132,George Spatt,"Design and Construction Innovations, LLC",strang.design,true,georges@strang.design,pattern-guessing,0.38,false,,
133,Dani Dean,"Dex Imaging, Inc.",lifewire.com,true,dani@lifewire.com,pattern-guessing,0.38,false,,
133,Dani Dean,"Dex Imaging, Inc.",lifewire.com,true,dani.dean@lifewire.com,pattern-guessing,0.38,false,,
133,Dani Dean,"Dex Imaging, Inc.",lifewire.com,true,danidean@lifewire.com,pattern-guessing,0.38,false,,
133,Dani Dean,"Dex Imaging, Inc.",lifewire.com,true,dani_dean@lifewire.com,pattern-guessing,0.38,false,,
133,Dani Dean,"Dex Imaging, Inc.",lifewire.com,true,ddean@lifewire.com,pattern-guessing,0.38,false,,
133,Dani Dean,"Dex Imaging, Inc.",lifewire.com,true,d.dean@lifewire.com,pattern-guessing,0.38,false,,
133,Dani Dean,"Dex Imaging, Inc.",lifewire.com,true,danid@lifewire.com,pattern-guessing,0.38,false,,
134,Rebecca Swanson,Diamond Dogs Smart Vending LLC,diamonddogssmartvending.com,true,info@diamonddogssmartvending.com,web-scraping,0.54,false,https://diamonddogssmartvending.com/,
134,Rebecca Swanson,Diamond Dogs Smart Vending LLC,diamonddogssmartvending.com,true,rebecca@diamonddogssmartvending.com,pattern-guessing,0.38,false,,
134,Rebecca Swanson,Diamond Dogs Smart Vending LLC,diamonddogssmartvending.com,true,rebecca.swanson@diamonddogssmartvending.com,pattern-guessing,0.38,false,,
134,Rebecca Swanson,Diamond Dogs Smart Vending LLC,diamonddogssmartvending.com,true,rebeccaswanson@diamonddogssmartvending.com,pattern-guessing,0.38,false,,
134,Rebecca Swanson,Diamond Dogs Smart Vending LLC,diamonddogssmartvending.com,true,rebecca_swanson@diamonddogssmartvending.com,pattern-guessing,0.38,false,,
134,Rebecca Swanson,Diamond Dogs Smart Vending LLC,diamonddogssmartvending.com,true,rswanson@diamonddogssmartvending.com,pattern-guessing,0.38,false,,
134,Rebecca Swanson,Diamond Dogs Smart Vending LLC,diamonddogssmartvending.com,true,r.swanson@diamonddogssmartvending.com,pattern-guessing,0.38,false,,
134,Rebecca Swanson,Diamond Dogs Smart Vending LLC,diamonddogssmartvending.com,true,rebeccas@diamonddogssmartvending.com,pattern-guessing,0.38,false,,
135,Ashley Bonham,DietrichKelso Orthodontics,dietrichkelsoorthodontics.com,false,ashley@dietrichkelsoorthodontics.com,pattern-guessing,0.18,false,,
135,Ashley Bonham,DietrichKelso Orthodontics,dietrichkelsoorthodontics.com,false,ashley.bonham@dietrichkelsoorthodontics.com,pattern-guessing,0.18,false,,
135,Ashley Bonham,DietrichKelso Orthodontics,dietrichkelsoorthodontics.com,false,ashleybonham@dietrichkelsoorthodontics.com,pattern-guessing,0.18,false,,
135,Ashley Bonham,DietrichKelso Orthodontics,dietrichkelsoorthodontics.com,false,ashley_bonham@dietrichkelsoorthodontics.com,pattern-guessing,0.18,false,,
135,Ashley Bonham,DietrichKelso Orthodontics,dietrichkelsoorthodontics.com,false,abonham@dietrichkelsoorthodontics.com,pattern-guessing,0.18,false,,
135,Ashley Bonham,DietrichKelso Orthodontics,dietrichkelsoorthodontics.com,false,a.bonham@dietrichkelsoorthodontics.com,pattern-guessing,0.18,false,,
135,Ashley Bonham,DietrichKelso Orthodontics,dietrichkelsoorthodontics.com,false,ashleyb@dietrichkelsoorthodontics.com,pattern-guessing,0.18,false,,
136,Matthew Testoni,Discovery Village At Tampa Palms,discoveryplus.com,true,matthew@discoveryplus.com,pattern-guessing,0.38,false,,
136,Matthew Testoni,Discovery Village At Tampa Palms,discoveryplus.com,true,matthew.testoni@discoveryplus.com,pattern-guessing,0.38,false,,
136,Matthew Testoni,Discovery Village At Tampa Palms,discoveryplus.com,true,matthewtestoni@discoveryplus.com,pattern-guessing,0.38,false,,
136,Matthew Testoni,Discovery Village At Tampa Palms,discoveryplus.com,true,matthew_testoni@discoveryplus.com,pattern-guessing,0.38,false,,
136,Matthew Testoni,Discovery Village At Tampa Palms,discoveryplus.com,true,mtestoni@discoveryplus.com,pattern-guessing,0.38,false,,
136,Matthew Testoni,Discovery Village At Tampa Palms,discoveryplus.com,true,m.testoni@discoveryplus.com,pattern-guessing,0.38,false,,
136,Matthew Testoni,Discovery Village At Tampa Palms,discoveryplus.com,true,matthewt@discoveryplus.com,pattern-guessing,0.38,false,,
137,Michael Wolf,Distasio Law Firm,distasiolawfirm.com,true,michael@distasiolawfirm.com,pattern-guessing,0.38,false,,
137,Michael Wolf,Distasio Law Firm,distasiolawfirm.com,true,michael.wolf@distasiolawfirm.com,pattern-guessing,0.38,false,,
137,Michael Wolf,Distasio Law Firm,distasiolawfirm.com,true,michaelwolf@distasiolawfirm.com,pattern-guessing,0.38,false,,
137,Michael Wolf,Distasio Law Firm,distasiolawfirm.com,true,michael_wolf@distasiolawfirm.com,pattern-guessing,0.38,false,,
137,Michael Wolf,Distasio Law Firm,distasiolawfirm.com,true,mwolf@distasiolawfirm.com,pattern-guessing,0.38,false,,
137,Michael Wolf,Distasio Law Firm,distasiolawfirm.com,true,m.wolf@distasiolawfirm.com,pattern-guessing,0.38,false,,
137,Michael Wolf,Distasio Law Firm,distasiolawfirm.com,true,michaelw@distasiolawfirm.com,pattern-guessing,0.38,false,,
138,Dineen Wasylik,District School Board of Pasco County,camraiders.com,true,dineen@camraiders.com,pattern-guessing,0.38,false,,
138,Dineen Wasylik,District School Board of Pasco County,camraiders.com,true,dineen.wasylik@camraiders.com,pattern-guessing,0.38,false,,
138,Dineen Wasylik,District School Board of Pasco County,camraiders.com,true,dineenwasylik@camraiders.com,pattern-guessing,0.38,false,,
138,Dineen Wasylik,District School Board of Pasco County,camraiders.com,true,dineen_wasylik@camraiders.com,pattern-guessing,0.38,false,,
138,Dineen Wasylik,District School Board of Pasco County,camraiders.com,true,dwasylik@camraiders.com,pattern-guessing,0.38,false,,
138,Dineen Wasylik,District School Board of Pasco County,camraiders.com,true,d.wasylik@camraiders.com,pattern-guessing,0.38,false,,
138,Dineen Wasylik,District School Board of Pasco County,camraiders.com,true,dineenw@camraiders.com,pattern-guessing,0.38,false,,
139,Xavier Haughton,Double Branch | Columnar,doublebranchcolumnar.com,false,xavier@doublebranchcolumnar.com,pattern-guessing,0.18,false,,
139,Xavier Haughton,Double Branch | Columnar,doublebranchcolumnar.com,false,xavier.haughton@doublebranchcolumnar.com,pattern-guessing,0.18,false,,
139,Xavier Haughton,Double Branch | Columnar,doublebranchcolumnar.com,false,xavierhaughton@doublebranchcolumnar.com,pattern-guessing,0.18,false,,
139,Xavier Haughton,Double Branch | Columnar,doublebranchcolumnar.com,false,xavier_haughton@doublebranchcolumnar.com,pattern-guessing,0.18,false,,
139,Xavier Haughton,Double Branch | Columnar,doublebranchcolumnar.com,false,xhaughton@doublebranchcolumnar.com,pattern-guessing,0.18,false,,
139,Xavier Haughton,Double Branch | Columnar,doublebranchcolumnar.com,false,x.haughton@doublebranchcolumnar.com,pattern-guessing,0.18,false,,
139,Xavier Haughton,Double Branch | Columnar,doublebranchcolumnar.com,false,xavierh@doublebranchcolumnar.com,pattern-guessing,0.18,false,,
140,Luis Bravo,DPW Legal,cityofxenia.org,true,xeniacityclerk@cityofxenia.org,web-scraping,0.72,false,https://cityofxenia.org/,
140,Luis Bravo,DPW Legal,cityofxenia.org,true,llind@cityofxenia.org,web-scraping,0.72,false,https://cityofxenia.org/staff,
140,Luis Bravo,DPW Legal,cityofxenia.org,true,jbates@cityofxenia.org,web-scraping,0.72,false,https://cityofxenia.org/staff,
140,Luis Bravo,DPW Legal,cityofxenia.org,true,ewalker@cityofxenia.org,web-scraping,0.72,false,https://cityofxenia.org/staff,
140,Luis Bravo,DPW Legal,cityofxenia.org,true,dmiller@cityofxenia.org,web-scraping,0.72,false,https://cityofxenia.org/staff,
140,Luis Bravo,DPW Legal,cityofxenia.org,true,jcollins@cityofxenia.org,web-scraping,0.72,false,https://cityofxenia.org/staff,
140,Luis Bravo,DPW Legal,cityofxenia.org,true,rferrell@cityofxenia.org,web-scraping,0.72,false,https://cityofxenia.org/staff,
140,Luis Bravo,DPW Legal,cityofxenia.org,true,cberger@cityofxenia.org,web-scraping,0.72,false,https://cityofxenia.org/staff,
140,Luis Bravo,DPW Legal,cityofxenia.org,true,mmiller@cityofxenia.org,web-scraping,0.72,false,https://cityofxenia.org/staff,
140,Luis Bravo,DPW Legal,cityofxenia.org,true,letchison@cityofxenia.org,web-scraping,0.72,false,https://cityofxenia.org/staff,
140,Luis Bravo,DPW Legal,cityofxenia.org,true,cstutes@cityofxenia.org,web-scraping,0.72,false,https://cityofxenia.org/staff,
140,Luis Bravo,DPW Legal,cityofxenia.org,true,mmayer@cityofxenia.org,web-scraping,0.72,false,https://cityofxenia.org/staff,
140,Luis Bravo,DPW Legal,cityofxenia.org,true,ascott@cityofxenia.org,web-scraping,0.72,false,https://cityofxenia.org/staff,
140,Luis Bravo,DPW Legal,cityofxenia.org,true,mplanas@cityofxenia.org,web-scraping,0.72,false,https://cityofxenia.org/staff,
140,Luis Bravo,DPW Legal,cityofxenia.org,true,khuffman@cityofxenia.org,web-scraping,0.72,false,https://cityofxenia.org/staff,
140,Luis Bravo,DPW Legal,cityofxenia.org,true,dfisher@cityofxenia.org,web-scraping,0.72,false,https://cityofxenia.org/staff,
140,Luis Bravo,DPW Legal,cityofxenia.org,true,infotech@cityofxenia.org,web-scraping,0.72,false,https://cityofxenia.org/staff,
140,Luis Bravo,DPW Legal,cityofxenia.org,true,mblakesly@cityofxenia.org,web-scraping,0.72,false,https://cityofxenia.org/staff,
140,Luis Bravo,DPW Legal,cityofxenia.org,true,jbruggeman@cityofxenia.org,web-scraping,0.72,false,https://cityofxenia.org/staff,
140,Luis Bravo,DPW Legal,cityofxenia.org,true,tdill@cityofxenia.org,web-scraping,0.72,false,https://cityofxenia.org/staff,
140,Luis Bravo,DPW Legal,cityofxenia.org,true,mbogan@cityofxenia.org,web-scraping,0.72,false,https://cityofxenia.org/staff,
140,Luis Bravo,DPW Legal,cityofxenia.org,true,luis@cityofxenia.org,pattern-guessing,0.38,false,,
140,Luis Bravo,DPW Legal,cityofxenia.org,true,luis.bravo@cityofxenia.org,pattern-guessing,0.38,false,,
140,Luis Bravo,DPW Legal,cityofxenia.org,true,luisbravo@cityofxenia.org,pattern-guessing,0.38,false,,
140,Luis Bravo,DPW Legal,cityofxenia.org,true,luis_bravo@cityofxenia.org,pattern-guessing,0.38,false,,
140,Luis Bravo,DPW Legal,cityofxenia.org,true,lbravo@cityofxenia.org,pattern-guessing,0.38,false,,
140,Luis Bravo,DPW Legal,cityofxenia.org,true,l.bravo@cityofxenia.org,pattern-guessing,0.38,false,,
140,Luis Bravo,DPW Legal,cityofxenia.org,true,luisb@cityofxenia.org,pattern-guessing,0.38,false,,
141,Keisha Durand,Drybar Wesley Chapel,drybar.com,true,keisha@drybar.com,pattern-guessing,0.38,false,,
141,Keisha Durand,Drybar Wesley Chapel,drybar.com,true,keisha.durand@drybar.com,pattern-guessing,0.38,false,,
141,Keisha Durand,Drybar Wesley Chapel,drybar.com,true,keishadurand@drybar.com,pattern-guessing,0.38,false,,
141,Keisha Durand,Drybar Wesley Chapel,drybar.com,true,keisha_durand@drybar.com,pattern-guessing,0.38,false,,
141,Keisha Durand,Drybar Wesley Chapel,drybar.com,true,kdurand@drybar.com,pattern-guessing,0.38,false,,
141,Keisha Durand,Drybar Wesley Chapel,drybar.com,true,k.durand@drybar.com,pattern-guessing,0.38,false,,
141,Keisha Durand,Drybar Wesley Chapel,drybar.com,true,keishad@drybar.com,pattern-guessing,0.38,false,,
142,Dr. Abigail Farrar,Dryer Vent Wizard of North Tampa,dryerventwizardofnorthtampa.com,false,dr@dryerventwizardofnorthtampa.com,pattern-guessing,0.18,false,,
142,Dr. Abigail Farrar,Dryer Vent Wizard of North Tampa,dryerventwizardofnorthtampa.com,false,dr.farrar@dryerventwizardofnorthtampa.com,pattern-guessing,0.18,false,,
142,Dr. Abigail Farrar,Dryer Vent Wizard of North Tampa,dryerventwizardofnorthtampa.com,false,drfarrar@dryerventwizardofnorthtampa.com,pattern-guessing,0.18,false,,
142,Dr. Abigail Farrar,Dryer Vent Wizard of North Tampa,dryerventwizardofnorthtampa.com,false,dr_farrar@dryerventwizardofnorthtampa.com,pattern-guessing,0.18,false,,
142,Dr. Abigail Farrar,Dryer Vent Wizard of North Tampa,dryerventwizardofnorthtampa.com,false,dfarrar@dryerventwizardofnorthtampa.com,pattern-guessing,0.18,false,,
142,Dr. Abigail Farrar,Dryer Vent Wizard of North Tampa,dryerventwizardofnorthtampa.com,false,d.farrar@dryerventwizardofnorthtampa.com,pattern-guessing,0.18,false,,
142,Dr. Abigail Farrar,Dryer Vent Wizard of North Tampa,dryerventwizardofnorthtampa.com,false,drf@dryerventwizardofnorthtampa.com,pattern-guessing,0.18,false,,
143,"Mr. Christopher Stino, CFP ®",Durand Mortgage Group LLC,thedurand.com,true,mr@thedurand.com,pattern-guessing,0.38,false,,
143,"Mr. Christopher Stino, CFP ®",Durand Mortgage Group LLC,thedurand.com,true,mr.cfp@thedurand.com,pattern-guessing,0.38,false,,
143,"Mr. Christopher Stino, CFP ®",Durand Mortgage Group LLC,thedurand.com,true,mrcfp@thedurand.com,pattern-guessing,0.38,false,,
143,"Mr. Christopher Stino, CFP ®",Durand Mortgage Group LLC,thedurand.com,true,mr_cfp@thedurand.com,pattern-guessing,0.38,false,,
143,"Mr. Christopher Stino, CFP ®",Durand Mortgage Group LLC,thedurand.com,true,mcfp@thedurand.com,pattern-guessing,0.38,false,,
143,"Mr. Christopher Stino, CFP ®",Durand Mortgage Group LLC,thedurand.com,true,m.cfp@thedurand.com,pattern-guessing,0.38,false,,
143,"Mr. Christopher Stino, CFP ®",Durand Mortgage Group LLC,thedurand.com,true,mrc@thedurand.com,pattern-guessing,0.38,false,,
144,Gloria Schramm,Eden Chiropractic,edenchiropractic.com,true,gloria@edenchiropractic.com,pattern-guessing,0.38,false,,
144,Gloria Schramm,Eden Chiropractic,edenchiropractic.com,true,gloria.schramm@edenchiropractic.com,pattern-guessing,0.38,false,,
144,Gloria Schramm,Eden Chiropractic,edenchiropractic.com,true,gloriaschramm@edenchiropractic.com,pattern-guessing,0.38,false,,
144,Gloria Schramm,Eden Chiropractic,edenchiropractic.com,true,gloria_schramm@edenchiropractic.com,pattern-guessing,0.38,false,,
144,Gloria Schramm,Eden Chiropractic,edenchiropractic.com,true,gschramm@edenchiropractic.com,pattern-guessing,0.38,false,,
144,Gloria Schramm,Eden Chiropractic,edenchiropractic.com,true,g.schramm@edenchiropractic.com,pattern-guessing,0.38,false,,
144,Gloria Schramm,Eden Chiropractic,edenchiropractic.com,true,glorias@edenchiropractic.com,pattern-guessing,0.38,false,,
145,Firas Alzaiem,Edward Jones - Christopher Stino,edwardjones-christopherstino.com,false,firas@edwardjones-christopherstino.com,pattern-guessing,0.18,false,,
145,Firas Alzaiem,Edward Jones - Christopher Stino,edwardjones-christopherstino.com,false,firas.alzaiem@edwardjones-christopherstino.com,pattern-guessing,0.18,false,,
145,Firas Alzaiem,Edward Jones - Christopher Stino,edwardjones-christopherstino.com,false,firasalzaiem@edwardjones-christopherstino.com,pattern-guessing,0.18,false,,
145,Firas Alzaiem,Edward Jones - Christopher Stino,edwardjones-christopherstino.com,false,firas_alzaiem@edwardjones-christopherstino.com,pattern-guessing,0.18,false,,
145,Firas Alzaiem,Edward Jones - Christopher Stino,edwardjones-christopherstino.com,false,falzaiem@edwardjones-christopherstino.com,pattern-guessing,0.18,false,,
145,Firas Alzaiem,Edward Jones - Christopher Stino,edwardjones-christopherstino.com,false,f.alzaiem@edwardjones-christopherstino.com,pattern-guessing,0.18,false,,
145,Firas Alzaiem,Edward Jones - Christopher Stino,edwardjones-christopherstino.com,false,firasa@edwardjones-christopherstino.com,pattern-guessing,0.18,false,,
146,Aimee Talbott,Elearning Productions Corp,youtube.com,true,aimee@youtube.com,pattern-guessing,0.38,false,,
146,Aimee Talbott,Elearning Productions Corp,youtube.com,true,aimee.talbott@youtube.com,pattern-guessing,0.38,false,,
146,Aimee Talbott,Elearning Productions Corp,youtube.com,true,aimeetalbott@youtube.com,pattern-guessing,0.38,false,,
146,Aimee Talbott,Elearning Productions Corp,youtube.com,true,aimee_talbott@youtube.com,pattern-guessing,0.38,false,,
146,Aimee Talbott,Elearning Productions Corp,youtube.com,true,atalbott@youtube.com,pattern-guessing,0.38,false,,
146,Aimee Talbott,Elearning Productions Corp,youtube.com,true,a.talbott@youtube.com,pattern-guessing,0.38,false,,
146,Aimee Talbott,Elearning Productions Corp,youtube.com,true,aimeet@youtube.com,pattern-guessing,0.38,false,,
147,April Emory,Elite Health Wesley Chapel,elitehealthwesleychapel.com,false,april@elitehealthwesleychapel.com,pattern-guessing,0.18,false,,
147,April Emory,Elite Health Wesley Chapel,elitehealthwesleychapel.com,false,april.emory@elitehealthwesleychapel.com,pattern-guessing,0.18,false,,
147,April Emory,Elite Health Wesley Chapel,elitehealthwesleychapel.com,false,aprilemory@elitehealthwesleychapel.com,pattern-guessing,0.18,false,,
147,April Emory,Elite Health Wesley Chapel,elitehealthwesleychapel.com,false,april_emory@elitehealthwesleychapel.com,pattern-guessing,0.18,false,,
147,April Emory,Elite Health Wesley Chapel,elitehealthwesleychapel.com,false,aemory@elitehealthwesleychapel.com,pattern-guessing,0.18,false,,
147,April Emory,Elite Health Wesley Chapel,elitehealthwesleychapel.com,false,a.emory@elitehealthwesleychapel.com,pattern-guessing,0.18,false,,
147,April Emory,Elite Health Wesley Chapel,elitehealthwesleychapel.com,false,aprile@elitehealthwesleychapel.com,pattern-guessing,0.18,false,,
148,Nicole Kennerly,Embodhi Integrative Wellness and Medspa,eversonfh.com,true,nicole@eversonfh.com,pattern-guessing,0.38,false,,
148,Nicole Kennerly,Embodhi Integrative Wellness and Medspa,eversonfh.com,true,nicole.kennerly@eversonfh.com,pattern-guessing,0.38,false,,
148,Nicole Kennerly,Embodhi Integrative Wellness and Medspa,eversonfh.com,true,nicolekennerly@eversonfh.com,pattern-guessing,0.38,false,,
148,Nicole Kennerly,Embodhi Integrative Wellness and Medspa,eversonfh.com,true,nicole_kennerly@eversonfh.com,pattern-guessing,0.38,false,,
148,Nicole Kennerly,Embodhi Integrative Wellness and Medspa,eversonfh.com,true,nkennerly@eversonfh.com,pattern-guessing,0.38,false,,
148,Nicole Kennerly,Embodhi Integrative Wellness and Medspa,eversonfh.com,true,n.kennerly@eversonfh.com,pattern-guessing,0.38,false,,
148,Nicole Kennerly,Embodhi Integrative Wellness and Medspa,eversonfh.com,true,nicolek@eversonfh.com,pattern-guessing,0.38,false,,
149,Robert Wilske,Emorys Rock Realty,emorysrockrealty.com,true,robert@emorysrockrealty.com,pattern-guessing,0.38,false,,
149,Robert Wilske,Emorys Rock Realty,emorysrockrealty.com,true,robert.wilske@emorysrockrealty.com,pattern-guessing,0.38,false,,
149,Robert Wilske,Emorys Rock Realty,emorysrockrealty.com,true,robertwilske@emorysrockrealty.com,pattern-guessing,0.38,false,,
149,Robert Wilske,Emorys Rock Realty,emorysrockrealty.com,true,robert_wilske@emorysrockrealty.com,pattern-guessing,0.38,false,,
149,Robert Wilske,Emorys Rock Realty,emorysrockrealty.com,true,rwilske@emorysrockrealty.com,pattern-guessing,0.38,false,,
149,Robert Wilske,Emorys Rock Realty,emorysrockrealty.com,true,r.wilske@emorysrockrealty.com,pattern-guessing,0.38,false,,
149,Robert Wilske,Emorys Rock Realty,emorysrockrealty.com,true,robertw@emorysrockrealty.com,pattern-guessing,0.38,false,,
150,Tricia Boozer,EmpressIV Glow Hydration and Wellness,empressivglowhydrationandwellness.com,false,tricia@empressivglowhydrationandwellness.com,pattern-guessing,0.18,false,,
150,Tricia Boozer,EmpressIV Glow Hydration and Wellness,empressivglowhydrationandwellness.com,false,tricia.boozer@empressivglowhydrationandwellness.com,pattern-guessing,0.18,false,,
150,Tricia Boozer,EmpressIV Glow Hydration and Wellness,empressivglowhydrationandwellness.com,false,triciaboozer@empressivglowhydrationandwellness.com,pattern-guessing,0.18,false,,
150,Tricia Boozer,EmpressIV Glow Hydration and Wellness,empressivglowhydrationandwellness.com,false,tricia_boozer@empressivglowhydrationandwellness.com,pattern-guessing,0.18,false,,
150,Tricia Boozer,EmpressIV Glow Hydration and Wellness,empressivglowhydrationandwellness.com,false,tboozer@empressivglowhydrationandwellness.com,pattern-guessing,0.18,false,,
150,Tricia Boozer,EmpressIV Glow Hydration and Wellness,empressivglowhydrationandwellness.com,false,t.boozer@empressivglowhydrationandwellness.com,pattern-guessing,0.18,false,,
150,Tricia Boozer,EmpressIV Glow Hydration and Wellness,empressivglowhydrationandwellness.com,false,triciab@empressivglowhydrationandwellness.com,pattern-guessing,0.18,false,,
151,Fabiana Batista,"Epoch Logic, LLC.",epochmod.com,false,fabiana@epochmod.com,pattern-guessing,0.18,false,,
151,Fabiana Batista,"Epoch Logic, LLC.",epochmod.com,false,fabiana.batista@epochmod.com,pattern-guessing,0.18,false,,
151,Fabiana Batista,"Epoch Logic, LLC.",epochmod.com,false,fabianabatista@epochmod.com,pattern-guessing,0.18,false,,
151,Fabiana Batista,"Epoch Logic, LLC.",epochmod.com,false,fabiana_batista@epochmod.com,pattern-guessing,0.18,false,,
151,Fabiana Batista,"Epoch Logic, LLC.",epochmod.com,false,fbatista@epochmod.com,pattern-guessing,0.18,false,,
151,Fabiana Batista,"Epoch Logic, LLC.",epochmod.com,false,f.batista@epochmod.com,pattern-guessing,0.18,false,,
151,Fabiana Batista,"Epoch Logic, LLC.",epochmod.com,false,fabianab@epochmod.com,pattern-guessing,0.18,false,,
152,Ed Grube,"Epperson & WaterGrass Living, Tricia Boozer",eppersonandwatergrasslivingtriciaboozer.com,false,ed@eppersonandwatergrasslivingtriciaboozer.com,pattern-guessing,0.18,false,,
152,Ed Grube,"Epperson & WaterGrass Living, Tricia Boozer",eppersonandwatergrasslivingtriciaboozer.com,false,ed.grube@eppersonandwatergrasslivingtriciaboozer.com,pattern-guessing,0.18,false,,
152,Ed Grube,"Epperson & WaterGrass Living, Tricia Boozer",eppersonandwatergrasslivingtriciaboozer.com,false,edgrube@eppersonandwatergrasslivingtriciaboozer.com,pattern-guessing,0.18,false,,
152,Ed Grube,"Epperson & WaterGrass Living, Tricia Boozer",eppersonandwatergrasslivingtriciaboozer.com,false,ed_grube@eppersonandwatergrasslivingtriciaboozer.com,pattern-guessing,0.18,false,,
152,Ed Grube,"Epperson & WaterGrass Living, Tricia Boozer",eppersonandwatergrasslivingtriciaboozer.com,false,egrube@eppersonandwatergrasslivingtriciaboozer.com,pattern-guessing,0.18,false,,
152,Ed Grube,"Epperson & WaterGrass Living, Tricia Boozer",eppersonandwatergrasslivingtriciaboozer.com,false,e.grube@eppersonandwatergrasslivingtriciaboozer.com,pattern-guessing,0.18,false,,
152,Ed Grube,"Epperson & WaterGrass Living, Tricia Boozer",eppersonandwatergrasslivingtriciaboozer.com,false,edg@eppersonandwatergrasslivingtriciaboozer.com,pattern-guessing,0.18,false,,
153,Summer Abukhodeir,Essence Clinic,essenceclinic.com,false,summer@essenceclinic.com,pattern-guessing,0.18,false,,
153,Summer Abukhodeir,Essence Clinic,essenceclinic.com,false,summer.abukhodeir@essenceclinic.com,pattern-guessing,0.18,false,,
153,Summer Abukhodeir,Essence Clinic,essenceclinic.com,false,summerabukhodeir@essenceclinic.com,pattern-guessing,0.18,false,,
153,Summer Abukhodeir,Essence Clinic,essenceclinic.com,false,summer_abukhodeir@essenceclinic.com,pattern-guessing,0.18,false,,
153,Summer Abukhodeir,Essence Clinic,essenceclinic.com,false,sabukhodeir@essenceclinic.com,pattern-guessing,0.18,false,,
153,Summer Abukhodeir,Essence Clinic,essenceclinic.com,false,s.abukhodeir@essenceclinic.com,pattern-guessing,0.18,false,,
153,Summer Abukhodeir,Essence Clinic,essenceclinic.com,false,summera@essenceclinic.com,pattern-guessing,0.18,false,,
154,Mr. Mike Haisten,Events Done Right,eventsdoneright.com,false,mr@eventsdoneright.com,pattern-guessing,0.18,false,,
154,Mr. Mike Haisten,Events Done Right,eventsdoneright.com,false,mr.haisten@eventsdoneright.com,pattern-guessing,0.18,false,,
154,Mr. Mike Haisten,Events Done Right,eventsdoneright.com,false,mrhaisten@eventsdoneright.com,pattern-guessing,0.18,false,,
154,Mr. Mike Haisten,Events Done Right,eventsdoneright.com,false,mr_haisten@eventsdoneright.com,pattern-guessing,0.18,false,,
154,Mr. Mike Haisten,Events Done Right,eventsdoneright.com,false,mhaisten@eventsdoneright.com,pattern-guessing,0.18,false,,
154,Mr. Mike Haisten,Events Done Right,eventsdoneright.com,false,m.haisten@eventsdoneright.com,pattern-guessing,0.18,false,,
154,Mr. Mike Haisten,Events Done Right,eventsdoneright.com,false,mrh@eventsdoneright.com,pattern-guessing,0.18,false,,
155,M BHATT,Everchanging Wellness,everchangingwellness.com,true,m@everchangingwellness.com,pattern-guessing,0.38,false,,
155,M BHATT,Everchanging Wellness,everchangingwellness.com,true,m.bhatt@everchangingwellness.com,pattern-guessing,0.38,false,,
155,M BHATT,Everchanging Wellness,everchangingwellness.com,true,mbhatt@everchangingwellness.com,pattern-guessing,0.38,false,,
155,M BHATT,Everchanging Wellness,everchangingwellness.com,true,m_bhatt@everchangingwellness.com,pattern-guessing,0.38,false,,
155,M BHATT,Everchanging Wellness,everchangingwellness.com,true,mb@everchangingwellness.com,pattern-guessing,0.38,false,,
156,Ethel Smith,EVERYDAYPLUMBER.com,carsforsale.com,true,sales@carsforsale.com,web-scraping,0.54,false,https://carsforsale.com/,
156,Ethel Smith,EVERYDAYPLUMBER.com,carsforsale.com,true,ethel@carsforsale.com,pattern-guessing,0.38,false,,
156,Ethel Smith,EVERYDAYPLUMBER.com,carsforsale.com,true,ethel.smith@carsforsale.com,pattern-guessing,0.38,false,,
156,Ethel Smith,EVERYDAYPLUMBER.com,carsforsale.com,true,ethelsmith@carsforsale.com,pattern-guessing,0.38,false,,
156,Ethel Smith,EVERYDAYPLUMBER.com,carsforsale.com,true,ethel_smith@carsforsale.com,pattern-guessing,0.38,false,,
156,Ethel Smith,EVERYDAYPLUMBER.com,carsforsale.com,true,esmith@carsforsale.com,pattern-guessing,0.38,false,,
156,Ethel Smith,EVERYDAYPLUMBER.com,carsforsale.com,true,e.smith@carsforsale.com,pattern-guessing,0.38,false,,
156,Ethel Smith,EVERYDAYPLUMBER.com,carsforsale.com,true,ethels@carsforsale.com,pattern-guessing,0.38,false,,
157,Robert Senn,EXCELLENCE 1,excellence1.com,false,robert@excellence1.com,pattern-guessing,0.18,false,,
157,Robert Senn,EXCELLENCE 1,excellence1.com,false,robert.senn@excellence1.com,pattern-guessing,0.18,false,,
157,Robert Senn,EXCELLENCE 1,excellence1.com,false,robertsenn@excellence1.com,pattern-guessing,0.18,false,,
157,Robert Senn,EXCELLENCE 1,excellence1.com,false,robert_senn@excellence1.com,pattern-guessing,0.18,false,,
157,Robert Senn,EXCELLENCE 1,excellence1.com,false,rsenn@excellence1.com,pattern-guessing,0.18,false,,
157,Robert Senn,EXCELLENCE 1,excellence1.com,false,r.senn@excellence1.com,pattern-guessing,0.18,false,,
157,Robert Senn,EXCELLENCE 1,excellence1.com,false,roberts@excellence1.com,pattern-guessing,0.18,false,,
158,Johanna Amarante,Expanded Health,expandedhealth.com,false,johanna@expandedhealth.com,pattern-guessing,0.18,false,,
158,Johanna Amarante,Expanded Health,expandedhealth.com,false,johanna.amarante@expandedhealth.com,pattern-guessing,0.18,false,,
158,Johanna Amarante,Expanded Health,expandedhealth.com,false,johannaamarante@expandedhealth.com,pattern-guessing,0.18,false,,
158,Johanna Amarante,Expanded Health,expandedhealth.com,false,johanna_amarante@expandedhealth.com,pattern-guessing,0.18,false,,
158,Johanna Amarante,Expanded Health,expandedhealth.com,false,jamarante@expandedhealth.com,pattern-guessing,0.18,false,,
158,Johanna Amarante,Expanded Health,expandedhealth.com,false,j.amarante@expandedhealth.com,pattern-guessing,0.18,false,,
158,Johanna Amarante,Expanded Health,expandedhealth.com,false,johannaa@expandedhealth.com,pattern-guessing,0.18,false,,
159,Dipika Kansara,Express Oil Change & Tire Engineers,expressoilchangeandtireengineers.com,true,dipika@expressoilchangeandtireengineers.com,pattern-guessing,0.38,false,,
159,Dipika Kansara,Express Oil Change & Tire Engineers,expressoilchangeandtireengineers.com,true,dipika.kansara@expressoilchangeandtireengineers.com,pattern-guessing,0.38,false,,
159,Dipika Kansara,Express Oil Change & Tire Engineers,expressoilchangeandtireengineers.com,true,dipikakansara@expressoilchangeandtireengineers.com,pattern-guessing,0.38,false,,
159,Dipika Kansara,Express Oil Change & Tire Engineers,expressoilchangeandtireengineers.com,true,dipika_kansara@expressoilchangeandtireengineers.com,pattern-guessing,0.38,false,,
159,Dipika Kansara,Express Oil Change & Tire Engineers,expressoilchangeandtireengineers.com,true,dkansara@expressoilchangeandtireengineers.com,pattern-guessing,0.38,false,,
159,Dipika Kansara,Express Oil Change & Tire Engineers,expressoilchangeandtireengineers.com,true,d.kansara@expressoilchangeandtireengineers.com,pattern-guessing,0.38,false,,
159,Dipika Kansara,Express Oil Change & Tire Engineers,expressoilchangeandtireengineers.com,true,dipikak@expressoilchangeandtireengineers.com,pattern-guessing,0.38,false,,
160,Kristen Poland,Fabulously Made Salon & Hair Loss Solutions,fabulouslymadesalonandhairlosssolutions.com,false,kristen@fabulouslymadesalonandhairlosssolutions.com,pattern-guessing,0.18,false,,
160,Kristen Poland,Fabulously Made Salon & Hair Loss Solutions,fabulouslymadesalonandhairlosssolutions.com,false,kristen.poland@fabulouslymadesalonandhairlosssolutions.com,pattern-guessing,0.18,false,,
160,Kristen Poland,Fabulously Made Salon & Hair Loss Solutions,fabulouslymadesalonandhairlosssolutions.com,false,kristenpoland@fabulouslymadesalonandhairlosssolutions.com,pattern-guessing,0.18,false,,
160,Kristen Poland,Fabulously Made Salon & Hair Loss Solutions,fabulouslymadesalonandhairlosssolutions.com,false,kristen_poland@fabulouslymadesalonandhairlosssolutions.com,pattern-guessing,0.18,false,,
160,Kristen Poland,Fabulously Made Salon & Hair Loss Solutions,fabulouslymadesalonandhairlosssolutions.com,false,kpoland@fabulouslymadesalonandhairlosssolutions.com,pattern-guessing,0.18,false,,
160,Kristen Poland,Fabulously Made Salon & Hair Loss Solutions,fabulouslymadesalonandhairlosssolutions.com,false,k.poland@fabulouslymadesalonandhairlosssolutions.com,pattern-guessing,0.18,false,,
160,Kristen Poland,Fabulously Made Salon & Hair Loss Solutions,fabulouslymadesalonandhairlosssolutions.com,false,kristenp@fabulouslymadesalonandhairlosssolutions.com,pattern-guessing,0.18,false,,
161,Austin Wade,Fairfield by Marriott Tampa Wesley Chapel,fairfieldbymarriotttampawesleychapel.com,false,austin@fairfieldbymarriotttampawesleychapel.com,pattern-guessing,0.18,false,,
161,Austin Wade,Fairfield by Marriott Tampa Wesley Chapel,fairfieldbymarriotttampawesleychapel.com,false,austin.wade@fairfieldbymarriotttampawesleychapel.com,pattern-guessing,0.18,false,,
161,Austin Wade,Fairfield by Marriott Tampa Wesley Chapel,fairfieldbymarriotttampawesleychapel.com,false,austinwade@fairfieldbymarriotttampawesleychapel.com,pattern-guessing,0.18,false,,
161,Austin Wade,Fairfield by Marriott Tampa Wesley Chapel,fairfieldbymarriotttampawesleychapel.com,false,austin_wade@fairfieldbymarriotttampawesleychapel.com,pattern-guessing,0.18,false,,
161,Austin Wade,Fairfield by Marriott Tampa Wesley Chapel,fairfieldbymarriotttampawesleychapel.com,false,awade@fairfieldbymarriotttampawesleychapel.com,pattern-guessing,0.18,false,,
161,Austin Wade,Fairfield by Marriott Tampa Wesley Chapel,fairfieldbymarriotttampawesleychapel.com,false,a.wade@fairfieldbymarriotttampawesleychapel.com,pattern-guessing,0.18,false,,
161,Austin Wade,Fairfield by Marriott Tampa Wesley Chapel,fairfieldbymarriotttampawesleychapel.com,false,austinw@fairfieldbymarriotttampawesleychapel.com,pattern-guessing,0.18,false,,
162,Mr. Carlos L. Saenz,Family First Insurance Services - Allstate,familyfirstinsuranceservices-allstate.com,false,mr@familyfirstinsuranceservices-allstate.com,pattern-guessing,0.18,false,,
162,Mr. Carlos L. Saenz,Family First Insurance Services - Allstate,familyfirstinsuranceservices-allstate.com,false,mr.saenz@familyfirstinsuranceservices-allstate.com,pattern-guessing,0.18,false,,
162,Mr. Carlos L. Saenz,Family First Insurance Services - Allstate,familyfirstinsuranceservices-allstate.com,false,mrsaenz@familyfirstinsuranceservices-allstate.com,pattern-guessing,0.18,false,,
162,Mr. Carlos L. Saenz,Family First Insurance Services - Allstate,familyfirstinsuranceservices-allstate.com,false,mr_saenz@familyfirstinsuranceservices-allstate.com,pattern-guessing,0.18,false,,
162,Mr. Carlos L. Saenz,Family First Insurance Services - Allstate,familyfirstinsuranceservices-allstate.com,false,msaenz@familyfirstinsuranceservices-allstate.com,pattern-guessing,0.18,false,,
162,Mr. Carlos L. Saenz,Family First Insurance Services - Allstate,familyfirstinsuranceservices-allstate.com,false,m.saenz@familyfirstinsuranceservices-allstate.com,pattern-guessing,0.18,false,,
162,Mr. Carlos L. Saenz,Family First Insurance Services - Allstate,familyfirstinsuranceservices-allstate.com,false,mrs@familyfirstinsuranceservices-allstate.com,pattern-guessing,0.18,false,,
163,Michael OConnell,Farm Bureau Insurance,frommfamily.com,true,michael@frommfamily.com,pattern-guessing,0.38,false,,
163,Michael OConnell,Farm Bureau Insurance,frommfamily.com,true,michael.oconnell@frommfamily.com,pattern-guessing,0.38,false,,
163,Michael OConnell,Farm Bureau Insurance,frommfamily.com,true,michaeloconnell@frommfamily.com,pattern-guessing,0.38,false,,
163,Michael OConnell,Farm Bureau Insurance,frommfamily.com,true,michael_oconnell@frommfamily.com,pattern-guessing,0.38,false,,
163,Michael OConnell,Farm Bureau Insurance,frommfamily.com,true,moconnell@frommfamily.com,pattern-guessing,0.38,false,,
163,Michael OConnell,Farm Bureau Insurance,frommfamily.com,true,m.oconnell@frommfamily.com,pattern-guessing,0.38,false,,
163,Michael OConnell,Farm Bureau Insurance,frommfamily.com,true,michaelo@frommfamily.com,pattern-guessing,0.38,false,,
164,Mrs. Tori Linville,Fazoli's,fazolis.com,true,mrs@fazolis.com,pattern-guessing,0.38,false,,
164,Mrs. Tori Linville,Fazoli's,fazolis.com,true,mrs.linville@fazolis.com,pattern-guessing,0.38,false,,
164,Mrs. Tori Linville,Fazoli's,fazolis.com,true,mrslinville@fazolis.com,pattern-guessing,0.38,false,,
164,Mrs. Tori Linville,Fazoli's,fazolis.com,true,mrs_linville@fazolis.com,pattern-guessing,0.38,false,,
164,Mrs. Tori Linville,Fazoli's,fazolis.com,true,mlinville@fazolis.com,pattern-guessing,0.38,false,,
164,Mrs. Tori Linville,Fazoli's,fazolis.com,true,m.linville@fazolis.com,pattern-guessing,0.38,false,,
164,Mrs. Tori Linville,Fazoli's,fazolis.com,true,mrsl@fazolis.com,pattern-guessing,0.38,false,,
165,Samantha Hartig,FFA,ffa.com,false,samantha@ffa.com,pattern-guessing,0.18,false,,
165,Samantha Hartig,FFA,ffa.com,false,samantha.hartig@ffa.com,pattern-guessing,0.18,false,,
165,Samantha Hartig,FFA,ffa.com,false,samanthahartig@ffa.com,pattern-guessing,0.18,false,,
165,Samantha Hartig,FFA,ffa.com,false,samantha_hartig@ffa.com,pattern-guessing,0.18,false,,
165,Samantha Hartig,FFA,ffa.com,false,shartig@ffa.com,pattern-guessing,0.18,false,,
165,Samantha Hartig,FFA,ffa.com,false,s.hartig@ffa.com,pattern-guessing,0.18,false,,
165,Samantha Hartig,FFA,ffa.com,false,samanthah@ffa.com,pattern-guessing,0.18,false,,
166,Maxy Dorvilus,"FiCare Federal Credit Union, Healthcare's Financial Partner",familyintegratedcare.com,true,maxy@familyintegratedcare.com,pattern-guessing,0.38,false,,
166,Maxy Dorvilus,"FiCare Federal Credit Union, Healthcare's Financial Partner",familyintegratedcare.com,true,maxy.dorvilus@familyintegratedcare.com,pattern-guessing,0.38,false,,
166,Maxy Dorvilus,"FiCare Federal Credit Union, Healthcare's Financial Partner",familyintegratedcare.com,true,maxydorvilus@familyintegratedcare.com,pattern-guessing,0.38,false,,
166,Maxy Dorvilus,"FiCare Federal Credit Union, Healthcare's Financial Partner",familyintegratedcare.com,true,maxy_dorvilus@familyintegratedcare.com,pattern-guessing,0.38,false,,
166,Maxy Dorvilus,"FiCare Federal Credit Union, Healthcare's Financial Partner",familyintegratedcare.com,true,mdorvilus@familyintegratedcare.com,pattern-guessing,0.38,false,,
166,Maxy Dorvilus,"FiCare Federal Credit Union, Healthcare's Financial Partner",familyintegratedcare.com,true,m.dorvilus@familyintegratedcare.com,pattern-guessing,0.38,false,,
166,Maxy Dorvilus,"FiCare Federal Credit Union, Healthcare's Financial Partner",familyintegratedcare.com,true,maxyd@familyintegratedcare.com,pattern-guessing,0.38,false,,
167,Neil Allen,Fierce Flamingo Studio,fierceflamingostudio.com,true,neil@fierceflamingostudio.com,pattern-guessing,0.38,false,,
167,Neil Allen,Fierce Flamingo Studio,fierceflamingostudio.com,true,neil.allen@fierceflamingostudio.com,pattern-guessing,0.38,false,,
167,Neil Allen,Fierce Flamingo Studio,fierceflamingostudio.com,true,neilallen@fierceflamingostudio.com,pattern-guessing,0.38,false,,
167,Neil Allen,Fierce Flamingo Studio,fierceflamingostudio.com,true,neil_allen@fierceflamingostudio.com,pattern-guessing,0.38,false,,
167,Neil Allen,Fierce Flamingo Studio,fierceflamingostudio.com,true,nallen@fierceflamingostudio.com,pattern-guessing,0.38,false,,
167,Neil Allen,Fierce Flamingo Studio,fierceflamingostudio.com,true,n.allen@fierceflamingostudio.com,pattern-guessing,0.38,false,,
167,Neil Allen,Fierce Flamingo Studio,fierceflamingostudio.com,true,neila@fierceflamingostudio.com,pattern-guessing,0.38,false,,
168,Tommy Kristian,Fifth Third Bank,53.com,true,tommy@53.com,pattern-guessing,0.38,false,,
168,Tommy Kristian,Fifth Third Bank,53.com,true,tommy.kristian@53.com,pattern-guessing,0.38,false,,
168,Tommy Kristian,Fifth Third Bank,53.com,true,tommykristian@53.com,pattern-guessing,0.38,false,,
168,Tommy Kristian,Fifth Third Bank,53.com,true,tommy_kristian@53.com,pattern-guessing,0.38,false,,
168,Tommy Kristian,Fifth Third Bank,53.com,true,tkristian@53.com,pattern-guessing,0.38,false,,
168,Tommy Kristian,Fifth Third Bank,53.com,true,t.kristian@53.com,pattern-guessing,0.38,false,,
168,Tommy Kristian,Fifth Third Bank,53.com,true,tommyk@53.com,pattern-guessing,0.38,false,,
169,Kim Lowe,First Class Grass,firstclassgrass.com,true,kim@firstclassgrass.com,pattern-guessing,0.38,false,,
169,Kim Lowe,First Class Grass,firstclassgrass.com,true,kim.lowe@firstclassgrass.com,pattern-guessing,0.38,false,,
169,Kim Lowe,First Class Grass,firstclassgrass.com,true,kimlowe@firstclassgrass.com,pattern-guessing,0.38,false,,
169,Kim Lowe,First Class Grass,firstclassgrass.com,true,kim_lowe@firstclassgrass.com,pattern-guessing,0.38,false,,
169,Kim Lowe,First Class Grass,firstclassgrass.com,true,klowe@firstclassgrass.com,pattern-guessing,0.38,false,,
169,Kim Lowe,First Class Grass,firstclassgrass.com,true,k.lowe@firstclassgrass.com,pattern-guessing,0.38,false,,
169,Kim Lowe,First Class Grass,firstclassgrass.com,true,kiml@firstclassgrass.com,pattern-guessing,0.38,false,,
170,Anthony Derby,First National Bank of Pasco,firstnationalbankofpasco.com,false,anthony@firstnationalbankofpasco.com,pattern-guessing,0.18,false,,
170,Anthony Derby,First National Bank of Pasco,firstnationalbankofpasco.com,false,anthony.derby@firstnationalbankofpasco.com,pattern-guessing,0.18,false,,
170,Anthony Derby,First National Bank of Pasco,firstnationalbankofpasco.com,false,anthonyderby@firstnationalbankofpasco.com,pattern-guessing,0.18,false,,
170,Anthony Derby,First National Bank of Pasco,firstnationalbankofpasco.com,false,anthony_derby@firstnationalbankofpasco.com,pattern-guessing,0.18,false,,
170,Anthony Derby,First National Bank of Pasco,firstnationalbankofpasco.com,false,aderby@firstnationalbankofpasco.com,pattern-guessing,0.18,false,,
170,Anthony Derby,First National Bank of Pasco,firstnationalbankofpasco.com,false,a.derby@firstnationalbankofpasco.com,pattern-guessing,0.18,false,,
170,Anthony Derby,First National Bank of Pasco,firstnationalbankofpasco.com,false,anthonyd@firstnationalbankofpasco.com,pattern-guessing,0.18,false,,
171,Ryan Ward,Fish Window Cleaning,oregonfishingforum.com,true,ryan@oregonfishingforum.com,pattern-guessing,0.38,false,,
171,Ryan Ward,Fish Window Cleaning,oregonfishingforum.com,true,ryan.ward@oregonfishingforum.com,pattern-guessing,0.38,false,,
171,Ryan Ward,Fish Window Cleaning,oregonfishingforum.com,true,ryanward@oregonfishingforum.com,pattern-guessing,0.38,false,,
171,Ryan Ward,Fish Window Cleaning,oregonfishingforum.com,true,ryan_ward@oregonfishingforum.com,pattern-guessing,0.38,false,,
171,Ryan Ward,Fish Window Cleaning,oregonfishingforum.com,true,rward@oregonfishingforum.com,pattern-guessing,0.38,false,,
171,Ryan Ward,Fish Window Cleaning,oregonfishingforum.com,true,r.ward@oregonfishingforum.com,pattern-guessing,0.38,false,,
171,Ryan Ward,Fish Window Cleaning,oregonfishingforum.com,true,ryanw@oregonfishingforum.com,pattern-guessing,0.38,false,,
172,Kat Romanowski-Wade,Florida Avenue Brewing Co.,floridaavenuebrewing.com,false,kat@floridaavenuebrewing.com,pattern-guessing,0.18,false,,
172,Kat Romanowski-Wade,Florida Avenue Brewing Co.,floridaavenuebrewing.com,false,kat.romanowski-wade@floridaavenuebrewing.com,pattern-guessing,0.18,false,,
172,Kat Romanowski-Wade,Florida Avenue Brewing Co.,floridaavenuebrewing.com,false,katromanowski-wade@floridaavenuebrewing.com,pattern-guessing,0.18,false,,
172,Kat Romanowski-Wade,Florida Avenue Brewing Co.,floridaavenuebrewing.com,false,kat_romanowski-wade@floridaavenuebrewing.com,pattern-guessing,0.18,false,,
172,Kat Romanowski-Wade,Florida Avenue Brewing Co.,floridaavenuebrewing.com,false,kromanowski-wade@floridaavenuebrewing.com,pattern-guessing,0.18,false,,
172,Kat Romanowski-Wade,Florida Avenue Brewing Co.,floridaavenuebrewing.com,false,k.romanowski-wade@floridaavenuebrewing.com,pattern-guessing,0.18,false,,
172,Kat Romanowski-Wade,Florida Avenue Brewing Co.,floridaavenuebrewing.com,false,katr@floridaavenuebrewing.com,pattern-guessing,0.18,false,,
173,Kelli Gasquez,Florida Blue,floridablue.com,true,kelli@floridablue.com,pattern-guessing,0.38,false,,
173,Kelli Gasquez,Florida Blue,floridablue.com,true,kelli.gasquez@floridablue.com,pattern-guessing,0.38,false,,
173,Kelli Gasquez,Florida Blue,floridablue.com,true,kelligasquez@floridablue.com,pattern-guessing,0.38,false,,
173,Kelli Gasquez,Florida Blue,floridablue.com,true,kelli_gasquez@floridablue.com,pattern-guessing,0.38,false,,
173,Kelli Gasquez,Florida Blue,floridablue.com,true,kgasquez@floridablue.com,pattern-guessing,0.38,false,,
173,Kelli Gasquez,Florida Blue,floridablue.com,true,k.gasquez@floridablue.com,pattern-guessing,0.38,false,,
173,Kelli Gasquez,Florida Blue,floridablue.com,true,kellig@floridablue.com,pattern-guessing,0.38,false,,
174,Kat Haylock,Florida Cancer Specialists & Research Institute - Wesley Chapel,floridacancerspecialistsandresearchinstitute-wesleychapel.com,false,kat@floridacancerspecialistsandresearchinstitute-wesleychapel.com,pattern-guessing,0.18,false,,
174,Kat Haylock,Florida Cancer Specialists & Research Institute - Wesley Chapel,floridacancerspecialistsandresearchinstitute-wesleychapel.com,false,kat.haylock@floridacancerspecialistsandresearchinstitute-wesleychapel.com,pattern-guessing,0.18,false,,
174,Kat Haylock,Florida Cancer Specialists & Research Institute - Wesley Chapel,floridacancerspecialistsandresearchinstitute-wesleychapel.com,false,kathaylock@floridacancerspecialistsandresearchinstitute-wesleychapel.com,pattern-guessing,0.18,false,,
174,Kat Haylock,Florida Cancer Specialists & Research Institute - Wesley Chapel,floridacancerspecialistsandresearchinstitute-wesleychapel.com,false,kat_haylock@floridacancerspecialistsandresearchinstitute-wesleychapel.com,pattern-guessing,0.18,false,,
174,Kat Haylock,Florida Cancer Specialists & Research Institute - Wesley Chapel,floridacancerspecialistsandresearchinstitute-wesleychapel.com,false,khaylock@floridacancerspecialistsandresearchinstitute-wesleychapel.com,pattern-guessing,0.18,false,,
174,Kat Haylock,Florida Cancer Specialists & Research Institute - Wesley Chapel,floridacancerspecialistsandresearchinstitute-wesleychapel.com,false,k.haylock@floridacancerspecialistsandresearchinstitute-wesleychapel.com,pattern-guessing,0.18,false,,
174,Kat Haylock,Florida Cancer Specialists & Research Institute - Wesley Chapel,floridacancerspecialistsandresearchinstitute-wesleychapel.com,false,kath@floridacancerspecialistsandresearchinstitute-wesleychapel.com,pattern-guessing,0.18,false,,
175,Jeff Lewis,Florida Cancer Specialists & Research Institute - Trinity,floridacancerspecialistsandresearchinstitute-trinity.com,false,jeff@floridacancerspecialistsandresearchinstitute-trinity.com,pattern-guessing,0.18,false,,
175,Jeff Lewis,Florida Cancer Specialists & Research Institute - Trinity,floridacancerspecialistsandresearchinstitute-trinity.com,false,jeff.lewis@floridacancerspecialistsandresearchinstitute-trinity.com,pattern-guessing,0.18,false,,
175,Jeff Lewis,Florida Cancer Specialists & Research Institute - Trinity,floridacancerspecialistsandresearchinstitute-trinity.com,false,jefflewis@floridacancerspecialistsandresearchinstitute-trinity.com,pattern-guessing,0.18,false,,
175,Jeff Lewis,Florida Cancer Specialists & Research Institute - Trinity,floridacancerspecialistsandresearchinstitute-trinity.com,false,jeff_lewis@floridacancerspecialistsandresearchinstitute-trinity.com,pattern-guessing,0.18,false,,
175,Jeff Lewis,Florida Cancer Specialists & Research Institute - Trinity,floridacancerspecialistsandresearchinstitute-trinity.com,false,jlewis@floridacancerspecialistsandresearchinstitute-trinity.com,pattern-guessing,0.18,false,,
175,Jeff Lewis,Florida Cancer Specialists & Research Institute - Trinity,floridacancerspecialistsandresearchinstitute-trinity.com,false,j.lewis@floridacancerspecialistsandresearchinstitute-trinity.com,pattern-guessing,0.18,false,,
175,Jeff Lewis,Florida Cancer Specialists & Research Institute - Trinity,floridacancerspecialistsandresearchinstitute-trinity.com,false,jeffl@floridacancerspecialistsandresearchinstitute-trinity.com,pattern-guessing,0.18,false,,
176,Gary Cucchi,Florida Cancer Specialists & Research Institute - Zephyrhills Green Slope,floridacancerspecialistsandresearchinstitute-zephyrhillsgreenslope.com,false,gary@floridacancerspecialistsandresearchinstitute-zephyrhillsgreenslope.com,pattern-guessing,0.18,false,,
176,Gary Cucchi,Florida Cancer Specialists & Research Institute - Zephyrhills Green Slope,floridacancerspecialistsandresearchinstitute-zephyrhillsgreenslope.com,false,gary.cucchi@floridacancerspecialistsandresearchinstitute-zephyrhillsgreenslope.com,pattern-guessing,0.18,false,,
176,Gary Cucchi,Florida Cancer Specialists & Research Institute - Zephyrhills Green Slope,floridacancerspecialistsandresearchinstitute-zephyrhillsgreenslope.com,false,garycucchi@floridacancerspecialistsandresearchinstitute-zephyrhillsgreenslope.com,pattern-guessing,0.18,false,,
176,Gary Cucchi,Florida Cancer Specialists & Research Institute - Zephyrhills Green Slope,floridacancerspecialistsandresearchinstitute-zephyrhillsgreenslope.com,false,gary_cucchi@floridacancerspecialistsandresearchinstitute-zephyrhillsgreenslope.com,pattern-guessing,0.18,false,,
176,Gary Cucchi,Florida Cancer Specialists & Research Institute - Zephyrhills Green Slope,floridacancerspecialistsandresearchinstitute-zephyrhillsgreenslope.com,false,gcucchi@floridacancerspecialistsandresearchinstitute-zephyrhillsgreenslope.com,pattern-guessing,0.18,false,,
176,Gary Cucchi,Florida Cancer Specialists & Research Institute - Zephyrhills Green Slope,floridacancerspecialistsandresearchinstitute-zephyrhillsgreenslope.com,false,g.cucchi@floridacancerspecialistsandresearchinstitute-zephyrhillsgreenslope.com,pattern-guessing,0.18,false,,
176,Gary Cucchi,Florida Cancer Specialists & Research Institute - Zephyrhills Green Slope,floridacancerspecialistsandresearchinstitute-zephyrhillsgreenslope.com,false,garyc@floridacancerspecialistsandresearchinstitute-zephyrhillsgreenslope.com,pattern-guessing,0.18,false,,
177,shereen ibrahim,Florida Central Credit Union,floridacentralcreditunion.com,false,shereen@floridacentralcreditunion.com,pattern-guessing,0.18,false,,
177,shereen ibrahim,Florida Central Credit Union,floridacentralcreditunion.com,false,shereen.ibrahim@floridacentralcreditunion.com,pattern-guessing,0.18,false,,
177,shereen ibrahim,Florida Central Credit Union,floridacentralcreditunion.com,false,shereenibrahim@floridacentralcreditunion.com,pattern-guessing,0.18,false,,
177,shereen ibrahim,Florida Central Credit Union,floridacentralcreditunion.com,false,shereen_ibrahim@floridacentralcreditunion.com,pattern-guessing,0.18,false,,
177,shereen ibrahim,Florida Central Credit Union,floridacentralcreditunion.com,false,sibrahim@floridacentralcreditunion.com,pattern-guessing,0.18,false,,
177,shereen ibrahim,Florida Central Credit Union,floridacentralcreditunion.com,false,s.ibrahim@floridacentralcreditunion.com,pattern-guessing,0.18,false,,
177,shereen ibrahim,Florida Central Credit Union,floridacentralcreditunion.com,false,shereeni@floridacentralcreditunion.com,pattern-guessing,0.18,false,,
178,Drew Cecere,Florida Educators Insurance & GAC Wealth Management,floridaeducatorsinsuranceandgacwealthmanagement.com,false,drew@floridaeducatorsinsuranceandgacwealthmanagement.com,pattern-guessing,0.18,false,,
178,Drew Cecere,Florida Educators Insurance & GAC Wealth Management,floridaeducatorsinsuranceandgacwealthmanagement.com,false,drew.cecere@floridaeducatorsinsuranceandgacwealthmanagement.com,pattern-guessing,0.18,false,,
178,Drew Cecere,Florida Educators Insurance & GAC Wealth Management,floridaeducatorsinsuranceandgacwealthmanagement.com,false,drewcecere@floridaeducatorsinsuranceandgacwealthmanagement.com,pattern-guessing,0.18,false,,
178,Drew Cecere,Florida Educators Insurance & GAC Wealth Management,floridaeducatorsinsuranceandgacwealthmanagement.com,false,drew_cecere@floridaeducatorsinsuranceandgacwealthmanagement.com,pattern-guessing,0.18,false,,
178,Drew Cecere,Florida Educators Insurance & GAC Wealth Management,floridaeducatorsinsuranceandgacwealthmanagement.com,false,dcecere@floridaeducatorsinsuranceandgacwealthmanagement.com,pattern-guessing,0.18,false,,
178,Drew Cecere,Florida Educators Insurance & GAC Wealth Management,floridaeducatorsinsuranceandgacwealthmanagement.com,false,d.cecere@floridaeducatorsinsuranceandgacwealthmanagement.com,pattern-guessing,0.18,false,,
178,Drew Cecere,Florida Educators Insurance & GAC Wealth Management,floridaeducatorsinsuranceandgacwealthmanagement.com,false,drewc@floridaeducatorsinsuranceandgacwealthmanagement.com,pattern-guessing,0.18,false,,
179,Gaby LaJeunesse,Florida Life Rehab for Physical Therapy,floridaliferehabforphysicaltherapy.com,false,gaby@floridaliferehabforphysicaltherapy.com,pattern-guessing,0.18,false,,
179,Gaby LaJeunesse,Florida Life Rehab for Physical Therapy,floridaliferehabforphysicaltherapy.com,false,gaby.lajeunesse@floridaliferehabforphysicaltherapy.com,pattern-guessing,0.18,false,,
179,Gaby LaJeunesse,Florida Life Rehab for Physical Therapy,floridaliferehabforphysicaltherapy.com,false,gabylajeunesse@floridaliferehabforphysicaltherapy.com,pattern-guessing,0.18,false,,
179,Gaby LaJeunesse,Florida Life Rehab for Physical Therapy,floridaliferehabforphysicaltherapy.com,false,gaby_lajeunesse@floridaliferehabforphysicaltherapy.com,pattern-guessing,0.18,false,,
179,Gaby LaJeunesse,Florida Life Rehab for Physical Therapy,floridaliferehabforphysicaltherapy.com,false,glajeunesse@floridaliferehabforphysicaltherapy.com,pattern-guessing,0.18,false,,
179,Gaby LaJeunesse,Florida Life Rehab for Physical Therapy,floridaliferehabforphysicaltherapy.com,false,g.lajeunesse@floridaliferehabforphysicaltherapy.com,pattern-guessing,0.18,false,,
179,Gaby LaJeunesse,Florida Life Rehab for Physical Therapy,floridaliferehabforphysicaltherapy.com,false,gabyl@floridaliferehabforphysicaltherapy.com,pattern-guessing,0.18,false,,
180,Rene Carpena,Florida Penguin Productions,floridapenguinproductions.com,true,drew@floridapenguinproductions.com,web-scraping,0.72,false,https://floridapenguinproductions.com/contact-us,
180,Rene Carpena,Florida Penguin Productions,floridapenguinproductions.com,true,rene@floridapenguinproductions.com,pattern-guessing,0.38,false,,
180,Rene Carpena,Florida Penguin Productions,floridapenguinproductions.com,true,rene.carpena@floridapenguinproductions.com,pattern-guessing,0.38,false,,
180,Rene Carpena,Florida Penguin Productions,floridapenguinproductions.com,true,renecarpena@floridapenguinproductions.com,pattern-guessing,0.38,false,,
180,Rene Carpena,Florida Penguin Productions,floridapenguinproductions.com,true,rene_carpena@floridapenguinproductions.com,pattern-guessing,0.38,false,,
180,Rene Carpena,Florida Penguin Productions,floridapenguinproductions.com,true,rcarpena@floridapenguinproductions.com,pattern-guessing,0.38,false,,
180,Rene Carpena,Florida Penguin Productions,floridapenguinproductions.com,true,r.carpena@floridapenguinproductions.com,pattern-guessing,0.38,false,,
180,Rene Carpena,Florida Penguin Productions,floridapenguinproductions.com,true,renec@floridapenguinproductions.com,pattern-guessing,0.38,false,,
181,Nick Lee,Florida's Sports Coast,floridassportscoast.com,false,nick@floridassportscoast.com,pattern-guessing,0.18,false,,
181,Nick Lee,Florida's Sports Coast,floridassportscoast.com,false,nick.lee@floridassportscoast.com,pattern-guessing,0.18,false,,
181,Nick Lee,Florida's Sports Coast,floridassportscoast.com,false,nicklee@floridassportscoast.com,pattern-guessing,0.18,false,,
181,Nick Lee,Florida's Sports Coast,floridassportscoast.com,false,nick_lee@floridassportscoast.com,pattern-guessing,0.18,false,,
181,Nick Lee,Florida's Sports Coast,floridassportscoast.com,false,nlee@floridassportscoast.com,pattern-guessing,0.18,false,,
181,Nick Lee,Florida's Sports Coast,floridassportscoast.com,false,n.lee@floridassportscoast.com,pattern-guessing,0.18,false,,
181,Nick Lee,Florida's Sports Coast,floridassportscoast.com,false,nickl@floridassportscoast.com,pattern-guessing,0.18,false,,
182,Mike Carleton,"Florida’s 1st Choice Realty, LLC",floridas1stchoicerealty.com,false,mike@floridas1stchoicerealty.com,pattern-guessing,0.18,false,,
182,Mike Carleton,"Florida’s 1st Choice Realty, LLC",floridas1stchoicerealty.com,false,mike.carleton@floridas1stchoicerealty.com,pattern-guessing,0.18,false,,
182,Mike Carleton,"Florida’s 1st Choice Realty, LLC",floridas1stchoicerealty.com,false,mikecarleton@floridas1stchoicerealty.com,pattern-guessing,0.18,false,,
182,Mike Carleton,"Florida’s 1st Choice Realty, LLC",floridas1stchoicerealty.com,false,mike_carleton@floridas1stchoicerealty.com,pattern-guessing,0.18,false,,
182,Mike Carleton,"Florida’s 1st Choice Realty, LLC",floridas1stchoicerealty.com,false,mcarleton@floridas1stchoicerealty.com,pattern-guessing,0.18,false,,
182,Mike Carleton,"Florida’s 1st Choice Realty, LLC",floridas1stchoicerealty.com,false,m.carleton@floridas1stchoicerealty.com,pattern-guessing,0.18,false,,
182,Mike Carleton,"Florida’s 1st Choice Realty, LLC",floridas1stchoicerealty.com,false,mikec@floridas1stchoicerealty.com,pattern-guessing,0.18,false,,
183,Eric Edmonds,Ford's Garage Wesley Chapel,fordsgaragewesleychapel.com,false,eric@fordsgaragewesleychapel.com,pattern-guessing,0.18,false,,
183,Eric Edmonds,Ford's Garage Wesley Chapel,fordsgaragewesleychapel.com,false,eric.edmonds@fordsgaragewesleychapel.com,pattern-guessing,0.18,false,,
183,Eric Edmonds,Ford's Garage Wesley Chapel,fordsgaragewesleychapel.com,false,ericedmonds@fordsgaragewesleychapel.com,pattern-guessing,0.18,false,,
183,Eric Edmonds,Ford's Garage Wesley Chapel,fordsgaragewesleychapel.com,false,eric_edmonds@fordsgaragewesleychapel.com,pattern-guessing,0.18,false,,
183,Eric Edmonds,Ford's Garage Wesley Chapel,fordsgaragewesleychapel.com,false,eedmonds@fordsgaragewesleychapel.com,pattern-guessing,0.18,false,,
183,Eric Edmonds,Ford's Garage Wesley Chapel,fordsgaragewesleychapel.com,false,e.edmonds@fordsgaragewesleychapel.com,pattern-guessing,0.18,false,,
183,Eric Edmonds,Ford's Garage Wesley Chapel,fordsgaragewesleychapel.com,false,erice@fordsgaragewesleychapel.com,pattern-guessing,0.18,false,,
184,Leo Horlier,Forty-Second Street,forty-secondstreet.com,false,leo@forty-secondstreet.com,pattern-guessing,0.18,false,,
184,Leo Horlier,Forty-Second Street,forty-secondstreet.com,false,leo.horlier@forty-secondstreet.com,pattern-guessing,0.18,false,,
184,Leo Horlier,Forty-Second Street,forty-secondstreet.com,false,leohorlier@forty-secondstreet.com,pattern-guessing,0.18,false,,
184,Leo Horlier,Forty-Second Street,forty-secondstreet.com,false,leo_horlier@forty-secondstreet.com,pattern-guessing,0.18,false,,
184,Leo Horlier,Forty-Second Street,forty-secondstreet.com,false,lhorlier@forty-secondstreet.com,pattern-guessing,0.18,false,,
184,Leo Horlier,Forty-Second Street,forty-secondstreet.com,false,l.horlier@forty-secondstreet.com,pattern-guessing,0.18,false,,
184,Leo Horlier,Forty-Second Street,forty-secondstreet.com,false,leoh@forty-secondstreet.com,pattern-guessing,0.18,false,,
185,Keerthi Gollamudi,FRDM 5 LLC dba JIMMY JOHNS,frdm5dbajimmyjohns.com,false,keerthi@frdm5dbajimmyjohns.com,pattern-guessing,0.18,false,,
185,Keerthi Gollamudi,FRDM 5 LLC dba JIMMY JOHNS,frdm5dbajimmyjohns.com,false,keerthi.gollamudi@frdm5dbajimmyjohns.com,pattern-guessing,0.18,false,,
185,Keerthi Gollamudi,FRDM 5 LLC dba JIMMY JOHNS,frdm5dbajimmyjohns.com,false,keerthigollamudi@frdm5dbajimmyjohns.com,pattern-guessing,0.18,false,,
185,Keerthi Gollamudi,FRDM 5 LLC dba JIMMY JOHNS,frdm5dbajimmyjohns.com,false,keerthi_gollamudi@frdm5dbajimmyjohns.com,pattern-guessing,0.18,false,,
185,Keerthi Gollamudi,FRDM 5 LLC dba JIMMY JOHNS,frdm5dbajimmyjohns.com,false,kgollamudi@frdm5dbajimmyjohns.com,pattern-guessing,0.18,false,,
185,Keerthi Gollamudi,FRDM 5 LLC dba JIMMY JOHNS,frdm5dbajimmyjohns.com,false,k.gollamudi@frdm5dbajimmyjohns.com,pattern-guessing,0.18,false,,
185,Keerthi Gollamudi,FRDM 5 LLC dba JIMMY JOHNS,frdm5dbajimmyjohns.com,false,keerthig@frdm5dbajimmyjohns.com,pattern-guessing,0.18,false,,
186,Anna Garst,French Flare LLC,elderlawanswers.com,true,anna@elderlawanswers.com,pattern-guessing,0.38,false,,
186,Anna Garst,French Flare LLC,elderlawanswers.com,true,anna.garst@elderlawanswers.com,pattern-guessing,0.38,false,,
186,Anna Garst,French Flare LLC,elderlawanswers.com,true,annagarst@elderlawanswers.com,pattern-guessing,0.38,false,,
186,Anna Garst,French Flare LLC,elderlawanswers.com,true,anna_garst@elderlawanswers.com,pattern-guessing,0.38,false,,
186,Anna Garst,French Flare LLC,elderlawanswers.com,true,agarst@elderlawanswers.com,pattern-guessing,0.38,false,,
186,Anna Garst,French Flare LLC,elderlawanswers.com,true,a.garst@elderlawanswers.com,pattern-guessing,0.38,false,,
186,Anna Garst,French Flare LLC,elderlawanswers.com,true,annag@elderlawanswers.com,pattern-guessing,0.38,false,,
187,Mr. Aaron Banks,Fresh Monkee Wesley Chapel,freshmonkeewesleychapel.com,false,mr@freshmonkeewesleychapel.com,pattern-guessing,0.18,false,,
187,Mr. Aaron Banks,Fresh Monkee Wesley Chapel,freshmonkeewesleychapel.com,false,mr.banks@freshmonkeewesleychapel.com,pattern-guessing,0.18,false,,
187,Mr. Aaron Banks,Fresh Monkee Wesley Chapel,freshmonkeewesleychapel.com,false,mrbanks@freshmonkeewesleychapel.com,pattern-guessing,0.18,false,,
187,Mr. Aaron Banks,Fresh Monkee Wesley Chapel,freshmonkeewesleychapel.com,false,mr_banks@freshmonkeewesleychapel.com,pattern-guessing,0.18,false,,
187,Mr. Aaron Banks,Fresh Monkee Wesley Chapel,freshmonkeewesleychapel.com,false,mbanks@freshmonkeewesleychapel.com,pattern-guessing,0.18,false,,
187,Mr. Aaron Banks,Fresh Monkee Wesley Chapel,freshmonkeewesleychapel.com,false,m.banks@freshmonkeewesleychapel.com,pattern-guessing,0.18,false,,
187,Mr. Aaron Banks,Fresh Monkee Wesley Chapel,freshmonkeewesleychapel.com,false,mrb@freshmonkeewesleychapel.com,pattern-guessing,0.18,false,,
188,Erica Hudgens,Fun 4 Tampa Kids,parade.com,true,erica@parade.com,pattern-guessing,0.38,false,,
188,Erica Hudgens,Fun 4 Tampa Kids,parade.com,true,erica.hudgens@parade.com,pattern-guessing,0.38,false,,
188,Erica Hudgens,Fun 4 Tampa Kids,parade.com,true,ericahudgens@parade.com,pattern-guessing,0.38,false,,
188,Erica Hudgens,Fun 4 Tampa Kids,parade.com,true,erica_hudgens@parade.com,pattern-guessing,0.38,false,,
188,Erica Hudgens,Fun 4 Tampa Kids,parade.com,true,ehudgens@parade.com,pattern-guessing,0.38,false,,
188,Erica Hudgens,Fun 4 Tampa Kids,parade.com,true,e.hudgens@parade.com,pattern-guessing,0.38,false,,
188,Erica Hudgens,Fun 4 Tampa Kids,parade.com,true,ericah@parade.com,pattern-guessing,0.38,false,,
189,Christian Gladwell,"Furr, Wegman & Banks Architects",felineurbanrescueandrehab.org,true,donations@felineurbanrescueandrehab.org,web-scraping,0.72,false,https://felineurbanrescueandrehab.org/,
189,Christian Gladwell,"Furr, Wegman & Banks Architects",felineurbanrescueandrehab.org,true,info@felineurbanrescueandrehab.org,web-scraping,0.54,false,https://felineurbanrescueandrehab.org/,
189,Christian Gladwell,"Furr, Wegman & Banks Architects",felineurbanrescueandrehab.org,true,christian@felineurbanrescueandrehab.org,pattern-guessing,0.38,false,,
189,Christian Gladwell,"Furr, Wegman & Banks Architects",felineurbanrescueandrehab.org,true,christian.gladwell@felineurbanrescueandrehab.org,pattern-guessing,0.38,false,,
189,Christian Gladwell,"Furr, Wegman & Banks Architects",felineurbanrescueandrehab.org,true,christiangladwell@felineurbanrescueandrehab.org,pattern-guessing,0.38,false,,
189,Christian Gladwell,"Furr, Wegman & Banks Architects",felineurbanrescueandrehab.org,true,christian_gladwell@felineurbanrescueandrehab.org,pattern-guessing,0.38,false,,
189,Christian Gladwell,"Furr, Wegman & Banks Architects",felineurbanrescueandrehab.org,true,cgladwell@felineurbanrescueandrehab.org,pattern-guessing,0.38,false,,
189,Christian Gladwell,"Furr, Wegman & Banks Architects",felineurbanrescueandrehab.org,true,c.gladwell@felineurbanrescueandrehab.org,pattern-guessing,0.38,false,,
189,Christian Gladwell,"Furr, Wegman & Banks Architects",felineurbanrescueandrehab.org,true,christiang@felineurbanrescueandrehab.org,pattern-guessing,0.38,false,,
190,Jaime Bryant,Fuzzy's Taco Shop,fuzzystacoshop.com,true,loyalty@fuzzystacoshop.com,web-scraping,0.72,false,https://fuzzystacoshop.com/contact,
190,Jaime Bryant,Fuzzy's Taco Shop,fuzzystacoshop.com,true,u003eloyalty@fuzzystacoshop.com,web-scraping,0.72,false,https://fuzzystacoshop.com/contact,
190,Jaime Bryant,Fuzzy's Taco Shop,fuzzystacoshop.com,true,grapevinemills@fuzzystacoshop.com,web-scraping,0.72,false,https://fuzzystacoshop.com/contact,
190,Jaime Bryant,Fuzzy's Taco Shop,fuzzystacoshop.com,true,jaime@fuzzystacoshop.com,pattern-guessing,0.38,false,,
190,Jaime Bryant,Fuzzy's Taco Shop,fuzzystacoshop.com,true,jaime.bryant@fuzzystacoshop.com,pattern-guessing,0.38,false,,
190,Jaime Bryant,Fuzzy's Taco Shop,fuzzystacoshop.com,true,jaimebryant@fuzzystacoshop.com,pattern-guessing,0.38,false,,
190,Jaime Bryant,Fuzzy's Taco Shop,fuzzystacoshop.com,true,jaime_bryant@fuzzystacoshop.com,pattern-guessing,0.38,false,,
190,Jaime Bryant,Fuzzy's Taco Shop,fuzzystacoshop.com,true,jbryant@fuzzystacoshop.com,pattern-guessing,0.38,false,,
190,Jaime Bryant,Fuzzy's Taco Shop,fuzzystacoshop.com,true,j.bryant@fuzzystacoshop.com,pattern-guessing,0.38,false,,
190,Jaime Bryant,Fuzzy's Taco Shop,fuzzystacoshop.com,true,jaimeb@fuzzystacoshop.com,pattern-guessing,0.38,false,,
191,Ginger Hoang Le,Gastro Centers of Maryland,gisolutionsinc.com,true,ginger@gisolutionsinc.com,pattern-guessing,0.38,false,,
191,Ginger Hoang Le,Gastro Centers of Maryland,gisolutionsinc.com,true,ginger.le@gisolutionsinc.com,pattern-guessing,0.38,false,,
191,Ginger Hoang Le,Gastro Centers of Maryland,gisolutionsinc.com,true,gingerle@gisolutionsinc.com,pattern-guessing,0.38,false,,
191,Ginger Hoang Le,Gastro Centers of Maryland,gisolutionsinc.com,true,ginger_le@gisolutionsinc.com,pattern-guessing,0.38,false,,
191,Ginger Hoang Le,Gastro Centers of Maryland,gisolutionsinc.com,true,gle@gisolutionsinc.com,pattern-guessing,0.38,false,,
191,Ginger Hoang Le,Gastro Centers of Maryland,gisolutionsinc.com,true,g.le@gisolutionsinc.com,pattern-guessing,0.38,false,,
191,Ginger Hoang Le,Gastro Centers of Maryland,gisolutionsinc.com,true,gingerl@gisolutionsinc.com,pattern-guessing,0.38,false,,
192,Anna Langley,GEICO Local Office Wesley Chapel,geicolocalofficewesleychapel.com,false,anna@geicolocalofficewesleychapel.com,pattern-guessing,0.18,false,,
192,Anna Langley,GEICO Local Office Wesley Chapel,geicolocalofficewesleychapel.com,false,anna.langley@geicolocalofficewesleychapel.com,pattern-guessing,0.18,false,,
192,Anna Langley,GEICO Local Office Wesley Chapel,geicolocalofficewesleychapel.com,false,annalangley@geicolocalofficewesleychapel.com,pattern-guessing,0.18,false,,
192,Anna Langley,GEICO Local Office Wesley Chapel,geicolocalofficewesleychapel.com,false,anna_langley@geicolocalofficewesleychapel.com,pattern-guessing,0.18,false,,
192,Anna Langley,GEICO Local Office Wesley Chapel,geicolocalofficewesleychapel.com,false,alangley@geicolocalofficewesleychapel.com,pattern-guessing,0.18,false,,
192,Anna Langley,GEICO Local Office Wesley Chapel,geicolocalofficewesleychapel.com,false,a.langley@geicolocalofficewesleychapel.com,pattern-guessing,0.18,false,,
192,Anna Langley,GEICO Local Office Wesley Chapel,geicolocalofficewesleychapel.com,false,annal@geicolocalofficewesleychapel.com,pattern-guessing,0.18,false,,
193,Maria Pautler,Ginger Health Grace Adaptive Driving,gingerhealthgraceadaptivedriving.com,false,maria@gingerhealthgraceadaptivedriving.com,pattern-guessing,0.18,false,,
193,Maria Pautler,Ginger Health Grace Adaptive Driving,gingerhealthgraceadaptivedriving.com,false,maria.pautler@gingerhealthgraceadaptivedriving.com,pattern-guessing,0.18,false,,
193,Maria Pautler,Ginger Health Grace Adaptive Driving,gingerhealthgraceadaptivedriving.com,false,mariapautler@gingerhealthgraceadaptivedriving.com,pattern-guessing,0.18,false,,
193,Maria Pautler,Ginger Health Grace Adaptive Driving,gingerhealthgraceadaptivedriving.com,false,maria_pautler@gingerhealthgraceadaptivedriving.com,pattern-guessing,0.18,false,,
193,Maria Pautler,Ginger Health Grace Adaptive Driving,gingerhealthgraceadaptivedriving.com,false,mpautler@gingerhealthgraceadaptivedriving.com,pattern-guessing,0.18,false,,
193,Maria Pautler,Ginger Health Grace Adaptive Driving,gingerhealthgraceadaptivedriving.com,false,m.pautler@gingerhealthgraceadaptivedriving.com,pattern-guessing,0.18,false,,
193,Maria Pautler,Ginger Health Grace Adaptive Driving,gingerhealthgraceadaptivedriving.com,false,mariap@gingerhealthgraceadaptivedriving.com,pattern-guessing,0.18,false,,
194,Ms. Lisa Maxwell,Girl Scouts of West Central Florida,girlscoutsofwestcentralflorida.com,false,ms@girlscoutsofwestcentralflorida.com,pattern-guessing,0.18,false,,
194,Ms. Lisa Maxwell,Girl Scouts of West Central Florida,girlscoutsofwestcentralflorida.com,false,ms.maxwell@girlscoutsofwestcentralflorida.com,pattern-guessing,0.18,false,,
194,Ms. Lisa Maxwell,Girl Scouts of West Central Florida,girlscoutsofwestcentralflorida.com,false,msmaxwell@girlscoutsofwestcentralflorida.com,pattern-guessing,0.18,false,,
194,Ms. Lisa Maxwell,Girl Scouts of West Central Florida,girlscoutsofwestcentralflorida.com,false,ms_maxwell@girlscoutsofwestcentralflorida.com,pattern-guessing,0.18,false,,
194,Ms. Lisa Maxwell,Girl Scouts of West Central Florida,girlscoutsofwestcentralflorida.com,false,mmaxwell@girlscoutsofwestcentralflorida.com,pattern-guessing,0.18,false,,
194,Ms. Lisa Maxwell,Girl Scouts of West Central Florida,girlscoutsofwestcentralflorida.com,false,m.maxwell@girlscoutsofwestcentralflorida.com,pattern-guessing,0.18,false,,
194,Ms. Lisa Maxwell,Girl Scouts of West Central Florida,girlscoutsofwestcentralflorida.com,false,msm@girlscoutsofwestcentralflorida.com,pattern-guessing,0.18,false,,
195,Tasha Prince,Glenn Law Group,glennlawgroup.com,true,tasha@glennlawgroup.com,pattern-guessing,0.38,false,,
195,Tasha Prince,Glenn Law Group,glennlawgroup.com,true,tasha.prince@glennlawgroup.com,pattern-guessing,0.38,false,,
195,Tasha Prince,Glenn Law Group,glennlawgroup.com,true,tashaprince@glennlawgroup.com,pattern-guessing,0.38,false,,
195,Tasha Prince,Glenn Law Group,glennlawgroup.com,true,tasha_prince@glennlawgroup.com,pattern-guessing,0.38,false,,
195,Tasha Prince,Glenn Law Group,glennlawgroup.com,true,tprince@glennlawgroup.com,pattern-guessing,0.38,false,,
195,Tasha Prince,Glenn Law Group,glennlawgroup.com,true,t.prince@glennlawgroup.com,pattern-guessing,0.38,false,,
195,Tasha Prince,Glenn Law Group,glennlawgroup.com,true,tashap@glennlawgroup.com,pattern-guessing,0.38,false,,
196,Kassandra Ward,Goin Postal - Wesley Chapel,goin.app,true,contact@goin.app,web-scraping,0.54,false,https://goin.app/,
196,Kassandra Ward,Goin Postal - Wesley Chapel,goin.app,true,kassandra@goin.app,pattern-guessing,0.38,false,,
196,Kassandra Ward,Goin Postal - Wesley Chapel,goin.app,true,kassandra.ward@goin.app,pattern-guessing,0.38,false,,
196,Kassandra Ward,Goin Postal - Wesley Chapel,goin.app,true,kassandraward@goin.app,pattern-guessing,0.38,false,,
196,Kassandra Ward,Goin Postal - Wesley Chapel,goin.app,true,kassandra_ward@goin.app,pattern-guessing,0.38,false,,
196,Kassandra Ward,Goin Postal - Wesley Chapel,goin.app,true,kward@goin.app,pattern-guessing,0.38,false,,
196,Kassandra Ward,Goin Postal - Wesley Chapel,goin.app,true,k.ward@goin.app,pattern-guessing,0.38,false,,
196,Kassandra Ward,Goin Postal - Wesley Chapel,goin.app,true,kassandraw@goin.app,pattern-guessing,0.38,false,,
197,Murad Elamir,Goldfingers Aesthetics,trygoldfingers.com,true,murad@trygoldfingers.com,pattern-guessing,0.38,false,,
197,Murad Elamir,Goldfingers Aesthetics,trygoldfingers.com,true,murad.elamir@trygoldfingers.com,pattern-guessing,0.38,false,,
197,Murad Elamir,Goldfingers Aesthetics,trygoldfingers.com,true,muradelamir@trygoldfingers.com,pattern-guessing,0.38,false,,
197,Murad Elamir,Goldfingers Aesthetics,trygoldfingers.com,true,murad_elamir@trygoldfingers.com,pattern-guessing,0.38,false,,
197,Murad Elamir,Goldfingers Aesthetics,trygoldfingers.com,true,melamir@trygoldfingers.com,pattern-guessing,0.38,false,,
197,Murad Elamir,Goldfingers Aesthetics,trygoldfingers.com,true,m.elamir@trygoldfingers.com,pattern-guessing,0.38,false,,
197,Murad Elamir,Goldfingers Aesthetics,trygoldfingers.com,true,murade@trygoldfingers.com,pattern-guessing,0.38,false,,
198,Bishop Shancia Ingram,Goodwill Superstore,goodwillsuperstore.com,false,bishop@goodwillsuperstore.com,pattern-guessing,0.18,false,,
198,Bishop Shancia Ingram,Goodwill Superstore,goodwillsuperstore.com,false,bishop.ingram@goodwillsuperstore.com,pattern-guessing,0.18,false,,
198,Bishop Shancia Ingram,Goodwill Superstore,goodwillsuperstore.com,false,bishopingram@goodwillsuperstore.com,pattern-guessing,0.18,false,,
198,Bishop Shancia Ingram,Goodwill Superstore,goodwillsuperstore.com,false,bishop_ingram@goodwillsuperstore.com,pattern-guessing,0.18,false,,
198,Bishop Shancia Ingram,Goodwill Superstore,goodwillsuperstore.com,false,bingram@goodwillsuperstore.com,pattern-guessing,0.18,false,,
198,Bishop Shancia Ingram,Goodwill Superstore,goodwillsuperstore.com,false,b.ingram@goodwillsuperstore.com,pattern-guessing,0.18,false,,
198,Bishop Shancia Ingram,Goodwill Superstore,goodwillsuperstore.com,false,bishopi@goodwillsuperstore.com,pattern-guessing,0.18,false,,
199,Manuel Gutierrez,Goosehead Insurance - Elamir Agency,goosehead.com,true,manuel@goosehead.com,pattern-guessing,0.38,false,,
199,Manuel Gutierrez,Goosehead Insurance - Elamir Agency,goosehead.com,true,manuel.gutierrez@goosehead.com,pattern-guessing,0.38,false,,
199,Manuel Gutierrez,Goosehead Insurance - Elamir Agency,goosehead.com,true,manuelgutierrez@goosehead.com,pattern-guessing,0.38,false,,
199,Manuel Gutierrez,Goosehead Insurance - Elamir Agency,goosehead.com,true,manuel_gutierrez@goosehead.com,pattern-guessing,0.38,false,,
199,Manuel Gutierrez,Goosehead Insurance - Elamir Agency,goosehead.com,true,mgutierrez@goosehead.com,pattern-guessing,0.38,false,,
199,Manuel Gutierrez,Goosehead Insurance - Elamir Agency,goosehead.com,true,m.gutierrez@goosehead.com,pattern-guessing,0.38,false,,
199,Manuel Gutierrez,Goosehead Insurance - Elamir Agency,goosehead.com,true,manuelg@goosehead.com,pattern-guessing,0.38,false,,
200,Jerilyn Rumbarger,Grace Church Tampa Palms,gracelakeland.com,true,church@gracelakeland.com,web-scraping,0.72,false,https://gracelakeland.com/,
200,Jerilyn Rumbarger,Grace Church Tampa Palms,gracelakeland.com,true,jerilyn@gracelakeland.com,pattern-guessing,0.38,false,,
200,Jerilyn Rumbarger,Grace Church Tampa Palms,gracelakeland.com,true,jerilyn.rumbarger@gracelakeland.com,pattern-guessing,0.38,false,,
200,Jerilyn Rumbarger,Grace Church Tampa Palms,gracelakeland.com,true,jerilynrumbarger@gracelakeland.com,pattern-guessing,0.38,false,,
200,Jerilyn Rumbarger,Grace Church Tampa Palms,gracelakeland.com,true,jerilyn_rumbarger@gracelakeland.com,pattern-guessing,0.38,false,,
200,Jerilyn Rumbarger,Grace Church Tampa Palms,gracelakeland.com,true,jrumbarger@gracelakeland.com,pattern-guessing,0.38,false,,
200,Jerilyn Rumbarger,Grace Church Tampa Palms,gracelakeland.com,true,j.rumbarger@gracelakeland.com,pattern-guessing,0.38,false,,
200,Jerilyn Rumbarger,Grace Church Tampa Palms,gracelakeland.com,true,jerilynr@gracelakeland.com,pattern-guessing,0.38,false,,
201,Charane Groeller,GrassRoots Services,grassrootsservices.com,true,charane@grassrootsservices.com,pattern-guessing,0.38,false,,
201,Charane Groeller,GrassRoots Services,grassrootsservices.com,true,charane.groeller@grassrootsservices.com,pattern-guessing,0.38,false,,
201,Charane Groeller,GrassRoots Services,grassrootsservices.com,true,charanegroeller@grassrootsservices.com,pattern-guessing,0.38,false,,
201,Charane Groeller,GrassRoots Services,grassrootsservices.com,true,charane_groeller@grassrootsservices.com,pattern-guessing,0.38,false,,
201,Charane Groeller,GrassRoots Services,grassrootsservices.com,true,cgroeller@grassrootsservices.com,pattern-guessing,0.38,false,,
201,Charane Groeller,GrassRoots Services,grassrootsservices.com,true,c.groeller@grassrootsservices.com,pattern-guessing,0.38,false,,
201,Charane Groeller,GrassRoots Services,grassrootsservices.com,true,charaneg@grassrootsservices.com,pattern-guessing,0.38,false,,
202,Claudia Lawson,Greater Plant City Chamber of Commerce,healthyleessummit.org,false,claudia@healthyleessummit.org,pattern-guessing,0.18,false,,
202,Claudia Lawson,Greater Plant City Chamber of Commerce,healthyleessummit.org,false,claudia.lawson@healthyleessummit.org,pattern-guessing,0.18,false,,
202,Claudia Lawson,Greater Plant City Chamber of Commerce,healthyleessummit.org,false,claudialawson@healthyleessummit.org,pattern-guessing,0.18,false,,
202,Claudia Lawson,Greater Plant City Chamber of Commerce,healthyleessummit.org,false,claudia_lawson@healthyleessummit.org,pattern-guessing,0.18,false,,
202,Claudia Lawson,Greater Plant City Chamber of Commerce,healthyleessummit.org,false,clawson@healthyleessummit.org,pattern-guessing,0.18,false,,
202,Claudia Lawson,Greater Plant City Chamber of Commerce,healthyleessummit.org,false,c.lawson@healthyleessummit.org,pattern-guessing,0.18,false,,
202,Claudia Lawson,Greater Plant City Chamber of Commerce,healthyleessummit.org,false,claudial@healthyleessummit.org,pattern-guessing,0.18,false,,
203,Adrienne Harker,Grow Financial Federal Credit Union - Wesley Chapel,growfinancialfederalcreditunion-wesleychapel.com,false,adrienne@growfinancialfederalcreditunion-wesleychapel.com,pattern-guessing,0.18,false,,
203,Adrienne Harker,Grow Financial Federal Credit Union - Wesley Chapel,growfinancialfederalcreditunion-wesleychapel.com,false,adrienne.harker@growfinancialfederalcreditunion-wesleychapel.com,pattern-guessing,0.18,false,,
203,Adrienne Harker,Grow Financial Federal Credit Union - Wesley Chapel,growfinancialfederalcreditunion-wesleychapel.com,false,adrienneharker@growfinancialfederalcreditunion-wesleychapel.com,pattern-guessing,0.18,false,,
203,Adrienne Harker,Grow Financial Federal Credit Union - Wesley Chapel,growfinancialfederalcreditunion-wesleychapel.com,false,adrienne_harker@growfinancialfederalcreditunion-wesleychapel.com,pattern-guessing,0.18,false,,
203,Adrienne Harker,Grow Financial Federal Credit Union - Wesley Chapel,growfinancialfederalcreditunion-wesleychapel.com,false,aharker@growfinancialfederalcreditunion-wesleychapel.com,pattern-guessing,0.18,false,,
203,Adrienne Harker,Grow Financial Federal Credit Union - Wesley Chapel,growfinancialfederalcreditunion-wesleychapel.com,false,a.harker@growfinancialfederalcreditunion-wesleychapel.com,pattern-guessing,0.18,false,,
203,Adrienne Harker,Grow Financial Federal Credit Union - Wesley Chapel,growfinancialfederalcreditunion-wesleychapel.com,false,adrienneh@growfinancialfederalcreditunion-wesleychapel.com,pattern-guessing,0.18,false,,
204,Carla Armstrong,GTE Financial - Henderson,gtefinancial.org,true,press@gtefinancial.org,web-scraping,0.72,false,https://gtefinancial.org/contact,
204,Carla Armstrong,GTE Financial - Henderson,gtefinancial.org,true,carla@gtefinancial.org,pattern-guessing,0.38,false,,
204,Carla Armstrong,GTE Financial - Henderson,gtefinancial.org,true,carla.armstrong@gtefinancial.org,pattern-guessing,0.38,false,,
204,Carla Armstrong,GTE Financial - Henderson,gtefinancial.org,true,carlaarmstrong@gtefinancial.org,pattern-guessing,0.38,false,,
204,Carla Armstrong,GTE Financial - Henderson,gtefinancial.org,true,carla_armstrong@gtefinancial.org,pattern-guessing,0.38,false,,
204,Carla Armstrong,GTE Financial - Henderson,gtefinancial.org,true,carmstrong@gtefinancial.org,pattern-guessing,0.38,false,,
204,Carla Armstrong,GTE Financial - Henderson,gtefinancial.org,true,c.armstrong@gtefinancial.org,pattern-guessing,0.38,false,,
204,Carla Armstrong,GTE Financial - Henderson,gtefinancial.org,true,carlaa@gtefinancial.org,pattern-guessing,0.38,false,,
205,Erika Grace,Gulf Coast JFCS,gulfcoastjfcs.com,false,erika@gulfcoastjfcs.com,pattern-guessing,0.18,false,,
205,Erika Grace,Gulf Coast JFCS,gulfcoastjfcs.com,false,erika.grace@gulfcoastjfcs.com,pattern-guessing,0.18,false,,
205,Erika Grace,Gulf Coast JFCS,gulfcoastjfcs.com,false,erikagrace@gulfcoastjfcs.com,pattern-guessing,0.18,false,,
205,Erika Grace,Gulf Coast JFCS,gulfcoastjfcs.com,false,erika_grace@gulfcoastjfcs.com,pattern-guessing,0.18,false,,
205,Erika Grace,Gulf Coast JFCS,gulfcoastjfcs.com,false,egrace@gulfcoastjfcs.com,pattern-guessing,0.18,false,,
205,Erika Grace,Gulf Coast JFCS,gulfcoastjfcs.com,false,e.grace@gulfcoastjfcs.com,pattern-guessing,0.18,false,,
205,Erika Grace,Gulf Coast JFCS,gulfcoastjfcs.com,false,erikag@gulfcoastjfcs.com,pattern-guessing,0.18,false,,
206,Crystal Lazar,Gulfside Healthcare Services,gulfsidehealthcareservices.com,false,crystal@gulfsidehealthcareservices.com,pattern-guessing,0.18,false,,
206,Crystal Lazar,Gulfside Healthcare Services,gulfsidehealthcareservices.com,false,crystal.lazar@gulfsidehealthcareservices.com,pattern-guessing,0.18,false,,
206,Crystal Lazar,Gulfside Healthcare Services,gulfsidehealthcareservices.com,false,crystallazar@gulfsidehealthcareservices.com,pattern-guessing,0.18,false,,
206,Crystal Lazar,Gulfside Healthcare Services,gulfsidehealthcareservices.com,false,crystal_lazar@gulfsidehealthcareservices.com,pattern-guessing,0.18,false,,
206,Crystal Lazar,Gulfside Healthcare Services,gulfsidehealthcareservices.com,false,clazar@gulfsidehealthcareservices.com,pattern-guessing,0.18,false,,
206,Crystal Lazar,Gulfside Healthcare Services,gulfsidehealthcareservices.com,false,c.lazar@gulfsidehealthcareservices.com,pattern-guessing,0.18,false,,
206,Crystal Lazar,Gulfside Healthcare Services,gulfsidehealthcareservices.com,false,crystall@gulfsidehealthcareservices.com,pattern-guessing,0.18,false,,
207,Mike Sutton,Gus Bilirakis,gus.pittstate.edu,true,mike@gus.pittstate.edu,pattern-guessing,0.38,false,,
207,Mike Sutton,Gus Bilirakis,gus.pittstate.edu,true,mike.sutton@gus.pittstate.edu,pattern-guessing,0.38,false,,
207,Mike Sutton,Gus Bilirakis,gus.pittstate.edu,true,mikesutton@gus.pittstate.edu,pattern-guessing,0.38,false,,
207,Mike Sutton,Gus Bilirakis,gus.pittstate.edu,true,mike_sutton@gus.pittstate.edu,pattern-guessing,0.38,false,,
207,Mike Sutton,Gus Bilirakis,gus.pittstate.edu,true,msutton@gus.pittstate.edu,pattern-guessing,0.38,false,,
207,Mike Sutton,Gus Bilirakis,gus.pittstate.edu,true,m.sutton@gus.pittstate.edu,pattern-guessing,0.38,false,,
207,Mike Sutton,Gus Bilirakis,gus.pittstate.edu,true,mikes@gus.pittstate.edu,pattern-guessing,0.38,false,,
208,Maria Saldarriaga,Habitat for Humanity of East and Central Pasco County,habitat.org,true,maria@habitat.org,pattern-guessing,0.38,false,,
208,Maria Saldarriaga,Habitat for Humanity of East and Central Pasco County,habitat.org,true,maria.saldarriaga@habitat.org,pattern-guessing,0.38,false,,
208,Maria Saldarriaga,Habitat for Humanity of East and Central Pasco County,habitat.org,true,mariasaldarriaga@habitat.org,pattern-guessing,0.38,false,,
208,Maria Saldarriaga,Habitat for Humanity of East and Central Pasco County,habitat.org,true,maria_saldarriaga@habitat.org,pattern-guessing,0.38,false,,
208,Maria Saldarriaga,Habitat for Humanity of East and Central Pasco County,habitat.org,true,msaldarriaga@habitat.org,pattern-guessing,0.38,false,,
208,Maria Saldarriaga,Habitat for Humanity of East and Central Pasco County,habitat.org,true,m.saldarriaga@habitat.org,pattern-guessing,0.38,false,,
208,Maria Saldarriaga,Habitat for Humanity of East and Central Pasco County,habitat.org,true,marias@habitat.org,pattern-guessing,0.38,false,,
209,Lisa Moore,Habitat For Humanity Tampa Bay Gulfside,habitat.org,true,lisa@habitat.org,pattern-guessing,0.38,false,,
209,Lisa Moore,Habitat For Humanity Tampa Bay Gulfside,habitat.org,true,lisa.moore@habitat.org,pattern-guessing,0.38,false,,
209,Lisa Moore,Habitat For Humanity Tampa Bay Gulfside,habitat.org,true,lisamoore@habitat.org,pattern-guessing,0.38,false,,
209,Lisa Moore,Habitat For Humanity Tampa Bay Gulfside,habitat.org,true,lisa_moore@habitat.org,pattern-guessing,0.38,false,,
209,Lisa Moore,Habitat For Humanity Tampa Bay Gulfside,habitat.org,true,lmoore@habitat.org,pattern-guessing,0.38,false,,
209,Lisa Moore,Habitat For Humanity Tampa Bay Gulfside,habitat.org,true,l.moore@habitat.org,pattern-guessing,0.38,false,,
209,Lisa Moore,Habitat For Humanity Tampa Bay Gulfside,habitat.org,true,lisam@habitat.org,pattern-guessing,0.38,false,,
210,William Hanlon,Hale Law,halelaw.com,true,william@halelaw.com,pattern-guessing,0.38,false,,
210,William Hanlon,Hale Law,halelaw.com,true,william.hanlon@halelaw.com,pattern-guessing,0.38,false,,
210,William Hanlon,Hale Law,halelaw.com,true,williamhanlon@halelaw.com,pattern-guessing,0.38,false,,
210,William Hanlon,Hale Law,halelaw.com,true,william_hanlon@halelaw.com,pattern-guessing,0.38,false,,
210,William Hanlon,Hale Law,halelaw.com,true,whanlon@halelaw.com,pattern-guessing,0.38,false,,
210,William Hanlon,Hale Law,halelaw.com,true,w.hanlon@halelaw.com,pattern-guessing,0.38,false,,
210,William Hanlon,Hale Law,halelaw.com,true,williamh@halelaw.com,pattern-guessing,0.38,false,,
211,Catherine Nguyen,Hampton Inn & Suites - Tampa/Wesley Chapel,copilot.microsoft.com,false,catherine@copilot.microsoft.com,pattern-guessing,0.18,false,,
211,Catherine Nguyen,Hampton Inn & Suites - Tampa/Wesley Chapel,copilot.microsoft.com,false,catherine.nguyen@copilot.microsoft.com,pattern-guessing,0.18,false,,
211,Catherine Nguyen,Hampton Inn & Suites - Tampa/Wesley Chapel,copilot.microsoft.com,false,catherinenguyen@copilot.microsoft.com,pattern-guessing,0.18,false,,
211,Catherine Nguyen,Hampton Inn & Suites - Tampa/Wesley Chapel,copilot.microsoft.com,false,catherine_nguyen@copilot.microsoft.com,pattern-guessing,0.18,false,,
211,Catherine Nguyen,Hampton Inn & Suites - Tampa/Wesley Chapel,copilot.microsoft.com,false,cnguyen@copilot.microsoft.com,pattern-guessing,0.18,false,,
211,Catherine Nguyen,Hampton Inn & Suites - Tampa/Wesley Chapel,copilot.microsoft.com,false,c.nguyen@copilot.microsoft.com,pattern-guessing,0.18,false,,
211,Catherine Nguyen,Hampton Inn & Suites - Tampa/Wesley Chapel,copilot.microsoft.com,false,catherinen@copilot.microsoft.com,pattern-guessing,0.18,false,,
212,William Workman,Hanlon Law,hanlonlaw.com,true,mgh@hanlonlaw.com,web-scraping,0.72,false,https://hanlonlaw.com/,
212,William Workman,Hanlon Law,hanlonlaw.com,true,william@hanlonlaw.com,pattern-guessing,0.38,false,,
212,William Workman,Hanlon Law,hanlonlaw.com,true,william.workman@hanlonlaw.com,pattern-guessing,0.38,false,,
212,William Workman,Hanlon Law,hanlonlaw.com,true,williamworkman@hanlonlaw.com,pattern-guessing,0.38,false,,
212,William Workman,Hanlon Law,hanlonlaw.com,true,william_workman@hanlonlaw.com,pattern-guessing,0.38,false,,
212,William Workman,Hanlon Law,hanlonlaw.com,true,wworkman@hanlonlaw.com,pattern-guessing,0.38,false,,
212,William Workman,Hanlon Law,hanlonlaw.com,true,w.workman@hanlonlaw.com,pattern-guessing,0.38,false,,
212,William Workman,Hanlon Law,hanlonlaw.com,true,williamw@hanlonlaw.com,pattern-guessing,0.38,false,,
213,Carlos Carpio,Hanlon Law,hanlonlaw.com,true,mgh@hanlonlaw.com,web-scraping,0.72,false,https://hanlonlaw.com/,
213,Carlos Carpio,Hanlon Law,hanlonlaw.com,true,carlos@hanlonlaw.com,pattern-guessing,0.38,false,,
213,Carlos Carpio,Hanlon Law,hanlonlaw.com,true,carlos.carpio@hanlonlaw.com,pattern-guessing,0.38,false,,
213,Carlos Carpio,Hanlon Law,hanlonlaw.com,true,carloscarpio@hanlonlaw.com,pattern-guessing,0.38,false,,
213,Carlos Carpio,Hanlon Law,hanlonlaw.com,true,carlos_carpio@hanlonlaw.com,pattern-guessing,0.38,false,,
213,Carlos Carpio,Hanlon Law,hanlonlaw.com,true,ccarpio@hanlonlaw.com,pattern-guessing,0.38,false,,
213,Carlos Carpio,Hanlon Law,hanlonlaw.com,true,c.carpio@hanlonlaw.com,pattern-guessing,0.38,false,,
213,Carlos Carpio,Hanlon Law,hanlonlaw.com,true,carlosc@hanlonlaw.com,pattern-guessing,0.38,false,,
214,"Pedro Henriquez, EA, CPA (D.R.), MBA",Harbor Roofing,harborroofing.com,true,pedro@harborroofing.com,pattern-guessing,0.38,false,,
214,"Pedro Henriquez, EA, CPA (D.R.), MBA",Harbor Roofing,harborroofing.com,true,pedro.mba@harborroofing.com,pattern-guessing,0.38,false,,
214,"Pedro Henriquez, EA, CPA (D.R.), MBA",Harbor Roofing,harborroofing.com,true,pedromba@harborroofing.com,pattern-guessing,0.38,false,,
214,"Pedro Henriquez, EA, CPA (D.R.), MBA",Harbor Roofing,harborroofing.com,true,pedro_mba@harborroofing.com,pattern-guessing,0.38,false,,
214,"Pedro Henriquez, EA, CPA (D.R.), MBA",Harbor Roofing,harborroofing.com,true,pmba@harborroofing.com,pattern-guessing,0.38,false,,
214,"Pedro Henriquez, EA, CPA (D.R.), MBA",Harbor Roofing,harborroofing.com,true,p.mba@harborroofing.com,pattern-guessing,0.38,false,,
214,"Pedro Henriquez, EA, CPA (D.R.), MBA",Harbor Roofing,harborroofing.com,true,pedrom@harborroofing.com,pattern-guessing,0.38,false,,
215,Lisa Moore,Healthy Nourishments 2Go Smart Vending Services,healthynourishments2gosmartvendingservices.com,false,lisa@healthynourishments2gosmartvendingservices.com,pattern-guessing,0.18,false,,
215,Lisa Moore,Healthy Nourishments 2Go Smart Vending Services,healthynourishments2gosmartvendingservices.com,false,lisa.moore@healthynourishments2gosmartvendingservices.com,pattern-guessing,0.18,false,,
215,Lisa Moore,Healthy Nourishments 2Go Smart Vending Services,healthynourishments2gosmartvendingservices.com,false,lisamoore@healthynourishments2gosmartvendingservices.com,pattern-guessing,0.18,false,,
215,Lisa Moore,Healthy Nourishments 2Go Smart Vending Services,healthynourishments2gosmartvendingservices.com,false,lisa_moore@healthynourishments2gosmartvendingservices.com,pattern-guessing,0.18,false,,
215,Lisa Moore,Healthy Nourishments 2Go Smart Vending Services,healthynourishments2gosmartvendingservices.com,false,lmoore@healthynourishments2gosmartvendingservices.com,pattern-guessing,0.18,false,,
215,Lisa Moore,Healthy Nourishments 2Go Smart Vending Services,healthynourishments2gosmartvendingservices.com,false,l.moore@healthynourishments2gosmartvendingservices.com,pattern-guessing,0.18,false,,
215,Lisa Moore,Healthy Nourishments 2Go Smart Vending Services,healthynourishments2gosmartvendingservices.com,false,lisam@healthynourishments2gosmartvendingservices.com,pattern-guessing,0.18,false,,
216,Steve Schurdell,HENRIQUEZ ACCOUNTING & TAX SERVICES,iecolle.com,true,steve@iecolle.com,pattern-guessing,0.38,false,,
216,Steve Schurdell,HENRIQUEZ ACCOUNTING & TAX SERVICES,iecolle.com,true,steve.schurdell@iecolle.com,pattern-guessing,0.38,false,,
216,Steve Schurdell,HENRIQUEZ ACCOUNTING & TAX SERVICES,iecolle.com,true,steveschurdell@iecolle.com,pattern-guessing,0.38,false,,
216,Steve Schurdell,HENRIQUEZ ACCOUNTING & TAX SERVICES,iecolle.com,true,steve_schurdell@iecolle.com,pattern-guessing,0.38,false,,
216,Steve Schurdell,HENRIQUEZ ACCOUNTING & TAX SERVICES,iecolle.com,true,sschurdell@iecolle.com,pattern-guessing,0.38,false,,
216,Steve Schurdell,HENRIQUEZ ACCOUNTING & TAX SERVICES,iecolle.com,true,s.schurdell@iecolle.com,pattern-guessing,0.38,false,,
216,Steve Schurdell,HENRIQUEZ ACCOUNTING & TAX SERVICES,iecolle.com,true,steves@iecolle.com,pattern-guessing,0.38,false,,
217,Maxine Green,Hilton Garden Inn Tampa - Wesley Chapel,hiltongardeninntampa-wesleychapel.com,false,maxine@hiltongardeninntampa-wesleychapel.com,pattern-guessing,0.18,false,,
217,Maxine Green,Hilton Garden Inn Tampa - Wesley Chapel,hiltongardeninntampa-wesleychapel.com,false,maxine.green@hiltongardeninntampa-wesleychapel.com,pattern-guessing,0.18,false,,
217,Maxine Green,Hilton Garden Inn Tampa - Wesley Chapel,hiltongardeninntampa-wesleychapel.com,false,maxinegreen@hiltongardeninntampa-wesleychapel.com,pattern-guessing,0.18,false,,
217,Maxine Green,Hilton Garden Inn Tampa - Wesley Chapel,hiltongardeninntampa-wesleychapel.com,false,maxine_green@hiltongardeninntampa-wesleychapel.com,pattern-guessing,0.18,false,,
217,Maxine Green,Hilton Garden Inn Tampa - Wesley Chapel,hiltongardeninntampa-wesleychapel.com,false,mgreen@hiltongardeninntampa-wesleychapel.com,pattern-guessing,0.18,false,,
217,Maxine Green,Hilton Garden Inn Tampa - Wesley Chapel,hiltongardeninntampa-wesleychapel.com,false,m.green@hiltongardeninntampa-wesleychapel.com,pattern-guessing,0.18,false,,
217,Maxine Green,Hilton Garden Inn Tampa - Wesley Chapel,hiltongardeninntampa-wesleychapel.com,false,maxineg@hiltongardeninntampa-wesleychapel.com,pattern-guessing,0.18,false,,
218,Jocie Rivera,Hits 106 WGHR-FM,hits106wghr-fm.com,false,jocie@hits106wghr-fm.com,pattern-guessing,0.18,false,,
218,Jocie Rivera,Hits 106 WGHR-FM,hits106wghr-fm.com,false,jocie.rivera@hits106wghr-fm.com,pattern-guessing,0.18,false,,
218,Jocie Rivera,Hits 106 WGHR-FM,hits106wghr-fm.com,false,jocierivera@hits106wghr-fm.com,pattern-guessing,0.18,false,,
218,Jocie Rivera,Hits 106 WGHR-FM,hits106wghr-fm.com,false,jocie_rivera@hits106wghr-fm.com,pattern-guessing,0.18,false,,
218,Jocie Rivera,Hits 106 WGHR-FM,hits106wghr-fm.com,false,jrivera@hits106wghr-fm.com,pattern-guessing,0.18,false,,
218,Jocie Rivera,Hits 106 WGHR-FM,hits106wghr-fm.com,false,j.rivera@hits106wghr-fm.com,pattern-guessing,0.18,false,,
218,Jocie Rivera,Hits 106 WGHR-FM,hits106wghr-fm.com,false,jocier@hits106wghr-fm.com,pattern-guessing,0.18,false,,
219,Geraldine Sanchez,Hodges Family Funeral Home,alumni.hodges.edu,false,geraldine@alumni.hodges.edu,pattern-guessing,0.18,false,,
219,Geraldine Sanchez,Hodges Family Funeral Home,alumni.hodges.edu,false,geraldine.sanchez@alumni.hodges.edu,pattern-guessing,0.18,false,,
219,Geraldine Sanchez,Hodges Family Funeral Home,alumni.hodges.edu,false,geraldinesanchez@alumni.hodges.edu,pattern-guessing,0.18,false,,
219,Geraldine Sanchez,Hodges Family Funeral Home,alumni.hodges.edu,false,geraldine_sanchez@alumni.hodges.edu,pattern-guessing,0.18,false,,
219,Geraldine Sanchez,Hodges Family Funeral Home,alumni.hodges.edu,false,gsanchez@alumni.hodges.edu,pattern-guessing,0.18,false,,
219,Geraldine Sanchez,Hodges Family Funeral Home,alumni.hodges.edu,false,g.sanchez@alumni.hodges.edu,pattern-guessing,0.18,false,,
219,Geraldine Sanchez,Hodges Family Funeral Home,alumni.hodges.edu,false,geraldines@alumni.hodges.edu,pattern-guessing,0.18,false,,
220,Amanda Clay,Holiday Inn Express & Suites-Trinity,hiclevelandclinic.com,true,amanda@hiclevelandclinic.com,pattern-guessing,0.38,false,,
220,Amanda Clay,Holiday Inn Express & Suites-Trinity,hiclevelandclinic.com,true,amanda.clay@hiclevelandclinic.com,pattern-guessing,0.38,false,,
220,Amanda Clay,Holiday Inn Express & Suites-Trinity,hiclevelandclinic.com,true,amandaclay@hiclevelandclinic.com,pattern-guessing,0.38,false,,
220,Amanda Clay,Holiday Inn Express & Suites-Trinity,hiclevelandclinic.com,true,amanda_clay@hiclevelandclinic.com,pattern-guessing,0.38,false,,
220,Amanda Clay,Holiday Inn Express & Suites-Trinity,hiclevelandclinic.com,true,aclay@hiclevelandclinic.com,pattern-guessing,0.38,false,,
220,Amanda Clay,Holiday Inn Express & Suites-Trinity,hiclevelandclinic.com,true,a.clay@hiclevelandclinic.com,pattern-guessing,0.38,false,,
220,Amanda Clay,Holiday Inn Express & Suites-Trinity,hiclevelandclinic.com,true,amandac@hiclevelandclinic.com,pattern-guessing,0.38,false,,
221,CINDY Bray,Home Selling Group of Florida,homedepot.com,true,cindy@homedepot.com,pattern-guessing,0.38,false,,
221,CINDY Bray,Home Selling Group of Florida,homedepot.com,true,cindy.bray@homedepot.com,pattern-guessing,0.38,false,,
221,CINDY Bray,Home Selling Group of Florida,homedepot.com,true,cindybray@homedepot.com,pattern-guessing,0.38,false,,
221,CINDY Bray,Home Selling Group of Florida,homedepot.com,true,cindy_bray@homedepot.com,pattern-guessing,0.38,false,,
221,CINDY Bray,Home Selling Group of Florida,homedepot.com,true,cbray@homedepot.com,pattern-guessing,0.38,false,,
221,CINDY Bray,Home Selling Group of Florida,homedepot.com,true,c.bray@homedepot.com,pattern-guessing,0.38,false,,
221,CINDY Bray,Home Selling Group of Florida,homedepot.com,true,cindyb@homedepot.com,pattern-guessing,0.38,false,,
222,Brad Hall,Home Sweet Tampa Bay,homedepot.com,true,brad@homedepot.com,pattern-guessing,0.38,false,,
222,Brad Hall,Home Sweet Tampa Bay,homedepot.com,true,brad.hall@homedepot.com,pattern-guessing,0.38,false,,
222,Brad Hall,Home Sweet Tampa Bay,homedepot.com,true,bradhall@homedepot.com,pattern-guessing,0.38,false,,
222,Brad Hall,Home Sweet Tampa Bay,homedepot.com,true,brad_hall@homedepot.com,pattern-guessing,0.38,false,,
222,Brad Hall,Home Sweet Tampa Bay,homedepot.com,true,bhall@homedepot.com,pattern-guessing,0.38,false,,
222,Brad Hall,Home Sweet Tampa Bay,homedepot.com,true,b.hall@homedepot.com,pattern-guessing,0.38,false,,
222,Brad Hall,Home Sweet Tampa Bay,homedepot.com,true,bradh@homedepot.com,pattern-guessing,0.38,false,,
223,JEFRI WOE,Hope Services,hopeservices.com,false,jefri@hopeservices.com,pattern-guessing,0.18,false,,
223,JEFRI WOE,Hope Services,hopeservices.com,false,jefri.woe@hopeservices.com,pattern-guessing,0.18,false,,
223,JEFRI WOE,Hope Services,hopeservices.com,false,jefriwoe@hopeservices.com,pattern-guessing,0.18,false,,
223,JEFRI WOE,Hope Services,hopeservices.com,false,jefri_woe@hopeservices.com,pattern-guessing,0.18,false,,
223,JEFRI WOE,Hope Services,hopeservices.com,false,jwoe@hopeservices.com,pattern-guessing,0.18,false,,
223,JEFRI WOE,Hope Services,hopeservices.com,false,j.woe@hopeservices.com,pattern-guessing,0.18,false,,
223,JEFRI WOE,Hope Services,hopeservices.com,false,jefriw@hopeservices.com,pattern-guessing,0.18,false,,
224,Steve Knott,Hot Lava Studios,hotlavastudios.com,true,steve@hotlavastudios.com,pattern-guessing,0.38,false,,
224,Steve Knott,Hot Lava Studios,hotlavastudios.com,true,steve.knott@hotlavastudios.com,pattern-guessing,0.38,false,,
224,Steve Knott,Hot Lava Studios,hotlavastudios.com,true,steveknott@hotlavastudios.com,pattern-guessing,0.38,false,,
224,Steve Knott,Hot Lava Studios,hotlavastudios.com,true,steve_knott@hotlavastudios.com,pattern-guessing,0.38,false,,
224,Steve Knott,Hot Lava Studios,hotlavastudios.com,true,sknott@hotlavastudios.com,pattern-guessing,0.38,false,,
224,Steve Knott,Hot Lava Studios,hotlavastudios.com,true,s.knott@hotlavastudios.com,pattern-guessing,0.38,false,,
224,Steve Knott,Hot Lava Studios,hotlavastudios.com,true,stevek@hotlavastudios.com,pattern-guessing,0.38,false,,
225,Lorna Petchey,Hujaya Supply,hujayasupply.com,true,info@hujayasupply.com,web-scraping,0.54,false,https://hujayasupply.com/,
225,Lorna Petchey,Hujaya Supply,hujayasupply.com,true,lorna@hujayasupply.com,pattern-guessing,0.38,false,,
225,Lorna Petchey,Hujaya Supply,hujayasupply.com,true,lorna.petchey@hujayasupply.com,pattern-guessing,0.38,false,,
225,Lorna Petchey,Hujaya Supply,hujayasupply.com,true,lornapetchey@hujayasupply.com,pattern-guessing,0.38,false,,
225,Lorna Petchey,Hujaya Supply,hujayasupply.com,true,lorna_petchey@hujayasupply.com,pattern-guessing,0.38,false,,
225,Lorna Petchey,Hujaya Supply,hujayasupply.com,true,lpetchey@hujayasupply.com,pattern-guessing,0.38,false,,
225,Lorna Petchey,Hujaya Supply,hujayasupply.com,true,l.petchey@hujayasupply.com,pattern-guessing,0.38,false,,
225,Lorna Petchey,Hujaya Supply,hujayasupply.com,true,lornap@hujayasupply.com,pattern-guessing,0.38,false,,
226,Stephanie Davis,Hunter's Green Country Club,huntersgreencountryclub.com,false,stephanie@huntersgreencountryclub.com,pattern-guessing,0.18,false,,
226,Stephanie Davis,Hunter's Green Country Club,huntersgreencountryclub.com,false,stephanie.davis@huntersgreencountryclub.com,pattern-guessing,0.18,false,,
226,Stephanie Davis,Hunter's Green Country Club,huntersgreencountryclub.com,false,stephaniedavis@huntersgreencountryclub.com,pattern-guessing,0.18,false,,
226,Stephanie Davis,Hunter's Green Country Club,huntersgreencountryclub.com,false,stephanie_davis@huntersgreencountryclub.com,pattern-guessing,0.18,false,,
226,Stephanie Davis,Hunter's Green Country Club,huntersgreencountryclub.com,false,sdavis@huntersgreencountryclub.com,pattern-guessing,0.18,false,,
226,Stephanie Davis,Hunter's Green Country Club,huntersgreencountryclub.com,false,s.davis@huntersgreencountryclub.com,pattern-guessing,0.18,false,,
226,Stephanie Davis,Hunter's Green Country Club,huntersgreencountryclub.com,false,stephanied@huntersgreencountryclub.com,pattern-guessing,0.18,false,,
227,Josh Holcombe,Hyatt Place Tampa/Wesley Chapel,hyattplacetampawesleychapel.com,false,josh@hyattplacetampawesleychapel.com,pattern-guessing,0.18,false,,
227,Josh Holcombe,Hyatt Place Tampa/Wesley Chapel,hyattplacetampawesleychapel.com,false,josh.holcombe@hyattplacetampawesleychapel.com,pattern-guessing,0.18,false,,
227,Josh Holcombe,Hyatt Place Tampa/Wesley Chapel,hyattplacetampawesleychapel.com,false,joshholcombe@hyattplacetampawesleychapel.com,pattern-guessing,0.18,false,,
227,Josh Holcombe,Hyatt Place Tampa/Wesley Chapel,hyattplacetampawesleychapel.com,false,josh_holcombe@hyattplacetampawesleychapel.com,pattern-guessing,0.18,false,,
227,Josh Holcombe,Hyatt Place Tampa/Wesley Chapel,hyattplacetampawesleychapel.com,false,jholcombe@hyattplacetampawesleychapel.com,pattern-guessing,0.18,false,,
227,Josh Holcombe,Hyatt Place Tampa/Wesley Chapel,hyattplacetampawesleychapel.com,false,j.holcombe@hyattplacetampawesleychapel.com,pattern-guessing,0.18,false,,
227,Josh Holcombe,Hyatt Place Tampa/Wesley Chapel,hyattplacetampawesleychapel.com,false,joshh@hyattplacetampawesleychapel.com,pattern-guessing,0.18,false,,
228,Troy Stevenson,Hyperbaric Centers of Florida,hyperbariccentersofflorida.com,true,troy@hyperbariccentersofflorida.com,pattern-guessing,0.38,false,,
228,Troy Stevenson,Hyperbaric Centers of Florida,hyperbariccentersofflorida.com,true,troy.stevenson@hyperbariccentersofflorida.com,pattern-guessing,0.38,false,,
228,Troy Stevenson,Hyperbaric Centers of Florida,hyperbariccentersofflorida.com,true,troystevenson@hyperbariccentersofflorida.com,pattern-guessing,0.38,false,,
228,Troy Stevenson,Hyperbaric Centers of Florida,hyperbariccentersofflorida.com,true,troy_stevenson@hyperbariccentersofflorida.com,pattern-guessing,0.38,false,,
228,Troy Stevenson,Hyperbaric Centers of Florida,hyperbariccentersofflorida.com,true,tstevenson@hyperbariccentersofflorida.com,pattern-guessing,0.38,false,,
228,Troy Stevenson,Hyperbaric Centers of Florida,hyperbariccentersofflorida.com,true,t.stevenson@hyperbariccentersofflorida.com,pattern-guessing,0.38,false,,
228,Troy Stevenson,Hyperbaric Centers of Florida,hyperbariccentersofflorida.com,true,troys@hyperbariccentersofflorida.com,pattern-guessing,0.38,false,,
229,TRACY BURKE,IGTech365,igtech365.com,true,igtech365copy@igtech365.com,web-scraping,0.72,false,https://igtech365.com/,
229,TRACY BURKE,IGTech365,igtech365.com,true,sales@igtech365.com,web-scraping,0.54,false,https://igtech365.com/,
229,TRACY BURKE,IGTech365,igtech365.com,true,info@igtech365.com,web-scraping,0.54,false,https://igtech365.com/contact,
229,TRACY BURKE,IGTech365,igtech365.com,true,tracy@igtech365.com,pattern-guessing,0.38,false,,
229,TRACY BURKE,IGTech365,igtech365.com,true,tracy.burke@igtech365.com,pattern-guessing,0.38,false,,
229,TRACY BURKE,IGTech365,igtech365.com,true,tracyburke@igtech365.com,pattern-guessing,0.38,false,,
229,TRACY BURKE,IGTech365,igtech365.com,true,tracy_burke@igtech365.com,pattern-guessing,0.38,false,,
229,TRACY BURKE,IGTech365,igtech365.com,true,tburke@igtech365.com,pattern-guessing,0.38,false,,
229,TRACY BURKE,IGTech365,igtech365.com,true,t.burke@igtech365.com,pattern-guessing,0.38,false,,
229,TRACY BURKE,IGTech365,igtech365.com,true,tracyb@igtech365.com,pattern-guessing,0.38,false,,
230,Skip Marshall,In Motion Billboards Pasco Tampa,usemotion.com,true,skip@usemotion.com,pattern-guessing,0.38,false,,
230,Skip Marshall,In Motion Billboards Pasco Tampa,usemotion.com,true,skip.marshall@usemotion.com,pattern-guessing,0.38,false,,
230,Skip Marshall,In Motion Billboards Pasco Tampa,usemotion.com,true,skipmarshall@usemotion.com,pattern-guessing,0.38,false,,
230,Skip Marshall,In Motion Billboards Pasco Tampa,usemotion.com,true,skip_marshall@usemotion.com,pattern-guessing,0.38,false,,
230,Skip Marshall,In Motion Billboards Pasco Tampa,usemotion.com,true,smarshall@usemotion.com,pattern-guessing,0.38,false,,
230,Skip Marshall,In Motion Billboards Pasco Tampa,usemotion.com,true,s.marshall@usemotion.com,pattern-guessing,0.38,false,,
230,Skip Marshall,In Motion Billboards Pasco Tampa,usemotion.com,true,skipm@usemotion.com,pattern-guessing,0.38,false,,
231,Kenneth Stewart,INSIDE OUT AESTHETICS & WELLNESS,insideoutaestheticsandwellness.com,false,kenneth@insideoutaestheticsandwellness.com,pattern-guessing,0.18,false,,
231,Kenneth Stewart,INSIDE OUT AESTHETICS & WELLNESS,insideoutaestheticsandwellness.com,false,kenneth.stewart@insideoutaestheticsandwellness.com,pattern-guessing,0.18,false,,
231,Kenneth Stewart,INSIDE OUT AESTHETICS & WELLNESS,insideoutaestheticsandwellness.com,false,kennethstewart@insideoutaestheticsandwellness.com,pattern-guessing,0.18,false,,
231,Kenneth Stewart,INSIDE OUT AESTHETICS & WELLNESS,insideoutaestheticsandwellness.com,false,kenneth_stewart@insideoutaestheticsandwellness.com,pattern-guessing,0.18,false,,
231,Kenneth Stewart,INSIDE OUT AESTHETICS & WELLNESS,insideoutaestheticsandwellness.com,false,kstewart@insideoutaestheticsandwellness.com,pattern-guessing,0.18,false,,
231,Kenneth Stewart,INSIDE OUT AESTHETICS & WELLNESS,insideoutaestheticsandwellness.com,false,k.stewart@insideoutaestheticsandwellness.com,pattern-guessing,0.18,false,,
231,Kenneth Stewart,INSIDE OUT AESTHETICS & WELLNESS,insideoutaestheticsandwellness.com,false,kenneths@insideoutaestheticsandwellness.com,pattern-guessing,0.18,false,,
232,Jade Thompson,InTech Ideas,intech.com,true,jade@intech.com,pattern-guessing,0.38,false,,
232,Jade Thompson,InTech Ideas,intech.com,true,jade.thompson@intech.com,pattern-guessing,0.38,false,,
232,Jade Thompson,InTech Ideas,intech.com,true,jadethompson@intech.com,pattern-guessing,0.38,false,,
232,Jade Thompson,InTech Ideas,intech.com,true,jade_thompson@intech.com,pattern-guessing,0.38,false,,
232,Jade Thompson,InTech Ideas,intech.com,true,jthompson@intech.com,pattern-guessing,0.38,false,,
232,Jade Thompson,InTech Ideas,intech.com,true,j.thompson@intech.com,pattern-guessing,0.38,false,,
232,Jade Thompson,InTech Ideas,intech.com,true,jadet@intech.com,pattern-guessing,0.38,false,,
233,Dana Osnos,Integrated Security Consultants,integratedsecurityconsultants.com,true,bill@integratedsecurityconsultants.com,web-scraping,0.72,false,https://integratedsecurityconsultants.com/,
233,Dana Osnos,Integrated Security Consultants,integratedsecurityconsultants.com,true,dana@integratedsecurityconsultants.com,pattern-guessing,0.38,false,,
233,Dana Osnos,Integrated Security Consultants,integratedsecurityconsultants.com,true,dana.osnos@integratedsecurityconsultants.com,pattern-guessing,0.38,false,,
233,Dana Osnos,Integrated Security Consultants,integratedsecurityconsultants.com,true,danaosnos@integratedsecurityconsultants.com,pattern-guessing,0.38,false,,
233,Dana Osnos,Integrated Security Consultants,integratedsecurityconsultants.com,true,dana_osnos@integratedsecurityconsultants.com,pattern-guessing,0.38,false,,
233,Dana Osnos,Integrated Security Consultants,integratedsecurityconsultants.com,true,dosnos@integratedsecurityconsultants.com,pattern-guessing,0.38,false,,
233,Dana Osnos,Integrated Security Consultants,integratedsecurityconsultants.com,true,d.osnos@integratedsecurityconsultants.com,pattern-guessing,0.38,false,,
233,Dana Osnos,Integrated Security Consultants,integratedsecurityconsultants.com,true,danao@integratedsecurityconsultants.com,pattern-guessing,0.38,false,,
234,Eric Moody,Integrative Health - Lutz,integrativehealth-lutz.com,false,eric@integrativehealth-lutz.com,pattern-guessing,0.18,false,,
234,Eric Moody,Integrative Health - Lutz,integrativehealth-lutz.com,false,eric.moody@integrativehealth-lutz.com,pattern-guessing,0.18,false,,
234,Eric Moody,Integrative Health - Lutz,integrativehealth-lutz.com,false,ericmoody@integrativehealth-lutz.com,pattern-guessing,0.18,false,,
234,Eric Moody,Integrative Health - Lutz,integrativehealth-lutz.com,false,eric_moody@integrativehealth-lutz.com,pattern-guessing,0.18,false,,
234,Eric Moody,Integrative Health - Lutz,integrativehealth-lutz.com,false,emoody@integrativehealth-lutz.com,pattern-guessing,0.18,false,,
234,Eric Moody,Integrative Health - Lutz,integrativehealth-lutz.com,false,e.moody@integrativehealth-lutz.com,pattern-guessing,0.18,false,,
234,Eric Moody,Integrative Health - Lutz,integrativehealth-lutz.com,false,ericm@integrativehealth-lutz.com,pattern-guessing,0.18,false,,
235,Jerry Rivera,Ivybrook Academy Tampa Palms,cinemaxx.de,true,jerry@cinemaxx.de,pattern-guessing,0.38,false,,
235,Jerry Rivera,Ivybrook Academy Tampa Palms,cinemaxx.de,true,jerry.rivera@cinemaxx.de,pattern-guessing,0.38,false,,
235,Jerry Rivera,Ivybrook Academy Tampa Palms,cinemaxx.de,true,jerryrivera@cinemaxx.de,pattern-guessing,0.38,false,,
235,Jerry Rivera,Ivybrook Academy Tampa Palms,cinemaxx.de,true,jerry_rivera@cinemaxx.de,pattern-guessing,0.38,false,,
235,Jerry Rivera,Ivybrook Academy Tampa Palms,cinemaxx.de,true,jrivera@cinemaxx.de,pattern-guessing,0.38,false,,
235,Jerry Rivera,Ivybrook Academy Tampa Palms,cinemaxx.de,true,j.rivera@cinemaxx.de,pattern-guessing,0.38,false,,
235,Jerry Rivera,Ivybrook Academy Tampa Palms,cinemaxx.de,true,jerryr@cinemaxx.de,pattern-guessing,0.38,false,,
236,Jessica Provenzano,Jachimek Chiropractic & Wellness Center,jachimekchiropracticandwellnesscenter.com,false,jessica@jachimekchiropracticandwellnesscenter.com,pattern-guessing,0.18,false,,
236,Jessica Provenzano,Jachimek Chiropractic & Wellness Center,jachimekchiropracticandwellnesscenter.com,false,jessica.provenzano@jachimekchiropracticandwellnesscenter.com,pattern-guessing,0.18,false,,
236,Jessica Provenzano,Jachimek Chiropractic & Wellness Center,jachimekchiropracticandwellnesscenter.com,false,jessicaprovenzano@jachimekchiropracticandwellnesscenter.com,pattern-guessing,0.18,false,,
236,Jessica Provenzano,Jachimek Chiropractic & Wellness Center,jachimekchiropracticandwellnesscenter.com,false,jessica_provenzano@jachimekchiropracticandwellnesscenter.com,pattern-guessing,0.18,false,,
236,Jessica Provenzano,Jachimek Chiropractic & Wellness Center,jachimekchiropracticandwellnesscenter.com,false,jprovenzano@jachimekchiropracticandwellnesscenter.com,pattern-guessing,0.18,false,,
236,Jessica Provenzano,Jachimek Chiropractic & Wellness Center,jachimekchiropracticandwellnesscenter.com,false,j.provenzano@jachimekchiropracticandwellnesscenter.com,pattern-guessing,0.18,false,,
236,Jessica Provenzano,Jachimek Chiropractic & Wellness Center,jachimekchiropracticandwellnesscenter.com,false,jessicap@jachimekchiropracticandwellnesscenter.com,pattern-guessing,0.18,false,,
237,Shane Smith,Jackson Lewis: Employment Attorneys,jackson.com,true,shane@jackson.com,pattern-guessing,0.38,false,,
237,Shane Smith,Jackson Lewis: Employment Attorneys,jackson.com,true,shane.smith@jackson.com,pattern-guessing,0.38,false,,
237,Shane Smith,Jackson Lewis: Employment Attorneys,jackson.com,true,shanesmith@jackson.com,pattern-guessing,0.38,false,,
237,Shane Smith,Jackson Lewis: Employment Attorneys,jackson.com,true,shane_smith@jackson.com,pattern-guessing,0.38,false,,
237,Shane Smith,Jackson Lewis: Employment Attorneys,jackson.com,true,ssmith@jackson.com,pattern-guessing,0.38,false,,
237,Shane Smith,Jackson Lewis: Employment Attorneys,jackson.com,true,s.smith@jackson.com,pattern-guessing,0.38,false,,
237,Shane Smith,Jackson Lewis: Employment Attorneys,jackson.com,true,shanes@jackson.com,pattern-guessing,0.38,false,,
238,Mrs. Spring Valle,JerrySteamer,jerrysteamer.com,false,mrs@jerrysteamer.com,pattern-guessing,0.18,false,,
238,Mrs. Spring Valle,JerrySteamer,jerrysteamer.com,false,mrs.valle@jerrysteamer.com,pattern-guessing,0.18,false,,
238,Mrs. Spring Valle,JerrySteamer,jerrysteamer.com,false,mrsvalle@jerrysteamer.com,pattern-guessing,0.18,false,,
238,Mrs. Spring Valle,JerrySteamer,jerrysteamer.com,false,mrs_valle@jerrysteamer.com,pattern-guessing,0.18,false,,
238,Mrs. Spring Valle,JerrySteamer,jerrysteamer.com,false,mvalle@jerrysteamer.com,pattern-guessing,0.18,false,,
238,Mrs. Spring Valle,JerrySteamer,jerrysteamer.com,false,m.valle@jerrysteamer.com,pattern-guessing,0.18,false,,
238,Mrs. Spring Valle,JerrySteamer,jerrysteamer.com,false,mrsv@jerrysteamer.com,pattern-guessing,0.18,false,,
239,Jill Lansky,Jessica Provenzano - FLORIDA EXECUTIVE REALTY,jessicaprovenzano-floridaexecutiverealty.com,false,jill@jessicaprovenzano-floridaexecutiverealty.com,pattern-guessing,0.18,false,,
239,Jill Lansky,Jessica Provenzano - FLORIDA EXECUTIVE REALTY,jessicaprovenzano-floridaexecutiverealty.com,false,jill.lansky@jessicaprovenzano-floridaexecutiverealty.com,pattern-guessing,0.18,false,,
239,Jill Lansky,Jessica Provenzano - FLORIDA EXECUTIVE REALTY,jessicaprovenzano-floridaexecutiverealty.com,false,jilllansky@jessicaprovenzano-floridaexecutiverealty.com,pattern-guessing,0.18,false,,
239,Jill Lansky,Jessica Provenzano - FLORIDA EXECUTIVE REALTY,jessicaprovenzano-floridaexecutiverealty.com,false,jill_lansky@jessicaprovenzano-floridaexecutiverealty.com,pattern-guessing,0.18,false,,
239,Jill Lansky,Jessica Provenzano - FLORIDA EXECUTIVE REALTY,jessicaprovenzano-floridaexecutiverealty.com,false,jlansky@jessicaprovenzano-floridaexecutiverealty.com,pattern-guessing,0.18,false,,
239,Jill Lansky,Jessica Provenzano - FLORIDA EXECUTIVE REALTY,jessicaprovenzano-floridaexecutiverealty.com,false,j.lansky@jessicaprovenzano-floridaexecutiverealty.com,pattern-guessing,0.18,false,,
239,Jill Lansky,Jessica Provenzano - FLORIDA EXECUTIVE REALTY,jessicaprovenzano-floridaexecutiverealty.com,false,jilll@jessicaprovenzano-floridaexecutiverealty.com,pattern-guessing,0.18,false,,
240,Jill Lansky,Jim Moran Institute (FSU),jim.fr,true,info@jim.fr,web-scraping,0.54,false,https://jim.fr/,
240,Jill Lansky,Jim Moran Institute (FSU),jim.fr,true,jill@jim.fr,pattern-guessing,0.38,false,,
240,Jill Lansky,Jim Moran Institute (FSU),jim.fr,true,jill.lansky@jim.fr,pattern-guessing,0.38,false,,
240,Jill Lansky,Jim Moran Institute (FSU),jim.fr,true,jilllansky@jim.fr,pattern-guessing,0.38,false,,
240,Jill Lansky,Jim Moran Institute (FSU),jim.fr,true,jill_lansky@jim.fr,pattern-guessing,0.38,false,,
240,Jill Lansky,Jim Moran Institute (FSU),jim.fr,true,jlansky@jim.fr,pattern-guessing,0.38,false,,
240,Jill Lansky,Jim Moran Institute (FSU),jim.fr,true,j.lansky@jim.fr,pattern-guessing,0.38,false,,
240,Jill Lansky,Jim Moran Institute (FSU),jim.fr,true,jilll@jim.fr,pattern-guessing,0.38,false,,
241,Jill Lansky,Jiva Med Spa,jivamedspa.com,true,info@jivamedspa.com,web-scraping,0.54,false,https://jivamedspa.com/contact,
241,Jill Lansky,Jiva Med Spa,jivamedspa.com,true,jill@jivamedspa.com,pattern-guessing,0.38,false,,
241,Jill Lansky,Jiva Med Spa,jivamedspa.com,true,jill.lansky@jivamedspa.com,pattern-guessing,0.38,false,,
241,Jill Lansky,Jiva Med Spa,jivamedspa.com,true,jilllansky@jivamedspa.com,pattern-guessing,0.38,false,,
241,Jill Lansky,Jiva Med Spa,jivamedspa.com,true,jill_lansky@jivamedspa.com,pattern-guessing,0.38,false,,
241,Jill Lansky,Jiva Med Spa,jivamedspa.com,true,jlansky@jivamedspa.com,pattern-guessing,0.38,false,,
241,Jill Lansky,Jiva Med Spa,jivamedspa.com,true,j.lansky@jivamedspa.com,pattern-guessing,0.38,false,,
241,Jill Lansky,Jiva Med Spa,jivamedspa.com,true,jilll@jivamedspa.com,pattern-guessing,0.38,false,,
242,Jill Lansky,Johns Hopkins All Children's Hospital,johnshopkinsallchildrenshospital.com,false,jill@johnshopkinsallchildrenshospital.com,pattern-guessing,0.18,false,,
242,Jill Lansky,Johns Hopkins All Children's Hospital,johnshopkinsallchildrenshospital.com,false,jill.lansky@johnshopkinsallchildrenshospital.com,pattern-guessing,0.18,false,,
242,Jill Lansky,Johns Hopkins All Children's Hospital,johnshopkinsallchildrenshospital.com,false,jilllansky@johnshopkinsallchildrenshospital.com,pattern-guessing,0.18,false,,
242,Jill Lansky,Johns Hopkins All Children's Hospital,johnshopkinsallchildrenshospital.com,false,jill_lansky@johnshopkinsallchildrenshospital.com,pattern-guessing,0.18,false,,
242,Jill Lansky,Johns Hopkins All Children's Hospital,johnshopkinsallchildrenshospital.com,false,jlansky@johnshopkinsallchildrenshospital.com,pattern-guessing,0.18,false,,
242,Jill Lansky,Johns Hopkins All Children's Hospital,johnshopkinsallchildrenshospital.com,false,j.lansky@johnshopkinsallchildrenshospital.com,pattern-guessing,0.18,false,,
242,Jill Lansky,Johns Hopkins All Children's Hospital,johnshopkinsallchildrenshospital.com,false,jilll@johnshopkinsallchildrenshospital.com,pattern-guessing,0.18,false,,
243,Terrod Bright,Johns Hopkins All Children's Outpatient Care - New Port Richey,johnshopkinsallchildrensoutpatientcare-newportrichey.com,false,terrod@johnshopkinsallchildrensoutpatientcare-newportrichey.com,pattern-guessing,0.18,false,,
243,Terrod Bright,Johns Hopkins All Children's Outpatient Care - New Port Richey,johnshopkinsallchildrensoutpatientcare-newportrichey.com,false,terrod.bright@johnshopkinsallchildrensoutpatientcare-newportrichey.com,pattern-guessing,0.18,false,,
243,Terrod Bright,Johns Hopkins All Children's Outpatient Care - New Port Richey,johnshopkinsallchildrensoutpatientcare-newportrichey.com,false,terrodbright@johnshopkinsallchildrensoutpatientcare-newportrichey.com,pattern-guessing,0.18,false,,
243,Terrod Bright,Johns Hopkins All Children's Outpatient Care - New Port Richey,johnshopkinsallchildrensoutpatientcare-newportrichey.com,false,terrod_bright@johnshopkinsallchildrensoutpatientcare-newportrichey.com,pattern-guessing,0.18,false,,
243,Terrod Bright,Johns Hopkins All Children's Outpatient Care - New Port Richey,johnshopkinsallchildrensoutpatientcare-newportrichey.com,false,tbright@johnshopkinsallchildrensoutpatientcare-newportrichey.com,pattern-guessing,0.18,false,,
243,Terrod Bright,Johns Hopkins All Children's Outpatient Care - New Port Richey,johnshopkinsallchildrensoutpatientcare-newportrichey.com,false,t.bright@johnshopkinsallchildrensoutpatientcare-newportrichey.com,pattern-guessing,0.18,false,,
243,Terrod Bright,Johns Hopkins All Children's Outpatient Care - New Port Richey,johnshopkinsallchildrensoutpatientcare-newportrichey.com,false,terrodb@johnshopkinsallchildrensoutpatientcare-newportrichey.com,pattern-guessing,0.18,false,,
244,Sherriff Ali,Johns Hopkins All Children's Outpatient Care - Tampa,johnshopkinsallchildrensoutpatientcare-tampa.com,false,sherriff@johnshopkinsallchildrensoutpatientcare-tampa.com,pattern-guessing,0.18,false,,
244,Sherriff Ali,Johns Hopkins All Children's Outpatient Care - Tampa,johnshopkinsallchildrensoutpatientcare-tampa.com,false,sherriff.ali@johnshopkinsallchildrensoutpatientcare-tampa.com,pattern-guessing,0.18,false,,
244,Sherriff Ali,Johns Hopkins All Children's Outpatient Care - Tampa,johnshopkinsallchildrensoutpatientcare-tampa.com,false,sherriffali@johnshopkinsallchildrensoutpatientcare-tampa.com,pattern-guessing,0.18,false,,
244,Sherriff Ali,Johns Hopkins All Children's Outpatient Care - Tampa,johnshopkinsallchildrensoutpatientcare-tampa.com,false,sherriff_ali@johnshopkinsallchildrensoutpatientcare-tampa.com,pattern-guessing,0.18,false,,
244,Sherriff Ali,Johns Hopkins All Children's Outpatient Care - Tampa,johnshopkinsallchildrensoutpatientcare-tampa.com,false,sali@johnshopkinsallchildrensoutpatientcare-tampa.com,pattern-guessing,0.18,false,,
244,Sherriff Ali,Johns Hopkins All Children's Outpatient Care - Tampa,johnshopkinsallchildrensoutpatientcare-tampa.com,false,s.ali@johnshopkinsallchildrensoutpatientcare-tampa.com,pattern-guessing,0.18,false,,
244,Sherriff Ali,Johns Hopkins All Children's Outpatient Care - Tampa,johnshopkinsallchildrensoutpatientcare-tampa.com,false,sherriffa@johnshopkinsallchildrensoutpatientcare-tampa.com,pattern-guessing,0.18,false,,
245,John Giancarlo,Johns Hopkins All Children's Outpatient Care - Wesley Chapel,johnshopkinsallchildrensoutpatientcare-wesleychapel.com,false,john@johnshopkinsallchildrensoutpatientcare-wesleychapel.com,pattern-guessing,0.18,false,,
245,John Giancarlo,Johns Hopkins All Children's Outpatient Care - Wesley Chapel,johnshopkinsallchildrensoutpatientcare-wesleychapel.com,false,john.giancarlo@johnshopkinsallchildrensoutpatientcare-wesleychapel.com,pattern-guessing,0.18,false,,
245,John Giancarlo,Johns Hopkins All Children's Outpatient Care - Wesley Chapel,johnshopkinsallchildrensoutpatientcare-wesleychapel.com,false,johngiancarlo@johnshopkinsallchildrensoutpatientcare-wesleychapel.com,pattern-guessing,0.18,false,,
245,John Giancarlo,Johns Hopkins All Children's Outpatient Care - Wesley Chapel,johnshopkinsallchildrensoutpatientcare-wesleychapel.com,false,john_giancarlo@johnshopkinsallchildrensoutpatientcare-wesleychapel.com,pattern-guessing,0.18,false,,
245,John Giancarlo,Johns Hopkins All Children's Outpatient Care - Wesley Chapel,johnshopkinsallchildrensoutpatientcare-wesleychapel.com,false,jgiancarlo@johnshopkinsallchildrensoutpatientcare-wesleychapel.com,pattern-guessing,0.18,false,,
245,John Giancarlo,Johns Hopkins All Children's Outpatient Care - Wesley Chapel,johnshopkinsallchildrensoutpatientcare-wesleychapel.com,false,j.giancarlo@johnshopkinsallchildrensoutpatientcare-wesleychapel.com,pattern-guessing,0.18,false,,
245,John Giancarlo,Johns Hopkins All Children's Outpatient Care - Wesley Chapel,johnshopkinsallchildrensoutpatientcare-wesleychapel.com,false,johng@johnshopkinsallchildrensoutpatientcare-wesleychapel.com,pattern-guessing,0.18,false,,
246,Jose Juarbe,JP Morgan Chase,moore.army.mil,false,jose@moore.army.mil,pattern-guessing,0.18,false,,
246,Jose Juarbe,JP Morgan Chase,moore.army.mil,false,jose.juarbe@moore.army.mil,pattern-guessing,0.18,false,,
246,Jose Juarbe,JP Morgan Chase,moore.army.mil,false,josejuarbe@moore.army.mil,pattern-guessing,0.18,false,,
246,Jose Juarbe,JP Morgan Chase,moore.army.mil,false,jose_juarbe@moore.army.mil,pattern-guessing,0.18,false,,
246,Jose Juarbe,JP Morgan Chase,moore.army.mil,false,jjuarbe@moore.army.mil,pattern-guessing,0.18,false,,
246,Jose Juarbe,JP Morgan Chase,moore.army.mil,false,j.juarbe@moore.army.mil,pattern-guessing,0.18,false,,
246,Jose Juarbe,JP Morgan Chase,moore.army.mil,false,josej@moore.army.mil,pattern-guessing,0.18,false,,
247,Anthony Messina,Kaizen Family Dentistry,kaizenfamilydentistry.com,true,anthony@kaizenfamilydentistry.com,pattern-guessing,0.38,false,,
247,Anthony Messina,Kaizen Family Dentistry,kaizenfamilydentistry.com,true,anthony.messina@kaizenfamilydentistry.com,pattern-guessing,0.38,false,,
247,Anthony Messina,Kaizen Family Dentistry,kaizenfamilydentistry.com,true,anthonymessina@kaizenfamilydentistry.com,pattern-guessing,0.38,false,,
247,Anthony Messina,Kaizen Family Dentistry,kaizenfamilydentistry.com,true,anthony_messina@kaizenfamilydentistry.com,pattern-guessing,0.38,false,,
247,Anthony Messina,Kaizen Family Dentistry,kaizenfamilydentistry.com,true,amessina@kaizenfamilydentistry.com,pattern-guessing,0.38,false,,
247,Anthony Messina,Kaizen Family Dentistry,kaizenfamilydentistry.com,true,a.messina@kaizenfamilydentistry.com,pattern-guessing,0.38,false,,
247,Anthony Messina,Kaizen Family Dentistry,kaizenfamilydentistry.com,true,anthonym@kaizenfamilydentistry.com,pattern-guessing,0.38,false,,
248,Forrest Oliver,Kaji Harmonizing Therapies Acupressure and Massage,github.com,true,forrest@github.com,pattern-guessing,0.38,false,,
248,Forrest Oliver,Kaji Harmonizing Therapies Acupressure and Massage,github.com,true,forrest.oliver@github.com,pattern-guessing,0.38,false,,
248,Forrest Oliver,Kaji Harmonizing Therapies Acupressure and Massage,github.com,true,forrestoliver@github.com,pattern-guessing,0.38,false,,
248,Forrest Oliver,Kaji Harmonizing Therapies Acupressure and Massage,github.com,true,forrest_oliver@github.com,pattern-guessing,0.38,false,,
248,Forrest Oliver,Kaji Harmonizing Therapies Acupressure and Massage,github.com,true,foliver@github.com,pattern-guessing,0.38,false,,
248,Forrest Oliver,Kaji Harmonizing Therapies Acupressure and Massage,github.com,true,f.oliver@github.com,pattern-guessing,0.38,false,,
248,Forrest Oliver,Kaji Harmonizing Therapies Acupressure and Massage,github.com,true,forresto@github.com,pattern-guessing,0.38,false,,
249,Christine Langlo,Kap Rate Group,kaptest.com,true,christine@kaptest.com,pattern-guessing,0.38,false,,
249,Christine Langlo,Kap Rate Group,kaptest.com,true,christine.langlo@kaptest.com,pattern-guessing,0.38,false,,
249,Christine Langlo,Kap Rate Group,kaptest.com,true,christinelanglo@kaptest.com,pattern-guessing,0.38,false,,
249,Christine Langlo,Kap Rate Group,kaptest.com,true,christine_langlo@kaptest.com,pattern-guessing,0.38,false,,
249,Christine Langlo,Kap Rate Group,kaptest.com,true,clanglo@kaptest.com,pattern-guessing,0.38,false,,
249,Christine Langlo,Kap Rate Group,kaptest.com,true,c.langlo@kaptest.com,pattern-guessing,0.38,false,,
249,Christine Langlo,Kap Rate Group,kaptest.com,true,christinel@kaptest.com,pattern-guessing,0.38,false,,
250,Debora Diaz,"Keystone Title Agency, Inc.",keystonetitleagency.com,true,debora@keystonetitleagency.com,pattern-guessing,0.38,false,,
250,Debora Diaz,"Keystone Title Agency, Inc.",keystonetitleagency.com,true,debora.diaz@keystonetitleagency.com,pattern-guessing,0.38,false,,
250,Debora Diaz,"Keystone Title Agency, Inc.",keystonetitleagency.com,true,deboradiaz@keystonetitleagency.com,pattern-guessing,0.38,false,,
250,Debora Diaz,"Keystone Title Agency, Inc.",keystonetitleagency.com,true,debora_diaz@keystonetitleagency.com,pattern-guessing,0.38,false,,
250,Debora Diaz,"Keystone Title Agency, Inc.",keystonetitleagency.com,true,ddiaz@keystonetitleagency.com,pattern-guessing,0.38,false,,
250,Debora Diaz,"Keystone Title Agency, Inc.",keystonetitleagency.com,true,d.diaz@keystonetitleagency.com,pattern-guessing,0.38,false,,
250,Debora Diaz,"Keystone Title Agency, Inc.",keystonetitleagency.com,true,deborad@keystonetitleagency.com,pattern-guessing,0.38,false,,
251,Elizabeth Devolder,Landsacpe Workshop,landsacpeworkshop.com,false,elizabeth@landsacpeworkshop.com,pattern-guessing,0.18,false,,
251,Elizabeth Devolder,Landsacpe Workshop,landsacpeworkshop.com,false,elizabeth.devolder@landsacpeworkshop.com,pattern-guessing,0.18,false,,
251,Elizabeth Devolder,Landsacpe Workshop,landsacpeworkshop.com,false,elizabethdevolder@landsacpeworkshop.com,pattern-guessing,0.18,false,,
251,Elizabeth Devolder,Landsacpe Workshop,landsacpeworkshop.com,false,elizabeth_devolder@landsacpeworkshop.com,pattern-guessing,0.18,false,,
251,Elizabeth Devolder,Landsacpe Workshop,landsacpeworkshop.com,false,edevolder@landsacpeworkshop.com,pattern-guessing,0.18,false,,
251,Elizabeth Devolder,Landsacpe Workshop,landsacpeworkshop.com,false,e.devolder@landsacpeworkshop.com,pattern-guessing,0.18,false,,
251,Elizabeth Devolder,Landsacpe Workshop,landsacpeworkshop.com,false,elizabethd@landsacpeworkshop.com,pattern-guessing,0.18,false,,
252,Angel Cook,Lane Glo Lanes North,laneglolanesnorth.com,false,angel@laneglolanesnorth.com,pattern-guessing,0.18,false,,
252,Angel Cook,Lane Glo Lanes North,laneglolanesnorth.com,false,angel.cook@laneglolanesnorth.com,pattern-guessing,0.18,false,,
252,Angel Cook,Lane Glo Lanes North,laneglolanesnorth.com,false,angelcook@laneglolanesnorth.com,pattern-guessing,0.18,false,,
252,Angel Cook,Lane Glo Lanes North,laneglolanesnorth.com,false,angel_cook@laneglolanesnorth.com,pattern-guessing,0.18,false,,
252,Angel Cook,Lane Glo Lanes North,laneglolanesnorth.com,false,acook@laneglolanesnorth.com,pattern-guessing,0.18,false,,
252,Angel Cook,Lane Glo Lanes North,laneglolanesnorth.com,false,a.cook@laneglolanesnorth.com,pattern-guessing,0.18,false,,
252,Angel Cook,Lane Glo Lanes North,laneglolanesnorth.com,false,angelc@laneglolanesnorth.com,pattern-guessing,0.18,false,,
253,Laura Raposa,"Law Office of Debora A. Diaz, PLLC",answers.justia.com,false,laura@answers.justia.com,pattern-guessing,0.18,false,,
253,Laura Raposa,"Law Office of Debora A. Diaz, PLLC",answers.justia.com,false,laura.raposa@answers.justia.com,pattern-guessing,0.18,false,,
253,Laura Raposa,"Law Office of Debora A. Diaz, PLLC",answers.justia.com,false,lauraraposa@answers.justia.com,pattern-guessing,0.18,false,,
253,Laura Raposa,"Law Office of Debora A. Diaz, PLLC",answers.justia.com,false,laura_raposa@answers.justia.com,pattern-guessing,0.18,false,,
253,Laura Raposa,"Law Office of Debora A. Diaz, PLLC",answers.justia.com,false,lraposa@answers.justia.com,pattern-guessing,0.18,false,,
253,Laura Raposa,"Law Office of Debora A. Diaz, PLLC",answers.justia.com,false,l.raposa@answers.justia.com,pattern-guessing,0.18,false,,
253,Laura Raposa,"Law Office of Debora A. Diaz, PLLC",answers.justia.com,false,laurar@answers.justia.com,pattern-guessing,0.18,false,,
254,Kathy Goltermann,Law Office of Elizabeth Devolder PLLC,answers.justia.com,false,kathy@answers.justia.com,pattern-guessing,0.18,false,,
254,Kathy Goltermann,Law Office of Elizabeth Devolder PLLC,answers.justia.com,false,kathy.goltermann@answers.justia.com,pattern-guessing,0.18,false,,
254,Kathy Goltermann,Law Office of Elizabeth Devolder PLLC,answers.justia.com,false,kathygoltermann@answers.justia.com,pattern-guessing,0.18,false,,
254,Kathy Goltermann,Law Office of Elizabeth Devolder PLLC,answers.justia.com,false,kathy_goltermann@answers.justia.com,pattern-guessing,0.18,false,,
254,Kathy Goltermann,Law Office of Elizabeth Devolder PLLC,answers.justia.com,false,kgoltermann@answers.justia.com,pattern-guessing,0.18,false,,
254,Kathy Goltermann,Law Office of Elizabeth Devolder PLLC,answers.justia.com,false,k.goltermann@answers.justia.com,pattern-guessing,0.18,false,,
254,Kathy Goltermann,Law Office of Elizabeth Devolder PLLC,answers.justia.com,false,kathyg@answers.justia.com,pattern-guessing,0.18,false,,
255,Joe Claxton,Leaders Insurance,hbr.org,true,joe@hbr.org,pattern-guessing,0.38,false,,
255,Joe Claxton,Leaders Insurance,hbr.org,true,joe.claxton@hbr.org,pattern-guessing,0.38,false,,
255,Joe Claxton,Leaders Insurance,hbr.org,true,joeclaxton@hbr.org,pattern-guessing,0.38,false,,
255,Joe Claxton,Leaders Insurance,hbr.org,true,joe_claxton@hbr.org,pattern-guessing,0.38,false,,
255,Joe Claxton,Leaders Insurance,hbr.org,true,jclaxton@hbr.org,pattern-guessing,0.38,false,,
255,Joe Claxton,Leaders Insurance,hbr.org,true,j.claxton@hbr.org,pattern-guessing,0.38,false,,
255,Joe Claxton,Leaders Insurance,hbr.org,true,joec@hbr.org,pattern-guessing,0.38,false,,
256,Bart Nichols,Leadership Pasco,hbr.org,true,bart@hbr.org,pattern-guessing,0.38,false,,
256,Bart Nichols,Leadership Pasco,hbr.org,true,bart.nichols@hbr.org,pattern-guessing,0.38,false,,
256,Bart Nichols,Leadership Pasco,hbr.org,true,bartnichols@hbr.org,pattern-guessing,0.38,false,,
256,Bart Nichols,Leadership Pasco,hbr.org,true,bart_nichols@hbr.org,pattern-guessing,0.38,false,,
256,Bart Nichols,Leadership Pasco,hbr.org,true,bnichols@hbr.org,pattern-guessing,0.38,false,,
256,Bart Nichols,Leadership Pasco,hbr.org,true,b.nichols@hbr.org,pattern-guessing,0.38,false,,
256,Bart Nichols,Leadership Pasco,hbr.org,true,bartn@hbr.org,pattern-guessing,0.38,false,,
257,Teresa Ward,Learning Gate Community School,verywellmind.com,true,teresa@verywellmind.com,pattern-guessing,0.38,false,,
257,Teresa Ward,Learning Gate Community School,verywellmind.com,true,teresa.ward@verywellmind.com,pattern-guessing,0.38,false,,
257,Teresa Ward,Learning Gate Community School,verywellmind.com,true,teresaward@verywellmind.com,pattern-guessing,0.38,false,,
257,Teresa Ward,Learning Gate Community School,verywellmind.com,true,teresa_ward@verywellmind.com,pattern-guessing,0.38,false,,
257,Teresa Ward,Learning Gate Community School,verywellmind.com,true,tward@verywellmind.com,pattern-guessing,0.38,false,,
257,Teresa Ward,Learning Gate Community School,verywellmind.com,true,t.ward@verywellmind.com,pattern-guessing,0.38,false,,
257,Teresa Ward,Learning Gate Community School,verywellmind.com,true,teresaw@verywellmind.com,pattern-guessing,0.38,false,,
258,Chonya Alvarez,Legacy at Highwoods Preserve,legacyathighwoodspreserve.com,true,chonya@legacyathighwoodspreserve.com,pattern-guessing,0.38,false,,
258,Chonya Alvarez,Legacy at Highwoods Preserve,legacyathighwoodspreserve.com,true,chonya.alvarez@legacyathighwoodspreserve.com,pattern-guessing,0.38,false,,
258,Chonya Alvarez,Legacy at Highwoods Preserve,legacyathighwoodspreserve.com,true,chonyaalvarez@legacyathighwoodspreserve.com,pattern-guessing,0.38,false,,
258,Chonya Alvarez,Legacy at Highwoods Preserve,legacyathighwoodspreserve.com,true,chonya_alvarez@legacyathighwoodspreserve.com,pattern-guessing,0.38,false,,
258,Chonya Alvarez,Legacy at Highwoods Preserve,legacyathighwoodspreserve.com,true,calvarez@legacyathighwoodspreserve.com,pattern-guessing,0.38,false,,
258,Chonya Alvarez,Legacy at Highwoods Preserve,legacyathighwoodspreserve.com,true,c.alvarez@legacyathighwoodspreserve.com,pattern-guessing,0.38,false,,
258,Chonya Alvarez,Legacy at Highwoods Preserve,legacyathighwoodspreserve.com,true,chonyaa@legacyathighwoodspreserve.com,pattern-guessing,0.38,false,,
259,Leon Jones,Lema Construction,lemaconstruction.com,true,leon@lemaconstruction.com,pattern-guessing,0.38,false,,
259,Leon Jones,Lema Construction,lemaconstruction.com,true,leon.jones@lemaconstruction.com,pattern-guessing,0.38,false,,
259,Leon Jones,Lema Construction,lemaconstruction.com,true,leonjones@lemaconstruction.com,pattern-guessing,0.38,false,,
259,Leon Jones,Lema Construction,lemaconstruction.com,true,leon_jones@lemaconstruction.com,pattern-guessing,0.38,false,,
259,Leon Jones,Lema Construction,lemaconstruction.com,true,ljones@lemaconstruction.com,pattern-guessing,0.38,false,,
259,Leon Jones,Lema Construction,lemaconstruction.com,true,l.jones@lemaconstruction.com,pattern-guessing,0.38,false,,
259,Leon Jones,Lema Construction,lemaconstruction.com,true,leonj@lemaconstruction.com,pattern-guessing,0.38,false,,
260,Devon Dougherty,Lennar Homes,lennarhomes.com,false,devon@lennarhomes.com,pattern-guessing,0.18,false,,
260,Devon Dougherty,Lennar Homes,lennarhomes.com,false,devon.dougherty@lennarhomes.com,pattern-guessing,0.18,false,,
260,Devon Dougherty,Lennar Homes,lennarhomes.com,false,devondougherty@lennarhomes.com,pattern-guessing,0.18,false,,
260,Devon Dougherty,Lennar Homes,lennarhomes.com,false,devon_dougherty@lennarhomes.com,pattern-guessing,0.18,false,,
260,Devon Dougherty,Lennar Homes,lennarhomes.com,false,ddougherty@lennarhomes.com,pattern-guessing,0.18,false,,
260,Devon Dougherty,Lennar Homes,lennarhomes.com,false,d.dougherty@lennarhomes.com,pattern-guessing,0.18,false,,
260,Devon Dougherty,Lennar Homes,lennarhomes.com,false,devond@lennarhomes.com,pattern-guessing,0.18,false,,
261,Yasmani Barcelo,Let's Plan A Party,letsplanaparty.com,true,chonya@letsplanaparty.com,web-scraping,0.72,false,https://letsplanaparty.com/,
261,Yasmani Barcelo,Let's Plan A Party,letsplanaparty.com,true,yasmani@letsplanaparty.com,pattern-guessing,0.38,false,,
261,Yasmani Barcelo,Let's Plan A Party,letsplanaparty.com,true,yasmani.barcelo@letsplanaparty.com,pattern-guessing,0.38,false,,
261,Yasmani Barcelo,Let's Plan A Party,letsplanaparty.com,true,yasmanibarcelo@letsplanaparty.com,pattern-guessing,0.38,false,,
261,Yasmani Barcelo,Let's Plan A Party,letsplanaparty.com,true,yasmani_barcelo@letsplanaparty.com,pattern-guessing,0.38,false,,
261,Yasmani Barcelo,Let's Plan A Party,letsplanaparty.com,true,ybarcelo@letsplanaparty.com,pattern-guessing,0.38,false,,
261,Yasmani Barcelo,Let's Plan A Party,letsplanaparty.com,true,y.barcelo@letsplanaparty.com,pattern-guessing,0.38,false,,
261,Yasmani Barcelo,Let's Plan A Party,letsplanaparty.com,true,yasmanib@letsplanaparty.com,pattern-guessing,0.38,false,,
262,Taylor Westrope,LHJ LAW,lhjlaw.com,true,taylor@lhjlaw.com,pattern-guessing,0.38,false,,
262,Taylor Westrope,LHJ LAW,lhjlaw.com,true,taylor.westrope@lhjlaw.com,pattern-guessing,0.38,false,,
262,Taylor Westrope,LHJ LAW,lhjlaw.com,true,taylorwestrope@lhjlaw.com,pattern-guessing,0.38,false,,
262,Taylor Westrope,LHJ LAW,lhjlaw.com,true,taylor_westrope@lhjlaw.com,pattern-guessing,0.38,false,,
262,Taylor Westrope,LHJ LAW,lhjlaw.com,true,twestrope@lhjlaw.com,pattern-guessing,0.38,false,,
262,Taylor Westrope,LHJ LAW,lhjlaw.com,true,t.westrope@lhjlaw.com,pattern-guessing,0.38,false,,
262,Taylor Westrope,LHJ LAW,lhjlaw.com,true,taylorw@lhjlaw.com,pattern-guessing,0.38,false,,
263,Mr. Christopher C. Dobard,Life Church,life.com,true,mr@life.com,pattern-guessing,0.38,false,,
263,Mr. Christopher C. Dobard,Life Church,life.com,true,mr.dobard@life.com,pattern-guessing,0.38,false,,
263,Mr. Christopher C. Dobard,Life Church,life.com,true,mrdobard@life.com,pattern-guessing,0.38,false,,
263,Mr. Christopher C. Dobard,Life Church,life.com,true,mr_dobard@life.com,pattern-guessing,0.38,false,,
263,Mr. Christopher C. Dobard,Life Church,life.com,true,mdobard@life.com,pattern-guessing,0.38,false,,
263,Mr. Christopher C. Dobard,Life Church,life.com,true,m.dobard@life.com,pattern-guessing,0.38,false,,
263,Mr. Christopher C. Dobard,Life Church,life.com,true,mrd@life.com,pattern-guessing,0.38,false,,
264,John Lombardo,Lightning Orthodontics,lightningrodder.com,true,john@lightningrodder.com,pattern-guessing,0.38,false,,
264,John Lombardo,Lightning Orthodontics,lightningrodder.com,true,john.lombardo@lightningrodder.com,pattern-guessing,0.38,false,,
264,John Lombardo,Lightning Orthodontics,lightningrodder.com,true,johnlombardo@lightningrodder.com,pattern-guessing,0.38,false,,
264,John Lombardo,Lightning Orthodontics,lightningrodder.com,true,john_lombardo@lightningrodder.com,pattern-guessing,0.38,false,,
264,John Lombardo,Lightning Orthodontics,lightningrodder.com,true,jlombardo@lightningrodder.com,pattern-guessing,0.38,false,,
264,John Lombardo,Lightning Orthodontics,lightningrodder.com,true,j.lombardo@lightningrodder.com,pattern-guessing,0.38,false,,
264,John Lombardo,Lightning Orthodontics,lightningrodder.com,true,johnl@lightningrodder.com,pattern-guessing,0.38,false,,
265,Christopher Rodriguez,Live Hydration Spa Wesley Chapel,city-data.com,true,christopher@city-data.com,pattern-guessing,0.38,false,,
265,Christopher Rodriguez,Live Hydration Spa Wesley Chapel,city-data.com,true,christopher.rodriguez@city-data.com,pattern-guessing,0.38,false,,
265,Christopher Rodriguez,Live Hydration Spa Wesley Chapel,city-data.com,true,christopherrodriguez@city-data.com,pattern-guessing,0.38,false,,
265,Christopher Rodriguez,Live Hydration Spa Wesley Chapel,city-data.com,true,christopher_rodriguez@city-data.com,pattern-guessing,0.38,false,,
265,Christopher Rodriguez,Live Hydration Spa Wesley Chapel,city-data.com,true,crodriguez@city-data.com,pattern-guessing,0.38,false,,
265,Christopher Rodriguez,Live Hydration Spa Wesley Chapel,city-data.com,true,c.rodriguez@city-data.com,pattern-guessing,0.38,false,,
265,Christopher Rodriguez,Live Hydration Spa Wesley Chapel,city-data.com,true,christopherr@city-data.com,pattern-guessing,0.38,false,,
266,Brenda Vansteenburg,LMCU,lmcu.com,true,brenda@lmcu.com,pattern-guessing,0.38,false,,
266,Brenda Vansteenburg,LMCU,lmcu.com,true,brenda.vansteenburg@lmcu.com,pattern-guessing,0.38,false,,
266,Brenda Vansteenburg,LMCU,lmcu.com,true,brendavansteenburg@lmcu.com,pattern-guessing,0.38,false,,
266,Brenda Vansteenburg,LMCU,lmcu.com,true,brenda_vansteenburg@lmcu.com,pattern-guessing,0.38,false,,
266,Brenda Vansteenburg,LMCU,lmcu.com,true,bvansteenburg@lmcu.com,pattern-guessing,0.38,false,,
266,Brenda Vansteenburg,LMCU,lmcu.com,true,b.vansteenburg@lmcu.com,pattern-guessing,0.38,false,,
266,Brenda Vansteenburg,LMCU,lmcu.com,true,brendav@lmcu.com,pattern-guessing,0.38,false,,
267,Lee A. Bennett Jr.,Lombardo Care Connections Insurance,lombardo.it,true,info@lombardo.it,web-scraping,0.54,false,https://lombardo.it/,
267,Lee A. Bennett Jr.,Lombardo Care Connections Insurance,lombardo.it,true,lee@lombardo.it,pattern-guessing,0.38,false,,
267,Lee A. Bennett Jr.,Lombardo Care Connections Insurance,lombardo.it,true,lee.jr@lombardo.it,pattern-guessing,0.38,false,,
267,Lee A. Bennett Jr.,Lombardo Care Connections Insurance,lombardo.it,true,leejr@lombardo.it,pattern-guessing,0.38,false,,
267,Lee A. Bennett Jr.,Lombardo Care Connections Insurance,lombardo.it,true,lee_jr@lombardo.it,pattern-guessing,0.38,false,,
267,Lee A. Bennett Jr.,Lombardo Care Connections Insurance,lombardo.it,true,ljr@lombardo.it,pattern-guessing,0.38,false,,
267,Lee A. Bennett Jr.,Lombardo Care Connections Insurance,lombardo.it,true,l.jr@lombardo.it,pattern-guessing,0.38,false,,
267,Lee A. Bennett Jr.,Lombardo Care Connections Insurance,lombardo.it,true,leej@lombardo.it,pattern-guessing,0.38,false,,
268,"Christopher C. Dyer, Esq.",Los Chapos Tacos wesley chapel,wlos.com,true,christopher@wlos.com,pattern-guessing,0.38,false,,
268,"Christopher C. Dyer, Esq.",Los Chapos Tacos wesley chapel,wlos.com,true,christopher.esq@wlos.com,pattern-guessing,0.38,false,,
268,"Christopher C. Dyer, Esq.",Los Chapos Tacos wesley chapel,wlos.com,true,christopheresq@wlos.com,pattern-guessing,0.38,false,,
268,"Christopher C. Dyer, Esq.",Los Chapos Tacos wesley chapel,wlos.com,true,christopher_esq@wlos.com,pattern-guessing,0.38,false,,
268,"Christopher C. Dyer, Esq.",Los Chapos Tacos wesley chapel,wlos.com,true,cesq@wlos.com,pattern-guessing,0.38,false,,
268,"Christopher C. Dyer, Esq.",Los Chapos Tacos wesley chapel,wlos.com,true,c.esq@wlos.com,pattern-guessing,0.38,false,,
268,"Christopher C. Dyer, Esq.",Los Chapos Tacos wesley chapel,wlos.com,true,christophere@wlos.com,pattern-guessing,0.38,false,,
269,"Christopher C. Cyer, Esq.",LovEndures DBA Face Foundrie,lovenduresdbafacefoundrie.com,false,christopher@lovenduresdbafacefoundrie.com,pattern-guessing,0.18,false,,
269,"Christopher C. Cyer, Esq.",LovEndures DBA Face Foundrie,lovenduresdbafacefoundrie.com,false,christopher.esq@lovenduresdbafacefoundrie.com,pattern-guessing,0.18,false,,
269,"Christopher C. Cyer, Esq.",LovEndures DBA Face Foundrie,lovenduresdbafacefoundrie.com,false,christopheresq@lovenduresdbafacefoundrie.com,pattern-guessing,0.18,false,,
269,"Christopher C. Cyer, Esq.",LovEndures DBA Face Foundrie,lovenduresdbafacefoundrie.com,false,christopher_esq@lovenduresdbafacefoundrie.com,pattern-guessing,0.18,false,,
269,"Christopher C. Cyer, Esq.",LovEndures DBA Face Foundrie,lovenduresdbafacefoundrie.com,false,cesq@lovenduresdbafacefoundrie.com,pattern-guessing,0.18,false,,
269,"Christopher C. Cyer, Esq.",LovEndures DBA Face Foundrie,lovenduresdbafacefoundrie.com,false,c.esq@lovenduresdbafacefoundrie.com,pattern-guessing,0.18,false,,
269,"Christopher C. Cyer, Esq.",LovEndures DBA Face Foundrie,lovenduresdbafacefoundrie.com,false,christophere@lovenduresdbafacefoundrie.com,pattern-guessing,0.18,false,,
270,Michelle Bergeron,LPT Realty,lptrealty.com,true,michelle@lptrealty.com,pattern-guessing,0.38,false,,
270,Michelle Bergeron,LPT Realty,lptrealty.com,true,michelle.bergeron@lptrealty.com,pattern-guessing,0.38,false,,
270,Michelle Bergeron,LPT Realty,lptrealty.com,true,michellebergeron@lptrealty.com,pattern-guessing,0.38,false,,
270,Michelle Bergeron,LPT Realty,lptrealty.com,true,michelle_bergeron@lptrealty.com,pattern-guessing,0.38,false,,
270,Michelle Bergeron,LPT Realty,lptrealty.com,true,mbergeron@lptrealty.com,pattern-guessing,0.38,false,,
270,Michelle Bergeron,LPT Realty,lptrealty.com,true,m.bergeron@lptrealty.com,pattern-guessing,0.38,false,,
270,Michelle Bergeron,LPT Realty,lptrealty.com,true,michelleb@lptrealty.com,pattern-guessing,0.38,false,,
271,Josephine Carr,"Lucas, Macyszyn & Dyer Law Firm - Wesley Chapel",deadline.com,true,nellie@deadline.com,web-scraping,0.72,false,https://deadline.com/contact-us,
271,Josephine Carr,"Lucas, Macyszyn & Dyer Law Firm - Wesley Chapel",deadline.com,true,mike@deadline.com,web-scraping,0.72,false,https://deadline.com/contact-us,
271,Josephine Carr,"Lucas, Macyszyn & Dyer Law Firm - Wesley Chapel",deadline.com,true,pete@deadline.com,web-scraping,0.72,false,https://deadline.com/contact-us,
271,Josephine Carr,"Lucas, Macyszyn & Dyer Law Firm - Wesley Chapel",deadline.com,true,bbamigboye@deadline.com,web-scraping,0.72,false,https://deadline.com/contact-us,
271,Josephine Carr,"Lucas, Macyszyn & Dyer Law Firm - Wesley Chapel",deadline.com,true,ablyth@deadline.com,web-scraping,0.72,false,https://deadline.com/contact-us,
271,Josephine Carr,"Lucas, Macyszyn & Dyer Law Firm - Wesley Chapel",deadline.com,true,patrickhipes@deadline.com,web-scraping,0.72,false,https://deadline.com/contact-us,
271,Josephine Carr,"Lucas, Macyszyn & Dyer Law Firm - Wesley Chapel",deadline.com,true,dominicpatten@deadline.com,web-scraping,0.72,false,https://deadline.com/contact-us,
271,Josephine Carr,"Lucas, Macyszyn & Dyer Law Firm - Wesley Chapel",deadline.com,true,pwhite@deadline.com,web-scraping,0.72,false,https://deadline.com/contact-us,
271,Josephine Carr,"Lucas, Macyszyn & Dyer Law Firm - Wesley Chapel",deadline.com,true,awiseman@deadline.com,web-scraping,0.72,false,https://deadline.com/contact-us,
271,Josephine Carr,"Lucas, Macyszyn & Dyer Law Firm - Wesley Chapel",deadline.com,true,denisepetski@deadline.com,web-scraping,0.72,false,https://deadline.com/contact-us,
271,Josephine Carr,"Lucas, Macyszyn & Dyer Law Firm - Wesley Chapel",deadline.com,true,erikpedersen@deadline.com,web-scraping,0.72,false,https://deadline.com/contact-us,
271,Josephine Carr,"Lucas, Macyszyn & Dyer Law Firm - Wesley Chapel",deadline.com,true,ttapp@deadline.com,web-scraping,0.72,false,https://deadline.com/contact-us,
271,Josephine Carr,"Lucas, Macyszyn & Dyer Law Firm - Wesley Chapel",deadline.com,true,naboulkheir@deadline.com,web-scraping,0.72,false,https://deadline.com/contact-us,
271,Josephine Carr,"Lucas, Macyszyn & Dyer Law Firm - Wesley Chapel",deadline.com,true,kcampione@deadline.com,web-scraping,0.72,false,https://deadline.com/contact-us,
271,Josephine Carr,"Lucas, Macyszyn & Dyer Law Firm - Wesley Chapel",deadline.com,true,rcordero@deadline.com,web-scraping,0.72,false,https://deadline.com/contact-us,
271,Josephine Carr,"Lucas, Macyszyn & Dyer Law Firm - Wesley Chapel",deadline.com,true,anthonydalessandro@deadline.com,web-scraping,0.72,false,https://deadline.com/contact-us,
271,Josephine Carr,"Lucas, Macyszyn & Dyer Law Firm - Wesley Chapel",deadline.com,true,gregevans@deadline.com,web-scraping,0.72,false,https://deadline.com/contact-us,
271,Josephine Carr,"Lucas, Macyszyn & Dyer Law Firm - Wesley Chapel",deadline.com,true,rfleming@deadline.com,web-scraping,0.72,false,https://deadline.com/contact-us,
271,Josephine Carr,"Lucas, Macyszyn & Dyer Law Firm - Wesley Chapel",deadline.com,true,ggarner@deadline.com,web-scraping,0.72,false,https://deadline.com/contact-us,
271,Josephine Carr,"Lucas, Macyszyn & Dyer Law Firm - Wesley Chapel",deadline.com,true,mgoldbart@deadline.com,web-scraping,0.72,false,https://deadline.com/contact-us,
271,Josephine Carr,"Lucas, Macyszyn & Dyer Law Firm - Wesley Chapel",deadline.com,true,jgoldsmith@deadline.com,web-scraping,0.72,false,https://deadline.com/contact-us,
271,Josephine Carr,"Lucas, Macyszyn & Dyer Law Firm - Wesley Chapel",deadline.com,true,dgomez@deadline.com,web-scraping,0.72,false,https://deadline.com/contact-us,
271,Josephine Carr,"Lucas, Macyszyn & Dyer Law Firm - Wesley Chapel",deadline.com,true,mgoodfellow@deadline.com,web-scraping,0.72,false,https://deadline.com/contact-us,
271,Josephine Carr,"Lucas, Macyszyn & Dyer Law Firm - Wesley Chapel",deadline.com,true,mattgrobar@deadline.com,web-scraping,0.72,false,https://deadline.com/contact-us,
271,Josephine Carr,"Lucas, Macyszyn & Dyer Law Firm - Wesley Chapel",deadline.com,true,dadehayes@deadline.com,web-scraping,0.72,false,https://deadline.com/contact-us,
271,Josephine Carr,"Lucas, Macyszyn & Dyer Law Firm - Wesley Chapel",deadline.com,true,djackson@deadline.com,web-scraping,0.72,false,https://deadline.com/contact-us,
271,Josephine Carr,"Lucas, Macyszyn & Dyer Law Firm - Wesley Chapel",deadline.com,true,tjohnson@deadline.com,web-scraping,0.72,false,https://deadline.com/contact-us,
271,Josephine Carr,"Lucas, Macyszyn & Dyer Law Firm - Wesley Chapel",deadline.com,true,jkanter@deadline.com,web-scraping,0.72,false,https://deadline.com/contact-us,
271,Josephine Carr,"Lucas, Macyszyn & Dyer Law Firm - Wesley Chapel",deadline.com,true,jkroll@deadline.com,web-scraping,0.72,false,https://deadline.com/contact-us,
271,Josephine Carr,"Lucas, Macyszyn & Dyer Law Firm - Wesley Chapel",deadline.com,true,rlang@deadline.com,web-scraping,0.72,false,https://deadline.com/contact-us,
271,Josephine Carr,"Lucas, Macyszyn & Dyer Law Firm - Wesley Chapel",deadline.com,true,dlodderhose@deadline.com,web-scraping,0.72,false,https://deadline.com/contact-us,
271,Josephine Carr,"Lucas, Macyszyn & Dyer Law Firm - Wesley Chapel",deadline.com,true,zntim@deadline.com,web-scraping,0.72,false,https://deadline.com/contact-us,
271,Josephine Carr,"Lucas, Macyszyn & Dyer Law Firm - Wesley Chapel",deadline.com,true,natoganesyan@deadline.com,web-scraping,0.72,false,https://deadline.com/contact-us,
271,Josephine Carr,"Lucas, Macyszyn & Dyer Law Firm - Wesley Chapel",deadline.com,true,scottshilstone@deadline.com,web-scraping,0.72,false,https://deadline.com/contact-us,
271,Josephine Carr,"Lucas, Macyszyn & Dyer Law Firm - Wesley Chapel",deadline.com,true,nsitek@deadline.com,web-scraping,0.72,false,https://deadline.com/contact-us,
271,Josephine Carr,"Lucas, Macyszyn & Dyer Law Firm - Wesley Chapel",deadline.com,true,nancy@deadline.com,web-scraping,0.72,false,https://deadline.com/contact-us,
271,Josephine Carr,"Lucas, Macyszyn & Dyer Law Firm - Wesley Chapel",deadline.com,true,atinoco@deadline.com,web-scraping,0.72,false,https://deadline.com/contact-us,
271,Josephine Carr,"Lucas, Macyszyn & Dyer Law Firm - Wesley Chapel",deadline.com,true,jwhittock@deadline.com,web-scraping,0.72,false,https://deadline.com/contact-us,
271,Josephine Carr,"Lucas, Macyszyn & Dyer Law Firm - Wesley Chapel",deadline.com,true,peterbart@deadline.com,web-scraping,0.72,false,https://deadline.com/contact-us,
271,Josephine Carr,"Lucas, Macyszyn & Dyer Law Firm - Wesley Chapel",deadline.com,true,josephine@deadline.com,pattern-guessing,0.38,false,,
271,Josephine Carr,"Lucas, Macyszyn & Dyer Law Firm - Wesley Chapel",deadline.com,true,josephine.carr@deadline.com,pattern-guessing,0.38,false,,
271,Josephine Carr,"Lucas, Macyszyn & Dyer Law Firm - Wesley Chapel",deadline.com,true,josephinecarr@deadline.com,pattern-guessing,0.38,false,,
271,Josephine Carr,"Lucas, Macyszyn & Dyer Law Firm - Wesley Chapel",deadline.com,true,josephine_carr@deadline.com,pattern-guessing,0.38,false,,
271,Josephine Carr,"Lucas, Macyszyn & Dyer Law Firm - Wesley Chapel",deadline.com,true,jcarr@deadline.com,pattern-guessing,0.38,false,,
271,Josephine Carr,"Lucas, Macyszyn & Dyer Law Firm - Wesley Chapel",deadline.com,true,j.carr@deadline.com,pattern-guessing,0.38,false,,
271,Josephine Carr,"Lucas, Macyszyn & Dyer Law Firm - Wesley Chapel",deadline.com,true,josephinec@deadline.com,pattern-guessing,0.38,false,,
272,Madyson Kennedy,"Lucas, Macyszyn & Dyer Law Firm- Wesley Chapel",deadline.com,true,nellie@deadline.com,web-scraping,0.72,false,https://deadline.com/contact-us,
272,Madyson Kennedy,"Lucas, Macyszyn & Dyer Law Firm- Wesley Chapel",deadline.com,true,mike@deadline.com,web-scraping,0.72,false,https://deadline.com/contact-us,
272,Madyson Kennedy,"Lucas, Macyszyn & Dyer Law Firm- Wesley Chapel",deadline.com,true,pete@deadline.com,web-scraping,0.72,false,https://deadline.com/contact-us,
272,Madyson Kennedy,"Lucas, Macyszyn & Dyer Law Firm- Wesley Chapel",deadline.com,true,bbamigboye@deadline.com,web-scraping,0.72,false,https://deadline.com/contact-us,
272,Madyson Kennedy,"Lucas, Macyszyn & Dyer Law Firm- Wesley Chapel",deadline.com,true,ablyth@deadline.com,web-scraping,0.72,false,https://deadline.com/contact-us,
272,Madyson Kennedy,"Lucas, Macyszyn & Dyer Law Firm- Wesley Chapel",deadline.com,true,patrickhipes@deadline.com,web-scraping,0.72,false,https://deadline.com/contact-us,
272,Madyson Kennedy,"Lucas, Macyszyn & Dyer Law Firm- Wesley Chapel",deadline.com,true,dominicpatten@deadline.com,web-scraping,0.72,false,https://deadline.com/contact-us,
272,Madyson Kennedy,"Lucas, Macyszyn & Dyer Law Firm- Wesley Chapel",deadline.com,true,pwhite@deadline.com,web-scraping,0.72,false,https://deadline.com/contact-us,
272,Madyson Kennedy,"Lucas, Macyszyn & Dyer Law Firm- Wesley Chapel",deadline.com,true,awiseman@deadline.com,web-scraping,0.72,false,https://deadline.com/contact-us,
272,Madyson Kennedy,"Lucas, Macyszyn & Dyer Law Firm- Wesley Chapel",deadline.com,true,denisepetski@deadline.com,web-scraping,0.72,false,https://deadline.com/contact-us,
272,Madyson Kennedy,"Lucas, Macyszyn & Dyer Law Firm- Wesley Chapel",deadline.com,true,erikpedersen@deadline.com,web-scraping,0.72,false,https://deadline.com/contact-us,
272,Madyson Kennedy,"Lucas, Macyszyn & Dyer Law Firm- Wesley Chapel",deadline.com,true,ttapp@deadline.com,web-scraping,0.72,false,https://deadline.com/contact-us,
272,Madyson Kennedy,"Lucas, Macyszyn & Dyer Law Firm- Wesley Chapel",deadline.com,true,naboulkheir@deadline.com,web-scraping,0.72,false,https://deadline.com/contact-us,
272,Madyson Kennedy,"Lucas, Macyszyn & Dyer Law Firm- Wesley Chapel",deadline.com,true,kcampione@deadline.com,web-scraping,0.72,false,https://deadline.com/contact-us,
272,Madyson Kennedy,"Lucas, Macyszyn & Dyer Law Firm- Wesley Chapel",deadline.com,true,rcordero@deadline.com,web-scraping,0.72,false,https://deadline.com/contact-us,
272,Madyson Kennedy,"Lucas, Macyszyn & Dyer Law Firm- Wesley Chapel",deadline.com,true,anthonydalessandro@deadline.com,web-scraping,0.72,false,https://deadline.com/contact-us,
272,Madyson Kennedy,"Lucas, Macyszyn & Dyer Law Firm- Wesley Chapel",deadline.com,true,gregevans@deadline.com,web-scraping,0.72,false,https://deadline.com/contact-us,
272,Madyson Kennedy,"Lucas, Macyszyn & Dyer Law Firm- Wesley Chapel",deadline.com,true,rfleming@deadline.com,web-scraping,0.72,false,https://deadline.com/contact-us,
272,Madyson Kennedy,"Lucas, Macyszyn & Dyer Law Firm- Wesley Chapel",deadline.com,true,ggarner@deadline.com,web-scraping,0.72,false,https://deadline.com/contact-us,
272,Madyson Kennedy,"Lucas, Macyszyn & Dyer Law Firm- Wesley Chapel",deadline.com,true,mgoldbart@deadline.com,web-scraping,0.72,false,https://deadline.com/contact-us,
272,Madyson Kennedy,"Lucas, Macyszyn & Dyer Law Firm- Wesley Chapel",deadline.com,true,jgoldsmith@deadline.com,web-scraping,0.72,false,https://deadline.com/contact-us,
272,Madyson Kennedy,"Lucas, Macyszyn & Dyer Law Firm- Wesley Chapel",deadline.com,true,dgomez@deadline.com,web-scraping,0.72,false,https://deadline.com/contact-us,
272,Madyson Kennedy,"Lucas, Macyszyn & Dyer Law Firm- Wesley Chapel",deadline.com,true,mgoodfellow@deadline.com,web-scraping,0.72,false,https://deadline.com/contact-us,
272,Madyson Kennedy,"Lucas, Macyszyn & Dyer Law Firm- Wesley Chapel",deadline.com,true,mattgrobar@deadline.com,web-scraping,0.72,false,https://deadline.com/contact-us,
272,Madyson Kennedy,"Lucas, Macyszyn & Dyer Law Firm- Wesley Chapel",deadline.com,true,dadehayes@deadline.com,web-scraping,0.72,false,https://deadline.com/contact-us,
272,Madyson Kennedy,"Lucas, Macyszyn & Dyer Law Firm- Wesley Chapel",deadline.com,true,djackson@deadline.com,web-scraping,0.72,false,https://deadline.com/contact-us,
272,Madyson Kennedy,"Lucas, Macyszyn & Dyer Law Firm- Wesley Chapel",deadline.com,true,tjohnson@deadline.com,web-scraping,0.72,false,https://deadline.com/contact-us,
272,Madyson Kennedy,"Lucas, Macyszyn & Dyer Law Firm- Wesley Chapel",deadline.com,true,jkanter@deadline.com,web-scraping,0.72,false,https://deadline.com/contact-us,
272,Madyson Kennedy,"Lucas, Macyszyn & Dyer Law Firm- Wesley Chapel",deadline.com,true,jkroll@deadline.com,web-scraping,0.72,false,https://deadline.com/contact-us,
272,Madyson Kennedy,"Lucas, Macyszyn & Dyer Law Firm- Wesley Chapel",deadline.com,true,rlang@deadline.com,web-scraping,0.72,false,https://deadline.com/contact-us,
272,Madyson Kennedy,"Lucas, Macyszyn & Dyer Law Firm- Wesley Chapel",deadline.com,true,dlodderhose@deadline.com,web-scraping,0.72,false,https://deadline.com/contact-us,
272,Madyson Kennedy,"Lucas, Macyszyn & Dyer Law Firm- Wesley Chapel",deadline.com,true,zntim@deadline.com,web-scraping,0.72,false,https://deadline.com/contact-us,
272,Madyson Kennedy,"Lucas, Macyszyn & Dyer Law Firm- Wesley Chapel",deadline.com,true,natoganesyan@deadline.com,web-scraping,0.72,false,https://deadline.com/contact-us,
272,Madyson Kennedy,"Lucas, Macyszyn & Dyer Law Firm- Wesley Chapel",deadline.com,true,scottshilstone@deadline.com,web-scraping,0.72,false,https://deadline.com/contact-us,
272,Madyson Kennedy,"Lucas, Macyszyn & Dyer Law Firm- Wesley Chapel",deadline.com,true,nsitek@deadline.com,web-scraping,0.72,false,https://deadline.com/contact-us,
272,Madyson Kennedy,"Lucas, Macyszyn & Dyer Law Firm- Wesley Chapel",deadline.com,true,nancy@deadline.com,web-scraping,0.72,false,https://deadline.com/contact-us,
272,Madyson Kennedy,"Lucas, Macyszyn & Dyer Law Firm- Wesley Chapel",deadline.com,true,atinoco@deadline.com,web-scraping,0.72,false,https://deadline.com/contact-us,
272,Madyson Kennedy,"Lucas, Macyszyn & Dyer Law Firm- Wesley Chapel",deadline.com,true,jwhittock@deadline.com,web-scraping,0.72,false,https://deadline.com/contact-us,
272,Madyson Kennedy,"Lucas, Macyszyn & Dyer Law Firm- Wesley Chapel",deadline.com,true,peterbart@deadline.com,web-scraping,0.72,false,https://deadline.com/contact-us,
272,Madyson Kennedy,"Lucas, Macyszyn & Dyer Law Firm- Wesley Chapel",deadline.com,true,madyson@deadline.com,pattern-guessing,0.38,false,,
272,Madyson Kennedy,"Lucas, Macyszyn & Dyer Law Firm- Wesley Chapel",deadline.com,true,madyson.kennedy@deadline.com,pattern-guessing,0.38,false,,
272,Madyson Kennedy,"Lucas, Macyszyn & Dyer Law Firm- Wesley Chapel",deadline.com,true,madysonkennedy@deadline.com,pattern-guessing,0.38,false,,
272,Madyson Kennedy,"Lucas, Macyszyn & Dyer Law Firm- Wesley Chapel",deadline.com,true,madyson_kennedy@deadline.com,pattern-guessing,0.38,false,,
272,Madyson Kennedy,"Lucas, Macyszyn & Dyer Law Firm- Wesley Chapel",deadline.com,true,mkennedy@deadline.com,pattern-guessing,0.38,false,,
272,Madyson Kennedy,"Lucas, Macyszyn & Dyer Law Firm- Wesley Chapel",deadline.com,true,m.kennedy@deadline.com,pattern-guessing,0.38,false,,
272,Madyson Kennedy,"Lucas, Macyszyn & Dyer Law Firm- Wesley Chapel",deadline.com,true,madysonk@deadline.com,pattern-guessing,0.38,false,,
273,Christiana Powell,M Bergeron Consulting,zhihu.com,true,christiana@zhihu.com,pattern-guessing,0.38,false,,
273,Christiana Powell,M Bergeron Consulting,zhihu.com,true,christiana.powell@zhihu.com,pattern-guessing,0.38,false,,
273,Christiana Powell,M Bergeron Consulting,zhihu.com,true,christianapowell@zhihu.com,pattern-guessing,0.38,false,,
273,Christiana Powell,M Bergeron Consulting,zhihu.com,true,christiana_powell@zhihu.com,pattern-guessing,0.38,false,,
273,Christiana Powell,M Bergeron Consulting,zhihu.com,true,cpowell@zhihu.com,pattern-guessing,0.38,false,,
273,Christiana Powell,M Bergeron Consulting,zhihu.com,true,c.powell@zhihu.com,pattern-guessing,0.38,false,,
273,Christiana Powell,M Bergeron Consulting,zhihu.com,true,christianap@zhihu.com,pattern-guessing,0.38,false,,
274,Drew Miller,Made in the Shade Tampa Bay,made.com,true,drew@made.com,pattern-guessing,0.38,false,,
274,Drew Miller,Made in the Shade Tampa Bay,made.com,true,drew.miller@made.com,pattern-guessing,0.38,false,,
274,Drew Miller,Made in the Shade Tampa Bay,made.com,true,drewmiller@made.com,pattern-guessing,0.38,false,,
274,Drew Miller,Made in the Shade Tampa Bay,made.com,true,drew_miller@made.com,pattern-guessing,0.38,false,,
274,Drew Miller,Made in the Shade Tampa Bay,made.com,true,dmiller@made.com,pattern-guessing,0.38,false,,
274,Drew Miller,Made in the Shade Tampa Bay,made.com,true,d.miller@made.com,pattern-guessing,0.38,false,,
274,Drew Miller,Made in the Shade Tampa Bay,made.com,true,drewm@made.com,pattern-guessing,0.38,false,,
275,David Thompson,Madison Watergrass,fairfaxunderground.com,true,david@fairfaxunderground.com,pattern-guessing,0.38,false,,
275,David Thompson,Madison Watergrass,fairfaxunderground.com,true,david.thompson@fairfaxunderground.com,pattern-guessing,0.38,false,,
275,David Thompson,Madison Watergrass,fairfaxunderground.com,true,davidthompson@fairfaxunderground.com,pattern-guessing,0.38,false,,
275,David Thompson,Madison Watergrass,fairfaxunderground.com,true,david_thompson@fairfaxunderground.com,pattern-guessing,0.38,false,,
275,David Thompson,Madison Watergrass,fairfaxunderground.com,true,dthompson@fairfaxunderground.com,pattern-guessing,0.38,false,,
275,David Thompson,Madison Watergrass,fairfaxunderground.com,true,d.thompson@fairfaxunderground.com,pattern-guessing,0.38,false,,
275,David Thompson,Madison Watergrass,fairfaxunderground.com,true,davidt@fairfaxunderground.com,pattern-guessing,0.38,false,,
276,Ankur Vyas,Maeva Modern Apartment Homes,maeva.com,true,ankur@maeva.com,pattern-guessing,0.38,false,,
276,Ankur Vyas,Maeva Modern Apartment Homes,maeva.com,true,ankur.vyas@maeva.com,pattern-guessing,0.38,false,,
276,Ankur Vyas,Maeva Modern Apartment Homes,maeva.com,true,ankurvyas@maeva.com,pattern-guessing,0.38,false,,
276,Ankur Vyas,Maeva Modern Apartment Homes,maeva.com,true,ankur_vyas@maeva.com,pattern-guessing,0.38,false,,
276,Ankur Vyas,Maeva Modern Apartment Homes,maeva.com,true,avyas@maeva.com,pattern-guessing,0.38,false,,
276,Ankur Vyas,Maeva Modern Apartment Homes,maeva.com,true,a.vyas@maeva.com,pattern-guessing,0.38,false,,
276,Ankur Vyas,Maeva Modern Apartment Homes,maeva.com,true,ankurv@maeva.com,pattern-guessing,0.38,false,,
277,Dominick Scannavino,Main Event,mainevent.com,true,media@mainevent.com,web-scraping,0.72,false,https://mainevent.com/contact,
277,Dominick Scannavino,Main Event,mainevent.com,true,dominick@mainevent.com,pattern-guessing,0.38,false,,
277,Dominick Scannavino,Main Event,mainevent.com,true,dominick.scannavino@mainevent.com,pattern-guessing,0.38,false,,
277,Dominick Scannavino,Main Event,mainevent.com,true,dominickscannavino@mainevent.com,pattern-guessing,0.38,false,,
277,Dominick Scannavino,Main Event,mainevent.com,true,dominick_scannavino@mainevent.com,pattern-guessing,0.38,false,,
277,Dominick Scannavino,Main Event,mainevent.com,true,dscannavino@mainevent.com,pattern-guessing,0.38,false,,
277,Dominick Scannavino,Main Event,mainevent.com,true,d.scannavino@mainevent.com,pattern-guessing,0.38,false,,
277,Dominick Scannavino,Main Event,mainevent.com,true,dominicks@mainevent.com,pattern-guessing,0.38,false,,
278,Amy Carr,Mama B's Pizzeria,mamabspizzeria.com,true,amy@mamabspizzeria.com,pattern-guessing,0.38,false,,
278,Amy Carr,Mama B's Pizzeria,mamabspizzeria.com,true,amy.carr@mamabspizzeria.com,pattern-guessing,0.38,false,,
278,Amy Carr,Mama B's Pizzeria,mamabspizzeria.com,true,amycarr@mamabspizzeria.com,pattern-guessing,0.38,false,,
278,Amy Carr,Mama B's Pizzeria,mamabspizzeria.com,true,amy_carr@mamabspizzeria.com,pattern-guessing,0.38,false,,
278,Amy Carr,Mama B's Pizzeria,mamabspizzeria.com,true,acarr@mamabspizzeria.com,pattern-guessing,0.38,false,,
278,Amy Carr,Mama B's Pizzeria,mamabspizzeria.com,true,a.carr@mamabspizzeria.com,pattern-guessing,0.38,false,,
278,Amy Carr,Mama B's Pizzeria,mamabspizzeria.com,true,amyc@mamabspizzeria.com,pattern-guessing,0.38,false,,
279,Chuck Sullivan,MANA CPA services LLC,manacpaservices.com,true,chuck@manacpaservices.com,pattern-guessing,0.38,false,,
279,Chuck Sullivan,MANA CPA services LLC,manacpaservices.com,true,chuck.sullivan@manacpaservices.com,pattern-guessing,0.38,false,,
279,Chuck Sullivan,MANA CPA services LLC,manacpaservices.com,true,chucksullivan@manacpaservices.com,pattern-guessing,0.38,false,,
279,Chuck Sullivan,MANA CPA services LLC,manacpaservices.com,true,chuck_sullivan@manacpaservices.com,pattern-guessing,0.38,false,,
279,Chuck Sullivan,MANA CPA services LLC,manacpaservices.com,true,csullivan@manacpaservices.com,pattern-guessing,0.38,false,,
279,Chuck Sullivan,MANA CPA services LLC,manacpaservices.com,true,c.sullivan@manacpaservices.com,pattern-guessing,0.38,false,,
279,Chuck Sullivan,MANA CPA services LLC,manacpaservices.com,true,chucks@manacpaservices.com,pattern-guessing,0.38,false,,
280,Gerri Willett,Management and Associates,managementandassociates.com,false,gerri@managementandassociates.com,pattern-guessing,0.18,false,,
280,Gerri Willett,Management and Associates,managementandassociates.com,false,gerri.willett@managementandassociates.com,pattern-guessing,0.18,false,,
280,Gerri Willett,Management and Associates,managementandassociates.com,false,gerriwillett@managementandassociates.com,pattern-guessing,0.18,false,,
280,Gerri Willett,Management and Associates,managementandassociates.com,false,gerri_willett@managementandassociates.com,pattern-guessing,0.18,false,,
280,Gerri Willett,Management and Associates,managementandassociates.com,false,gwillett@managementandassociates.com,pattern-guessing,0.18,false,,
280,Gerri Willett,Management and Associates,managementandassociates.com,false,g.willett@managementandassociates.com,pattern-guessing,0.18,false,,
280,Gerri Willett,Management and Associates,managementandassociates.com,false,gerriw@managementandassociates.com,pattern-guessing,0.18,false,,
281,Kelly Irish,McDonald's #35402,mcdonalds35402.com,false,kelly@mcdonalds35402.com,pattern-guessing,0.18,false,,
281,Kelly Irish,McDonald's #35402,mcdonalds35402.com,false,kelly.irish@mcdonalds35402.com,pattern-guessing,0.18,false,,
281,Kelly Irish,McDonald's #35402,mcdonalds35402.com,false,kellyirish@mcdonalds35402.com,pattern-guessing,0.18,false,,
281,Kelly Irish,McDonald's #35402,mcdonalds35402.com,false,kelly_irish@mcdonalds35402.com,pattern-guessing,0.18,false,,
281,Kelly Irish,McDonald's #35402,mcdonalds35402.com,false,kirish@mcdonalds35402.com,pattern-guessing,0.18,false,,
281,Kelly Irish,McDonald's #35402,mcdonalds35402.com,false,k.irish@mcdonalds35402.com,pattern-guessing,0.18,false,,
281,Kelly Irish,McDonald's #35402,mcdonalds35402.com,false,kellyi@mcdonalds35402.com,pattern-guessing,0.18,false,,
282,Thomas Schnelle,McFarland Gould Law,tripadvisor.com,true,thomas@tripadvisor.com,pattern-guessing,0.38,false,,
282,Thomas Schnelle,McFarland Gould Law,tripadvisor.com,true,thomas.schnelle@tripadvisor.com,pattern-guessing,0.38,false,,
282,Thomas Schnelle,McFarland Gould Law,tripadvisor.com,true,thomasschnelle@tripadvisor.com,pattern-guessing,0.38,false,,
282,Thomas Schnelle,McFarland Gould Law,tripadvisor.com,true,thomas_schnelle@tripadvisor.com,pattern-guessing,0.38,false,,
282,Thomas Schnelle,McFarland Gould Law,tripadvisor.com,true,tschnelle@tripadvisor.com,pattern-guessing,0.38,false,,
282,Thomas Schnelle,McFarland Gould Law,tripadvisor.com,true,t.schnelle@tripadvisor.com,pattern-guessing,0.38,false,,
282,Thomas Schnelle,McFarland Gould Law,tripadvisor.com,true,thomass@tripadvisor.com,pattern-guessing,0.38,false,,
283,Timothy Martin,Medi Weightloss Clinics,myhfs.illinois.gov,false,timothy@myhfs.illinois.gov,pattern-guessing,0.18,false,,
283,Timothy Martin,Medi Weightloss Clinics,myhfs.illinois.gov,false,timothy.martin@myhfs.illinois.gov,pattern-guessing,0.18,false,,
283,Timothy Martin,Medi Weightloss Clinics,myhfs.illinois.gov,false,timothymartin@myhfs.illinois.gov,pattern-guessing,0.18,false,,
283,Timothy Martin,Medi Weightloss Clinics,myhfs.illinois.gov,false,timothy_martin@myhfs.illinois.gov,pattern-guessing,0.18,false,,
283,Timothy Martin,Medi Weightloss Clinics,myhfs.illinois.gov,false,tmartin@myhfs.illinois.gov,pattern-guessing,0.18,false,,
283,Timothy Martin,Medi Weightloss Clinics,myhfs.illinois.gov,false,t.martin@myhfs.illinois.gov,pattern-guessing,0.18,false,,
283,Timothy Martin,Medi Weightloss Clinics,myhfs.illinois.gov,false,timothym@myhfs.illinois.gov,pattern-guessing,0.18,false,,
284,Kartik Goyani,Memory Lane Cottage at Tampa Palms,verywellmind.com,true,kartik@verywellmind.com,pattern-guessing,0.38,false,,
284,Kartik Goyani,Memory Lane Cottage at Tampa Palms,verywellmind.com,true,kartik.goyani@verywellmind.com,pattern-guessing,0.38,false,,
284,Kartik Goyani,Memory Lane Cottage at Tampa Palms,verywellmind.com,true,kartikgoyani@verywellmind.com,pattern-guessing,0.38,false,,
284,Kartik Goyani,Memory Lane Cottage at Tampa Palms,verywellmind.com,true,kartik_goyani@verywellmind.com,pattern-guessing,0.38,false,,
284,Kartik Goyani,Memory Lane Cottage at Tampa Palms,verywellmind.com,true,kgoyani@verywellmind.com,pattern-guessing,0.38,false,,
284,Kartik Goyani,Memory Lane Cottage at Tampa Palms,verywellmind.com,true,k.goyani@verywellmind.com,pattern-guessing,0.38,false,,
284,Kartik Goyani,Memory Lane Cottage at Tampa Palms,verywellmind.com,true,kartikg@verywellmind.com,pattern-guessing,0.38,false,,
285,Leona Wells,Mercedes-Benz of Wesley Chapel,mercedes-benzofwesleychapel.com,false,leona@mercedes-benzofwesleychapel.com,pattern-guessing,0.18,false,,
285,Leona Wells,Mercedes-Benz of Wesley Chapel,mercedes-benzofwesleychapel.com,false,leona.wells@mercedes-benzofwesleychapel.com,pattern-guessing,0.18,false,,
285,Leona Wells,Mercedes-Benz of Wesley Chapel,mercedes-benzofwesleychapel.com,false,leonawells@mercedes-benzofwesleychapel.com,pattern-guessing,0.18,false,,
285,Leona Wells,Mercedes-Benz of Wesley Chapel,mercedes-benzofwesleychapel.com,false,leona_wells@mercedes-benzofwesleychapel.com,pattern-guessing,0.18,false,,
285,Leona Wells,Mercedes-Benz of Wesley Chapel,mercedes-benzofwesleychapel.com,false,lwells@mercedes-benzofwesleychapel.com,pattern-guessing,0.18,false,,
285,Leona Wells,Mercedes-Benz of Wesley Chapel,mercedes-benzofwesleychapel.com,false,l.wells@mercedes-benzofwesleychapel.com,pattern-guessing,0.18,false,,
285,Leona Wells,Mercedes-Benz of Wesley Chapel,mercedes-benzofwesleychapel.com,false,leonaw@mercedes-benzofwesleychapel.com,pattern-guessing,0.18,false,,
286,Laura McKenzie,Merrill Lynch Wealth Management - Timothy Martin,mymerrill.com,false,laura@mymerrill.com,pattern-guessing,0.18,false,,
286,Laura McKenzie,Merrill Lynch Wealth Management - Timothy Martin,mymerrill.com,false,laura.mckenzie@mymerrill.com,pattern-guessing,0.18,false,,
286,Laura McKenzie,Merrill Lynch Wealth Management - Timothy Martin,mymerrill.com,false,lauramckenzie@mymerrill.com,pattern-guessing,0.18,false,,
286,Laura McKenzie,Merrill Lynch Wealth Management - Timothy Martin,mymerrill.com,false,laura_mckenzie@mymerrill.com,pattern-guessing,0.18,false,,
286,Laura McKenzie,Merrill Lynch Wealth Management - Timothy Martin,mymerrill.com,false,lmckenzie@mymerrill.com,pattern-guessing,0.18,false,,
286,Laura McKenzie,Merrill Lynch Wealth Management - Timothy Martin,mymerrill.com,false,l.mckenzie@mymerrill.com,pattern-guessing,0.18,false,,
286,Laura McKenzie,Merrill Lynch Wealth Management - Timothy Martin,mymerrill.com,false,lauram@mymerrill.com,pattern-guessing,0.18,false,,
287,Brittany Hogue,"Metro Development Group, LLC",hola.metrobyt-mobile.com,false,brittany@hola.metrobyt-mobile.com,pattern-guessing,0.18,false,,
287,Brittany Hogue,"Metro Development Group, LLC",hola.metrobyt-mobile.com,false,brittany.hogue@hola.metrobyt-mobile.com,pattern-guessing,0.18,false,,
287,Brittany Hogue,"Metro Development Group, LLC",hola.metrobyt-mobile.com,false,brittanyhogue@hola.metrobyt-mobile.com,pattern-guessing,0.18,false,,
287,Brittany Hogue,"Metro Development Group, LLC",hola.metrobyt-mobile.com,false,brittany_hogue@hola.metrobyt-mobile.com,pattern-guessing,0.18,false,,
287,Brittany Hogue,"Metro Development Group, LLC",hola.metrobyt-mobile.com,false,bhogue@hola.metrobyt-mobile.com,pattern-guessing,0.18,false,,
287,Brittany Hogue,"Metro Development Group, LLC",hola.metrobyt-mobile.com,false,b.hogue@hola.metrobyt-mobile.com,pattern-guessing,0.18,false,,
287,Brittany Hogue,"Metro Development Group, LLC",hola.metrobyt-mobile.com,false,brittanyh@hola.metrobyt-mobile.com,pattern-guessing,0.18,false,,
288,Brittany Hogue,Metropolitan Ministries,metrodinerbar.com,true,guestservices@metrodinerbar.com,web-scraping,0.72,false,https://metrodinerbar.com/,
288,Brittany Hogue,Metropolitan Ministries,metrodinerbar.com,true,brittany@metrodinerbar.com,pattern-guessing,0.38,false,,
288,Brittany Hogue,Metropolitan Ministries,metrodinerbar.com,true,brittany.hogue@metrodinerbar.com,pattern-guessing,0.38,false,,
288,Brittany Hogue,Metropolitan Ministries,metrodinerbar.com,true,brittanyhogue@metrodinerbar.com,pattern-guessing,0.38,false,,
288,Brittany Hogue,Metropolitan Ministries,metrodinerbar.com,true,brittany_hogue@metrodinerbar.com,pattern-guessing,0.38,false,,
288,Brittany Hogue,Metropolitan Ministries,metrodinerbar.com,true,bhogue@metrodinerbar.com,pattern-guessing,0.38,false,,
288,Brittany Hogue,Metropolitan Ministries,metrodinerbar.com,true,b.hogue@metrodinerbar.com,pattern-guessing,0.38,false,,
288,Brittany Hogue,Metropolitan Ministries,metrodinerbar.com,true,brittanyh@metrodinerbar.com,pattern-guessing,0.38,false,,
289,Mr. Charles Jackson,MIDFLORIDA Credit Union - New Tampa,midfloridacreditunion-newtampa.com,false,mr@midfloridacreditunion-newtampa.com,pattern-guessing,0.18,false,,
289,Mr. Charles Jackson,MIDFLORIDA Credit Union - New Tampa,midfloridacreditunion-newtampa.com,false,mr.jackson@midfloridacreditunion-newtampa.com,pattern-guessing,0.18,false,,
289,Mr. Charles Jackson,MIDFLORIDA Credit Union - New Tampa,midfloridacreditunion-newtampa.com,false,mrjackson@midfloridacreditunion-newtampa.com,pattern-guessing,0.18,false,,
289,Mr. Charles Jackson,MIDFLORIDA Credit Union - New Tampa,midfloridacreditunion-newtampa.com,false,mr_jackson@midfloridacreditunion-newtampa.com,pattern-guessing,0.18,false,,
289,Mr. Charles Jackson,MIDFLORIDA Credit Union - New Tampa,midfloridacreditunion-newtampa.com,false,mjackson@midfloridacreditunion-newtampa.com,pattern-guessing,0.18,false,,
289,Mr. Charles Jackson,MIDFLORIDA Credit Union - New Tampa,midfloridacreditunion-newtampa.com,false,m.jackson@midfloridacreditunion-newtampa.com,pattern-guessing,0.18,false,,
289,Mr. Charles Jackson,MIDFLORIDA Credit Union - New Tampa,midfloridacreditunion-newtampa.com,false,mrj@midfloridacreditunion-newtampa.com,pattern-guessing,0.18,false,,
290,Bobby Rhone,Midgard Self Storage,midgardselfstorage.com,true,bobby@midgardselfstorage.com,pattern-guessing,0.38,false,,
290,Bobby Rhone,Midgard Self Storage,midgardselfstorage.com,true,bobby.rhone@midgardselfstorage.com,pattern-guessing,0.38,false,,
290,Bobby Rhone,Midgard Self Storage,midgardselfstorage.com,true,bobbyrhone@midgardselfstorage.com,pattern-guessing,0.38,false,,
290,Bobby Rhone,Midgard Self Storage,midgardselfstorage.com,true,bobby_rhone@midgardselfstorage.com,pattern-guessing,0.38,false,,
290,Bobby Rhone,Midgard Self Storage,midgardselfstorage.com,true,brhone@midgardselfstorage.com,pattern-guessing,0.38,false,,
290,Bobby Rhone,Midgard Self Storage,midgardselfstorage.com,true,b.rhone@midgardselfstorage.com,pattern-guessing,0.38,false,,
290,Bobby Rhone,Midgard Self Storage,midgardselfstorage.com,true,bobbyr@midgardselfstorage.com,pattern-guessing,0.38,false,,
291,Jacqueline Nelms,Midgard Self Storage,midgardselfstorage.com,true,jacqueline@midgardselfstorage.com,pattern-guessing,0.38,false,,
291,Jacqueline Nelms,Midgard Self Storage,midgardselfstorage.com,true,jacqueline.nelms@midgardselfstorage.com,pattern-guessing,0.38,false,,
291,Jacqueline Nelms,Midgard Self Storage,midgardselfstorage.com,true,jacquelinenelms@midgardselfstorage.com,pattern-guessing,0.38,false,,
291,Jacqueline Nelms,Midgard Self Storage,midgardselfstorage.com,true,jacqueline_nelms@midgardselfstorage.com,pattern-guessing,0.38,false,,
291,Jacqueline Nelms,Midgard Self Storage,midgardselfstorage.com,true,jnelms@midgardselfstorage.com,pattern-guessing,0.38,false,,
291,Jacqueline Nelms,Midgard Self Storage,midgardselfstorage.com,true,j.nelms@midgardselfstorage.com,pattern-guessing,0.38,false,,
291,Jacqueline Nelms,Midgard Self Storage,midgardselfstorage.com,true,jacquelinen@midgardselfstorage.com,pattern-guessing,0.38,false,,
292,Leonardo Simioli,Mijan Construction,mijanconstruction.com,true,info@mijanconstruction.com,web-scraping,0.54,false,https://mijanconstruction.com/contact-us,
292,Leonardo Simioli,Mijan Construction,mijanconstruction.com,true,leonardo@mijanconstruction.com,pattern-guessing,0.38,false,,
292,Leonardo Simioli,Mijan Construction,mijanconstruction.com,true,leonardo.simioli@mijanconstruction.com,pattern-guessing,0.38,false,,
292,Leonardo Simioli,Mijan Construction,mijanconstruction.com,true,leonardosimioli@mijanconstruction.com,pattern-guessing,0.38,false,,
292,Leonardo Simioli,Mijan Construction,mijanconstruction.com,true,leonardo_simioli@mijanconstruction.com,pattern-guessing,0.38,false,,
292,Leonardo Simioli,Mijan Construction,mijanconstruction.com,true,lsimioli@mijanconstruction.com,pattern-guessing,0.38,false,,
292,Leonardo Simioli,Mijan Construction,mijanconstruction.com,true,l.simioli@mijanconstruction.com,pattern-guessing,0.38,false,,
292,Leonardo Simioli,Mijan Construction,mijanconstruction.com,true,leonardos@mijanconstruction.com,pattern-guessing,0.38,false,,
293,Anna Kirkland,Mile Zero IT,distancecalculator.us,true,anna@distancecalculator.us,pattern-guessing,0.38,false,,
293,Anna Kirkland,Mile Zero IT,distancecalculator.us,true,anna.kirkland@distancecalculator.us,pattern-guessing,0.38,false,,
293,Anna Kirkland,Mile Zero IT,distancecalculator.us,true,annakirkland@distancecalculator.us,pattern-guessing,0.38,false,,
293,Anna Kirkland,Mile Zero IT,distancecalculator.us,true,anna_kirkland@distancecalculator.us,pattern-guessing,0.38,false,,
293,Anna Kirkland,Mile Zero IT,distancecalculator.us,true,akirkland@distancecalculator.us,pattern-guessing,0.38,false,,
293,Anna Kirkland,Mile Zero IT,distancecalculator.us,true,a.kirkland@distancecalculator.us,pattern-guessing,0.38,false,,
293,Anna Kirkland,Mile Zero IT,distancecalculator.us,true,annak@distancecalculator.us,pattern-guessing,0.38,false,,
294,Claudine Sanchez,"Mindful Elevation, LLC",mindful.org,true,mindful@mindful.org,web-scraping,0.72,false,https://mindful.org/,
294,Claudine Sanchez,"Mindful Elevation, LLC",mindful.org,true,subscriptions@mindful.org,web-scraping,0.72,false,https://mindful.org/contact,
294,Claudine Sanchez,"Mindful Elevation, LLC",mindful.org,true,edit@mindful.org,web-scraping,0.72,false,https://mindful.org/contact,
294,Claudine Sanchez,"Mindful Elevation, LLC",mindful.org,true,advertising@mindful.org,web-scraping,0.72,false,https://mindful.org/contact,
294,Claudine Sanchez,"Mindful Elevation, LLC",mindful.org,true,claudine@mindful.org,pattern-guessing,0.38,false,,
294,Claudine Sanchez,"Mindful Elevation, LLC",mindful.org,true,claudine.sanchez@mindful.org,pattern-guessing,0.38,false,,
294,Claudine Sanchez,"Mindful Elevation, LLC",mindful.org,true,claudinesanchez@mindful.org,pattern-guessing,0.38,false,,
294,Claudine Sanchez,"Mindful Elevation, LLC",mindful.org,true,claudine_sanchez@mindful.org,pattern-guessing,0.38,false,,
294,Claudine Sanchez,"Mindful Elevation, LLC",mindful.org,true,csanchez@mindful.org,pattern-guessing,0.38,false,,
294,Claudine Sanchez,"Mindful Elevation, LLC",mindful.org,true,c.sanchez@mindful.org,pattern-guessing,0.38,false,,
294,Claudine Sanchez,"Mindful Elevation, LLC",mindful.org,true,claudines@mindful.org,pattern-guessing,0.38,false,,
295,Mr. Chris Demkovich,Mint Landscaping,texashealthcarestaffing.com,true,mr@texashealthcarestaffing.com,pattern-guessing,0.38,false,,
295,Mr. Chris Demkovich,Mint Landscaping,texashealthcarestaffing.com,true,mr.demkovich@texashealthcarestaffing.com,pattern-guessing,0.38,false,,
295,Mr. Chris Demkovich,Mint Landscaping,texashealthcarestaffing.com,true,mrdemkovich@texashealthcarestaffing.com,pattern-guessing,0.38,false,,
295,Mr. Chris Demkovich,Mint Landscaping,texashealthcarestaffing.com,true,mr_demkovich@texashealthcarestaffing.com,pattern-guessing,0.38,false,,
295,Mr. Chris Demkovich,Mint Landscaping,texashealthcarestaffing.com,true,mdemkovich@texashealthcarestaffing.com,pattern-guessing,0.38,false,,
295,Mr. Chris Demkovich,Mint Landscaping,texashealthcarestaffing.com,true,m.demkovich@texashealthcarestaffing.com,pattern-guessing,0.38,false,,
295,Mr. Chris Demkovich,Mint Landscaping,texashealthcarestaffing.com,true,mrd@texashealthcarestaffing.com,pattern-guessing,0.38,false,,
296,Dawn Roy,Miracle-Ear,miracle-ear.com,true,dawn@miracle-ear.com,pattern-guessing,0.38,false,,
296,Dawn Roy,Miracle-Ear,miracle-ear.com,true,dawn.roy@miracle-ear.com,pattern-guessing,0.38,false,,
296,Dawn Roy,Miracle-Ear,miracle-ear.com,true,dawnroy@miracle-ear.com,pattern-guessing,0.38,false,,
296,Dawn Roy,Miracle-Ear,miracle-ear.com,true,dawn_roy@miracle-ear.com,pattern-guessing,0.38,false,,
296,Dawn Roy,Miracle-Ear,miracle-ear.com,true,droy@miracle-ear.com,pattern-guessing,0.38,false,,
296,Dawn Roy,Miracle-Ear,miracle-ear.com,true,d.roy@miracle-ear.com,pattern-guessing,0.38,false,,
296,Dawn Roy,Miracle-Ear,miracle-ear.com,true,dawnr@miracle-ear.com,pattern-guessing,0.38,false,,
297,Lynne Mitzel,MobileDumps Tampa,mobiledumpstampa.com,false,lynne@mobiledumpstampa.com,pattern-guessing,0.18,false,,
297,Lynne Mitzel,MobileDumps Tampa,mobiledumpstampa.com,false,lynne.mitzel@mobiledumpstampa.com,pattern-guessing,0.18,false,,
297,Lynne Mitzel,MobileDumps Tampa,mobiledumpstampa.com,false,lynnemitzel@mobiledumpstampa.com,pattern-guessing,0.18,false,,
297,Lynne Mitzel,MobileDumps Tampa,mobiledumpstampa.com,false,lynne_mitzel@mobiledumpstampa.com,pattern-guessing,0.18,false,,
297,Lynne Mitzel,MobileDumps Tampa,mobiledumpstampa.com,false,lmitzel@mobiledumpstampa.com,pattern-guessing,0.18,false,,
297,Lynne Mitzel,MobileDumps Tampa,mobiledumpstampa.com,false,l.mitzel@mobiledumpstampa.com,pattern-guessing,0.18,false,,
297,Lynne Mitzel,MobileDumps Tampa,mobiledumpstampa.com,false,lynnem@mobiledumpstampa.com,pattern-guessing,0.18,false,,
298,Danya Shakfeh,Monster Tree Service of North Tampa,monstertreeserviceofnorthtampa.com,false,danya@monstertreeserviceofnorthtampa.com,pattern-guessing,0.18,false,,
298,Danya Shakfeh,Monster Tree Service of North Tampa,monstertreeserviceofnorthtampa.com,false,danya.shakfeh@monstertreeserviceofnorthtampa.com,pattern-guessing,0.18,false,,
298,Danya Shakfeh,Monster Tree Service of North Tampa,monstertreeserviceofnorthtampa.com,false,danyashakfeh@monstertreeserviceofnorthtampa.com,pattern-guessing,0.18,false,,
298,Danya Shakfeh,Monster Tree Service of North Tampa,monstertreeserviceofnorthtampa.com,false,danya_shakfeh@monstertreeserviceofnorthtampa.com,pattern-guessing,0.18,false,,
298,Danya Shakfeh,Monster Tree Service of North Tampa,monstertreeserviceofnorthtampa.com,false,dshakfeh@monstertreeserviceofnorthtampa.com,pattern-guessing,0.18,false,,
298,Danya Shakfeh,Monster Tree Service of North Tampa,monstertreeserviceofnorthtampa.com,false,d.shakfeh@monstertreeserviceofnorthtampa.com,pattern-guessing,0.18,false,,
298,Danya Shakfeh,Monster Tree Service of North Tampa,monstertreeserviceofnorthtampa.com,false,danyas@monstertreeserviceofnorthtampa.com,pattern-guessing,0.18,false,,
299,Melissa Thomas,Morningstar Storage of Wiregrass,morningstarstorageofwiregrass.com,false,melissa@morningstarstorageofwiregrass.com,pattern-guessing,0.18,false,,
299,Melissa Thomas,Morningstar Storage of Wiregrass,morningstarstorageofwiregrass.com,false,melissa.thomas@morningstarstorageofwiregrass.com,pattern-guessing,0.18,false,,
299,Melissa Thomas,Morningstar Storage of Wiregrass,morningstarstorageofwiregrass.com,false,melissathomas@morningstarstorageofwiregrass.com,pattern-guessing,0.18,false,,
299,Melissa Thomas,Morningstar Storage of Wiregrass,morningstarstorageofwiregrass.com,false,melissa_thomas@morningstarstorageofwiregrass.com,pattern-guessing,0.18,false,,
299,Melissa Thomas,Morningstar Storage of Wiregrass,morningstarstorageofwiregrass.com,false,mthomas@morningstarstorageofwiregrass.com,pattern-guessing,0.18,false,,
299,Melissa Thomas,Morningstar Storage of Wiregrass,morningstarstorageofwiregrass.com,false,m.thomas@morningstarstorageofwiregrass.com,pattern-guessing,0.18,false,,
299,Melissa Thomas,Morningstar Storage of Wiregrass,morningstarstorageofwiregrass.com,false,melissat@morningstarstorageofwiregrass.com,pattern-guessing,0.18,false,,
300,Patrick Murtha,Morrow Insurance Group,morrowinsurancegroup.com,true,patrick@morrowinsurancegroup.com,pattern-guessing,0.38,false,,
300,Patrick Murtha,Morrow Insurance Group,morrowinsurancegroup.com,true,patrick.murtha@morrowinsurancegroup.com,pattern-guessing,0.38,false,,
300,Patrick Murtha,Morrow Insurance Group,morrowinsurancegroup.com,true,patrickmurtha@morrowinsurancegroup.com,pattern-guessing,0.38,false,,
300,Patrick Murtha,Morrow Insurance Group,morrowinsurancegroup.com,true,patrick_murtha@morrowinsurancegroup.com,pattern-guessing,0.38,false,,
300,Patrick Murtha,Morrow Insurance Group,morrowinsurancegroup.com,true,pmurtha@morrowinsurancegroup.com,pattern-guessing,0.38,false,,
300,Patrick Murtha,Morrow Insurance Group,morrowinsurancegroup.com,true,p.murtha@morrowinsurancegroup.com,pattern-guessing,0.38,false,,
300,Patrick Murtha,Morrow Insurance Group,morrowinsurancegroup.com,true,patrickm@morrowinsurancegroup.com,pattern-guessing,0.38,false,,
301,Gilbert Bennett III,Motiva Business Law,motiva.com,true,mediadesk@motiva.com,web-scraping,0.72,false,https://motiva.com/,
301,Gilbert Bennett III,Motiva Business Law,motiva.com,true,pipelinesafety@motiva.com,web-scraping,0.72,false,https://motiva.com/contact-us,
301,Gilbert Bennett III,Motiva Business Law,motiva.com,true,supplychaininquiry@motiva.com,web-scraping,0.72,false,https://motiva.com/contact-us,
301,Gilbert Bennett III,Motiva Business Law,motiva.com,true,communityaffairs@motiva.com,web-scraping,0.72,false,https://motiva.com/contact-us,
301,Gilbert Bennett III,Motiva Business Law,motiva.com,true,careers@motiva.com,web-scraping,0.72,false,https://motiva.com/contact-us,
301,Gilbert Bennett III,Motiva Business Law,motiva.com,true,baseoils@motiva.com,web-scraping,0.72,false,https://motiva.com/contact-us,
301,Gilbert Bennett III,Motiva Business Law,motiva.com,true,motiva-fsm-sales-support@motiva.com,web-scraping,0.72,false,https://motiva.com/contact-us,
301,Gilbert Bennett III,Motiva Business Law,motiva.com,true,gilbert@motiva.com,pattern-guessing,0.38,false,,
301,Gilbert Bennett III,Motiva Business Law,motiva.com,true,gilbert.iii@motiva.com,pattern-guessing,0.38,false,,
301,Gilbert Bennett III,Motiva Business Law,motiva.com,true,gilbertiii@motiva.com,pattern-guessing,0.38,false,,
301,Gilbert Bennett III,Motiva Business Law,motiva.com,true,gilbert_iii@motiva.com,pattern-guessing,0.38,false,,
301,Gilbert Bennett III,Motiva Business Law,motiva.com,true,giii@motiva.com,pattern-guessing,0.38,false,,
301,Gilbert Bennett III,Motiva Business Law,motiva.com,true,g.iii@motiva.com,pattern-guessing,0.38,false,,
301,Gilbert Bennett III,Motiva Business Law,motiva.com,true,gilberti@motiva.com,pattern-guessing,0.38,false,,
302,Erika Molina,Mr Electric Of Land O Lakes,mrelectricoflandolakes.com,true,erika@mrelectricoflandolakes.com,pattern-guessing,0.38,false,,
302,Erika Molina,Mr Electric Of Land O Lakes,mrelectricoflandolakes.com,true,erika.molina@mrelectricoflandolakes.com,pattern-guessing,0.38,false,,
302,Erika Molina,Mr Electric Of Land O Lakes,mrelectricoflandolakes.com,true,erikamolina@mrelectricoflandolakes.com,pattern-guessing,0.38,false,,
302,Erika Molina,Mr Electric Of Land O Lakes,mrelectricoflandolakes.com,true,erika_molina@mrelectricoflandolakes.com,pattern-guessing,0.38,false,,
302,Erika Molina,Mr Electric Of Land O Lakes,mrelectricoflandolakes.com,true,emolina@mrelectricoflandolakes.com,pattern-guessing,0.38,false,,
302,Erika Molina,Mr Electric Of Land O Lakes,mrelectricoflandolakes.com,true,e.molina@mrelectricoflandolakes.com,pattern-guessing,0.38,false,,
302,Erika Molina,Mr Electric Of Land O Lakes,mrelectricoflandolakes.com,true,erikam@mrelectricoflandolakes.com,pattern-guessing,0.38,false,,
303,Carolynn Jones,Murtha & Murtha Certified Public Accountants,murthaandmurthacertifiedpublicaccountants.com,false,carolynn@murthaandmurthacertifiedpublicaccountants.com,pattern-guessing,0.18,false,,
303,Carolynn Jones,Murtha & Murtha Certified Public Accountants,murthaandmurthacertifiedpublicaccountants.com,false,carolynn.jones@murthaandmurthacertifiedpublicaccountants.com,pattern-guessing,0.18,false,,
303,Carolynn Jones,Murtha & Murtha Certified Public Accountants,murthaandmurthacertifiedpublicaccountants.com,false,carolynnjones@murthaandmurthacertifiedpublicaccountants.com,pattern-guessing,0.18,false,,
303,Carolynn Jones,Murtha & Murtha Certified Public Accountants,murthaandmurthacertifiedpublicaccountants.com,false,carolynn_jones@murthaandmurthacertifiedpublicaccountants.com,pattern-guessing,0.18,false,,
303,Carolynn Jones,Murtha & Murtha Certified Public Accountants,murthaandmurthacertifiedpublicaccountants.com,false,cjones@murthaandmurthacertifiedpublicaccountants.com,pattern-guessing,0.18,false,,
303,Carolynn Jones,Murtha & Murtha Certified Public Accountants,murthaandmurthacertifiedpublicaccountants.com,false,c.jones@murthaandmurthacertifiedpublicaccountants.com,pattern-guessing,0.18,false,,
303,Carolynn Jones,Murtha & Murtha Certified Public Accountants,murthaandmurthacertifiedpublicaccountants.com,false,carolynnj@murthaandmurthacertifiedpublicaccountants.com,pattern-guessing,0.18,false,,
304,Fabiola Balbina,My Easy Mortgage,myhockeyrankings.com,true,fabiola@myhockeyrankings.com,pattern-guessing,0.38,false,,
304,Fabiola Balbina,My Easy Mortgage,myhockeyrankings.com,true,fabiola.balbina@myhockeyrankings.com,pattern-guessing,0.38,false,,
304,Fabiola Balbina,My Easy Mortgage,myhockeyrankings.com,true,fabiolabalbina@myhockeyrankings.com,pattern-guessing,0.38,false,,
304,Fabiola Balbina,My Easy Mortgage,myhockeyrankings.com,true,fabiola_balbina@myhockeyrankings.com,pattern-guessing,0.38,false,,
304,Fabiola Balbina,My Easy Mortgage,myhockeyrankings.com,true,fbalbina@myhockeyrankings.com,pattern-guessing,0.38,false,,
304,Fabiola Balbina,My Easy Mortgage,myhockeyrankings.com,true,f.balbina@myhockeyrankings.com,pattern-guessing,0.38,false,,
304,Fabiola Balbina,My Easy Mortgage,myhockeyrankings.com,true,fabiolab@myhockeyrankings.com,pattern-guessing,0.38,false,,
305,Gary Nager,MyEyeDr,myeyedr.com,true,gary@myeyedr.com,pattern-guessing,0.38,false,,
305,Gary Nager,MyEyeDr,myeyedr.com,true,gary.nager@myeyedr.com,pattern-guessing,0.38,false,,
305,Gary Nager,MyEyeDr,myeyedr.com,true,garynager@myeyedr.com,pattern-guessing,0.38,false,,
305,Gary Nager,MyEyeDr,myeyedr.com,true,gary_nager@myeyedr.com,pattern-guessing,0.38,false,,
305,Gary Nager,MyEyeDr,myeyedr.com,true,gnager@myeyedr.com,pattern-guessing,0.38,false,,
305,Gary Nager,MyEyeDr,myeyedr.com,true,g.nager@myeyedr.com,pattern-guessing,0.38,false,,
305,Gary Nager,MyEyeDr,myeyedr.com,true,garyn@myeyedr.com,pattern-guessing,0.38,false,,
306,Nora Paine,Nest Hockey Academy,home.nest.com,false,nora@home.nest.com,pattern-guessing,0.18,false,,
306,Nora Paine,Nest Hockey Academy,home.nest.com,false,nora.paine@home.nest.com,pattern-guessing,0.18,false,,
306,Nora Paine,Nest Hockey Academy,home.nest.com,false,norapaine@home.nest.com,pattern-guessing,0.18,false,,
306,Nora Paine,Nest Hockey Academy,home.nest.com,false,nora_paine@home.nest.com,pattern-guessing,0.18,false,,
306,Nora Paine,Nest Hockey Academy,home.nest.com,false,npaine@home.nest.com,pattern-guessing,0.18,false,,
306,Nora Paine,Nest Hockey Academy,home.nest.com,false,n.paine@home.nest.com,pattern-guessing,0.18,false,,
306,Nora Paine,Nest Hockey Academy,home.nest.com,false,norap@home.nest.com,pattern-guessing,0.18,false,,
307,Paul Tobin,NeuSpine Institute,neuspineinstitute.com,true,paul@neuspineinstitute.com,pattern-guessing,0.38,false,,
307,Paul Tobin,NeuSpine Institute,neuspineinstitute.com,true,paul.tobin@neuspineinstitute.com,pattern-guessing,0.38,false,,
307,Paul Tobin,NeuSpine Institute,neuspineinstitute.com,true,paultobin@neuspineinstitute.com,pattern-guessing,0.38,false,,
307,Paul Tobin,NeuSpine Institute,neuspineinstitute.com,true,paul_tobin@neuspineinstitute.com,pattern-guessing,0.38,false,,
307,Paul Tobin,NeuSpine Institute,neuspineinstitute.com,true,ptobin@neuspineinstitute.com,pattern-guessing,0.38,false,,
307,Paul Tobin,NeuSpine Institute,neuspineinstitute.com,true,p.tobin@neuspineinstitute.com,pattern-guessing,0.38,false,,
307,Paul Tobin,NeuSpine Institute,neuspineinstitute.com,true,pault@neuspineinstitute.com,pattern-guessing,0.38,false,,
308,Albert Stobbe,New Tampa & Wesley Chapel Neighborhood News,newtampaandwesleychapelneighborhoodnews.com,false,albert@newtampaandwesleychapelneighborhoodnews.com,pattern-guessing,0.18,false,,
308,Albert Stobbe,New Tampa & Wesley Chapel Neighborhood News,newtampaandwesleychapelneighborhoodnews.com,false,albert.stobbe@newtampaandwesleychapelneighborhoodnews.com,pattern-guessing,0.18,false,,
308,Albert Stobbe,New Tampa & Wesley Chapel Neighborhood News,newtampaandwesleychapelneighborhoodnews.com,false,albertstobbe@newtampaandwesleychapelneighborhoodnews.com,pattern-guessing,0.18,false,,
308,Albert Stobbe,New Tampa & Wesley Chapel Neighborhood News,newtampaandwesleychapelneighborhoodnews.com,false,albert_stobbe@newtampaandwesleychapelneighborhoodnews.com,pattern-guessing,0.18,false,,
308,Albert Stobbe,New Tampa & Wesley Chapel Neighborhood News,newtampaandwesleychapelneighborhoodnews.com,false,astobbe@newtampaandwesleychapelneighborhoodnews.com,pattern-guessing,0.18,false,,
308,Albert Stobbe,New Tampa & Wesley Chapel Neighborhood News,newtampaandwesleychapelneighborhoodnews.com,false,a.stobbe@newtampaandwesleychapelneighborhoodnews.com,pattern-guessing,0.18,false,,
308,Albert Stobbe,New Tampa & Wesley Chapel Neighborhood News,newtampaandwesleychapelneighborhoodnews.com,false,alberts@newtampaandwesleychapelneighborhoodnews.com,pattern-guessing,0.18,false,,
309,Kevin Dec,New Tampa Players,newtampaplayers.com,false,kevin@newtampaplayers.com,pattern-guessing,0.18,false,,
309,Kevin Dec,New Tampa Players,newtampaplayers.com,false,kevin.dec@newtampaplayers.com,pattern-guessing,0.18,false,,
309,Kevin Dec,New Tampa Players,newtampaplayers.com,false,kevindec@newtampaplayers.com,pattern-guessing,0.18,false,,
309,Kevin Dec,New Tampa Players,newtampaplayers.com,false,kevin_dec@newtampaplayers.com,pattern-guessing,0.18,false,,
309,Kevin Dec,New Tampa Players,newtampaplayers.com,false,kdec@newtampaplayers.com,pattern-guessing,0.18,false,,
309,Kevin Dec,New Tampa Players,newtampaplayers.com,false,k.dec@newtampaplayers.com,pattern-guessing,0.18,false,,
309,Kevin Dec,New Tampa Players,newtampaplayers.com,false,kevind@newtampaplayers.com,pattern-guessing,0.18,false,,
310,Lynda Pick,New Tampa YMCA,newtampaymca.com,false,lynda@newtampaymca.com,pattern-guessing,0.18,false,,
310,Lynda Pick,New Tampa YMCA,newtampaymca.com,false,lynda.pick@newtampaymca.com,pattern-guessing,0.18,false,,
310,Lynda Pick,New Tampa YMCA,newtampaymca.com,false,lyndapick@newtampaymca.com,pattern-guessing,0.18,false,,
310,Lynda Pick,New Tampa YMCA,newtampaymca.com,false,lynda_pick@newtampaymca.com,pattern-guessing,0.18,false,,
310,Lynda Pick,New Tampa YMCA,newtampaymca.com,false,lpick@newtampaymca.com,pattern-guessing,0.18,false,,
310,Lynda Pick,New Tampa YMCA,newtampaymca.com,false,l.pick@newtampaymca.com,pattern-guessing,0.18,false,,
310,Lynda Pick,New Tampa YMCA,newtampaymca.com,false,lyndap@newtampaymca.com,pattern-guessing,0.18,false,,
311,Lisa Potvin,New York Life,newyorklife.com,true,gbsclaimsolutions@newyorklife.com,web-scraping,0.72,false,https://newyorklife.com/contact,
311,Lisa Potvin,New York Life,newyorklife.com,true,lisa@newyorklife.com,pattern-guessing,0.38,false,,
311,Lisa Potvin,New York Life,newyorklife.com,true,lisa.potvin@newyorklife.com,pattern-guessing,0.38,false,,
311,Lisa Potvin,New York Life,newyorklife.com,true,lisapotvin@newyorklife.com,pattern-guessing,0.38,false,,
311,Lisa Potvin,New York Life,newyorklife.com,true,lisa_potvin@newyorklife.com,pattern-guessing,0.38,false,,
311,Lisa Potvin,New York Life,newyorklife.com,true,lpotvin@newyorklife.com,pattern-guessing,0.38,false,,
311,Lisa Potvin,New York Life,newyorklife.com,true,l.potvin@newyorklife.com,pattern-guessing,0.38,false,,
311,Lisa Potvin,New York Life,newyorklife.com,true,lisap@newyorklife.com,pattern-guessing,0.38,false,,
312,Bradley Elia,New York Life Insurance Company,newyorklifeinsurance.com,false,bradley@newyorklifeinsurance.com,pattern-guessing,0.18,false,,
312,Bradley Elia,New York Life Insurance Company,newyorklifeinsurance.com,false,bradley.elia@newyorklifeinsurance.com,pattern-guessing,0.18,false,,
312,Bradley Elia,New York Life Insurance Company,newyorklifeinsurance.com,false,bradleyelia@newyorklifeinsurance.com,pattern-guessing,0.18,false,,
312,Bradley Elia,New York Life Insurance Company,newyorklifeinsurance.com,false,bradley_elia@newyorklifeinsurance.com,pattern-guessing,0.18,false,,
312,Bradley Elia,New York Life Insurance Company,newyorklifeinsurance.com,false,belia@newyorklifeinsurance.com,pattern-guessing,0.18,false,,
312,Bradley Elia,New York Life Insurance Company,newyorklifeinsurance.com,false,b.elia@newyorklifeinsurance.com,pattern-guessing,0.18,false,,
312,Bradley Elia,New York Life Insurance Company,newyorklifeinsurance.com,false,bradleye@newyorklifeinsurance.com,pattern-guessing,0.18,false,,
313,Victoria Silvers,Newsom Eye,gov.ca.gov,true,victoria@gov.ca.gov,pattern-guessing,0.38,false,,
313,Victoria Silvers,Newsom Eye,gov.ca.gov,true,victoria.silvers@gov.ca.gov,pattern-guessing,0.38,false,,
313,Victoria Silvers,Newsom Eye,gov.ca.gov,true,victoriasilvers@gov.ca.gov,pattern-guessing,0.38,false,,
313,Victoria Silvers,Newsom Eye,gov.ca.gov,true,victoria_silvers@gov.ca.gov,pattern-guessing,0.38,false,,
313,Victoria Silvers,Newsom Eye,gov.ca.gov,true,vsilvers@gov.ca.gov,pattern-guessing,0.38,false,,
313,Victoria Silvers,Newsom Eye,gov.ca.gov,true,v.silvers@gov.ca.gov,pattern-guessing,0.38,false,,
313,Victoria Silvers,Newsom Eye,gov.ca.gov,true,victorias@gov.ca.gov,pattern-guessing,0.38,false,,
314,Mike Rendel,Nivtop Creations,officeconsumer.com,true,mike@officeconsumer.com,pattern-guessing,0.38,false,,
314,Mike Rendel,Nivtop Creations,officeconsumer.com,true,mike.rendel@officeconsumer.com,pattern-guessing,0.38,false,,
314,Mike Rendel,Nivtop Creations,officeconsumer.com,true,mikerendel@officeconsumer.com,pattern-guessing,0.38,false,,
314,Mike Rendel,Nivtop Creations,officeconsumer.com,true,mike_rendel@officeconsumer.com,pattern-guessing,0.38,false,,
314,Mike Rendel,Nivtop Creations,officeconsumer.com,true,mrendel@officeconsumer.com,pattern-guessing,0.38,false,,
314,Mike Rendel,Nivtop Creations,officeconsumer.com,true,m.rendel@officeconsumer.com,pattern-guessing,0.38,false,,
314,Mike Rendel,Nivtop Creations,officeconsumer.com,true,miker@officeconsumer.com,pattern-guessing,0.38,false,,
315,Yvette Lopez,Noble Crust,noblecrust.com,true,yvette@noblecrust.com,pattern-guessing,0.38,false,,
315,Yvette Lopez,Noble Crust,noblecrust.com,true,yvette.lopez@noblecrust.com,pattern-guessing,0.38,false,,
315,Yvette Lopez,Noble Crust,noblecrust.com,true,yvettelopez@noblecrust.com,pattern-guessing,0.38,false,,
315,Yvette Lopez,Noble Crust,noblecrust.com,true,yvette_lopez@noblecrust.com,pattern-guessing,0.38,false,,
315,Yvette Lopez,Noble Crust,noblecrust.com,true,ylopez@noblecrust.com,pattern-guessing,0.38,false,,
315,Yvette Lopez,Noble Crust,noblecrust.com,true,y.lopez@noblecrust.com,pattern-guessing,0.38,false,,
315,Yvette Lopez,Noble Crust,noblecrust.com,true,yvettel@noblecrust.com,pattern-guessing,0.38,false,,
316,Jannie Hueting,North Tampa Bay Chamber,northtampabaychamber.com,true,hkennedy@northtampabaychamber.com,web-scraping,0.72,false,https://northtampabaychamber.com/,
316,Jannie Hueting,North Tampa Bay Chamber,northtampabaychamber.com,true,office@northtampabaychamber.com,web-scraping,0.54,false,https://northtampabaychamber.com/,
316,Jannie Hueting,North Tampa Bay Chamber,northtampabaychamber.com,true,jannie@northtampabaychamber.com,pattern-guessing,0.38,false,,
316,Jannie Hueting,North Tampa Bay Chamber,northtampabaychamber.com,true,jannie.hueting@northtampabaychamber.com,pattern-guessing,0.38,false,,
316,Jannie Hueting,North Tampa Bay Chamber,northtampabaychamber.com,true,janniehueting@northtampabaychamber.com,pattern-guessing,0.38,false,,
316,Jannie Hueting,North Tampa Bay Chamber,northtampabaychamber.com,true,jannie_hueting@northtampabaychamber.com,pattern-guessing,0.38,false,,
316,Jannie Hueting,North Tampa Bay Chamber,northtampabaychamber.com,true,jhueting@northtampabaychamber.com,pattern-guessing,0.38,false,,
316,Jannie Hueting,North Tampa Bay Chamber,northtampabaychamber.com,true,j.hueting@northtampabaychamber.com,pattern-guessing,0.38,false,,
316,Jannie Hueting,North Tampa Bay Chamber,northtampabaychamber.com,true,jannieh@northtampabaychamber.com,pattern-guessing,0.38,false,,
317,Ronnie Nuzzolo,North Tampa Behavioral Health,northtampabehavioralhealth.com,true,ronnie@northtampabehavioralhealth.com,pattern-guessing,0.38,false,,
317,Ronnie Nuzzolo,North Tampa Behavioral Health,northtampabehavioralhealth.com,true,ronnie.nuzzolo@northtampabehavioralhealth.com,pattern-guessing,0.38,false,,
317,Ronnie Nuzzolo,North Tampa Behavioral Health,northtampabehavioralhealth.com,true,ronnienuzzolo@northtampabehavioralhealth.com,pattern-guessing,0.38,false,,
317,Ronnie Nuzzolo,North Tampa Behavioral Health,northtampabehavioralhealth.com,true,ronnie_nuzzolo@northtampabehavioralhealth.com,pattern-guessing,0.38,false,,
317,Ronnie Nuzzolo,North Tampa Behavioral Health,northtampabehavioralhealth.com,true,rnuzzolo@northtampabehavioralhealth.com,pattern-guessing,0.38,false,,
317,Ronnie Nuzzolo,North Tampa Behavioral Health,northtampabehavioralhealth.com,true,r.nuzzolo@northtampabehavioralhealth.com,pattern-guessing,0.38,false,,
317,Ronnie Nuzzolo,North Tampa Behavioral Health,northtampabehavioralhealth.com,true,ronnien@northtampabehavioralhealth.com,pattern-guessing,0.38,false,,
318,Brent Nye,North Tampa Buzz,northtampabuzz.com,true,brent@northtampabuzz.com,pattern-guessing,0.38,false,,
318,Brent Nye,North Tampa Buzz,northtampabuzz.com,true,brent.nye@northtampabuzz.com,pattern-guessing,0.38,false,,
318,Brent Nye,North Tampa Buzz,northtampabuzz.com,true,brentnye@northtampabuzz.com,pattern-guessing,0.38,false,,
318,Brent Nye,North Tampa Buzz,northtampabuzz.com,true,brent_nye@northtampabuzz.com,pattern-guessing,0.38,false,,
318,Brent Nye,North Tampa Buzz,northtampabuzz.com,true,bnye@northtampabuzz.com,pattern-guessing,0.38,false,,
318,Brent Nye,North Tampa Buzz,northtampabuzz.com,true,b.nye@northtampabuzz.com,pattern-guessing,0.38,false,,
318,Brent Nye,North Tampa Buzz,northtampabuzz.com,true,brentn@northtampabuzz.com,pattern-guessing,0.38,false,,
319,Michelle Deschamps,North Tampa Property Services Inc,northtampapropertyservices.com,false,michelle@northtampapropertyservices.com,pattern-guessing,0.18,false,,
319,Michelle Deschamps,North Tampa Property Services Inc,northtampapropertyservices.com,false,michelle.deschamps@northtampapropertyservices.com,pattern-guessing,0.18,false,,
319,Michelle Deschamps,North Tampa Property Services Inc,northtampapropertyservices.com,false,michelledeschamps@northtampapropertyservices.com,pattern-guessing,0.18,false,,
319,Michelle Deschamps,North Tampa Property Services Inc,northtampapropertyservices.com,false,michelle_deschamps@northtampapropertyservices.com,pattern-guessing,0.18,false,,
319,Michelle Deschamps,North Tampa Property Services Inc,northtampapropertyservices.com,false,mdeschamps@northtampapropertyservices.com,pattern-guessing,0.18,false,,
319,Michelle Deschamps,North Tampa Property Services Inc,northtampapropertyservices.com,false,m.deschamps@northtampapropertyservices.com,pattern-guessing,0.18,false,,
319,Michelle Deschamps,North Tampa Property Services Inc,northtampapropertyservices.com,false,michelled@northtampapropertyservices.com,pattern-guessing,0.18,false,,
320,Dave Dorsey,NorthBridge Commercial Real Estate Group,miportal.edukgroup.com,false,dave@miportal.edukgroup.com,pattern-guessing,0.18,false,,
320,Dave Dorsey,NorthBridge Commercial Real Estate Group,miportal.edukgroup.com,false,dave.dorsey@miportal.edukgroup.com,pattern-guessing,0.18,false,,
320,Dave Dorsey,NorthBridge Commercial Real Estate Group,miportal.edukgroup.com,false,davedorsey@miportal.edukgroup.com,pattern-guessing,0.18,false,,
320,Dave Dorsey,NorthBridge Commercial Real Estate Group,miportal.edukgroup.com,false,dave_dorsey@miportal.edukgroup.com,pattern-guessing,0.18,false,,
320,Dave Dorsey,NorthBridge Commercial Real Estate Group,miportal.edukgroup.com,false,ddorsey@miportal.edukgroup.com,pattern-guessing,0.18,false,,
320,Dave Dorsey,NorthBridge Commercial Real Estate Group,miportal.edukgroup.com,false,d.dorsey@miportal.edukgroup.com,pattern-guessing,0.18,false,,
320,Dave Dorsey,NorthBridge Commercial Real Estate Group,miportal.edukgroup.com,false,daved@miportal.edukgroup.com,pattern-guessing,0.18,false,,
321,Roshni Ranjit-Reeves,Nova Southeastern University,chevyavalanchefanclub.com,true,roshni@chevyavalanchefanclub.com,pattern-guessing,0.38,false,,
321,Roshni Ranjit-Reeves,Nova Southeastern University,chevyavalanchefanclub.com,true,roshni.ranjit-reeves@chevyavalanchefanclub.com,pattern-guessing,0.38,false,,
321,Roshni Ranjit-Reeves,Nova Southeastern University,chevyavalanchefanclub.com,true,roshniranjit-reeves@chevyavalanchefanclub.com,pattern-guessing,0.38,false,,
321,Roshni Ranjit-Reeves,Nova Southeastern University,chevyavalanchefanclub.com,true,roshni_ranjit-reeves@chevyavalanchefanclub.com,pattern-guessing,0.38,false,,
321,Roshni Ranjit-Reeves,Nova Southeastern University,chevyavalanchefanclub.com,true,rranjit-reeves@chevyavalanchefanclub.com,pattern-guessing,0.38,false,,
321,Roshni Ranjit-Reeves,Nova Southeastern University,chevyavalanchefanclub.com,true,r.ranjit-reeves@chevyavalanchefanclub.com,pattern-guessing,0.38,false,,
321,Roshni Ranjit-Reeves,Nova Southeastern University,chevyavalanchefanclub.com,true,roshnir@chevyavalanchefanclub.com,pattern-guessing,0.38,false,,
322,Ian Heim,NYE Commercial Advisors,nyecommercialadvisors.com,false,ian@nyecommercialadvisors.com,pattern-guessing,0.18,false,,
322,Ian Heim,NYE Commercial Advisors,nyecommercialadvisors.com,false,ian.heim@nyecommercialadvisors.com,pattern-guessing,0.18,false,,
322,Ian Heim,NYE Commercial Advisors,nyecommercialadvisors.com,false,ianheim@nyecommercialadvisors.com,pattern-guessing,0.18,false,,
322,Ian Heim,NYE Commercial Advisors,nyecommercialadvisors.com,false,ian_heim@nyecommercialadvisors.com,pattern-guessing,0.18,false,,
322,Ian Heim,NYE Commercial Advisors,nyecommercialadvisors.com,false,iheim@nyecommercialadvisors.com,pattern-guessing,0.18,false,,
322,Ian Heim,NYE Commercial Advisors,nyecommercialadvisors.com,false,i.heim@nyecommercialadvisors.com,pattern-guessing,0.18,false,,
322,Ian Heim,NYE Commercial Advisors,nyecommercialadvisors.com,false,ianh@nyecommercialadvisors.com,pattern-guessing,0.18,false,,
323,Trey Lomel,O2B Kids,o2bkids.com,true,websiteinquiry@o2bkids.com,web-scraping,0.72,false,https://o2bkids.com/contact,
323,Trey Lomel,O2B Kids,o2bkids.com,true,accountquestions@o2bkids.com,web-scraping,0.72,false,https://o2bkids.com/contact,
323,Trey Lomel,O2B Kids,o2bkids.com,true,thebuzz@o2bkids.com,web-scraping,0.72,false,https://o2bkids.com/contact,
323,Trey Lomel,O2B Kids,o2bkids.com,true,careers@o2bkids.com,web-scraping,0.72,false,https://o2bkids.com/contact,
323,Trey Lomel,O2B Kids,o2bkids.com,true,joanne@o2bkids.com,web-scraping,0.72,false,https://o2bkids.com/contact,
323,Trey Lomel,O2B Kids,o2bkids.com,true,heather@o2bkids.com,web-scraping,0.72,false,https://o2bkids.com/contact,
323,Trey Lomel,O2B Kids,o2bkids.com,true,trey@o2bkids.com,pattern-guessing,0.38,false,,
323,Trey Lomel,O2B Kids,o2bkids.com,true,trey.lomel@o2bkids.com,pattern-guessing,0.38,false,,
323,Trey Lomel,O2B Kids,o2bkids.com,true,treylomel@o2bkids.com,pattern-guessing,0.38,false,,
323,Trey Lomel,O2B Kids,o2bkids.com,true,trey_lomel@o2bkids.com,pattern-guessing,0.38,false,,
323,Trey Lomel,O2B Kids,o2bkids.com,true,tlomel@o2bkids.com,pattern-guessing,0.38,false,,
323,Trey Lomel,O2B Kids,o2bkids.com,true,t.lomel@o2bkids.com,pattern-guessing,0.38,false,,
323,Trey Lomel,O2B Kids,o2bkids.com,true,treyl@o2bkids.com,pattern-guessing,0.38,false,,
324,Dustin Miller,OASIS Pregnancy Care Centers,oasisinet.com,true,dustin@oasisinet.com,pattern-guessing,0.38,false,,
324,Dustin Miller,OASIS Pregnancy Care Centers,oasisinet.com,true,dustin.miller@oasisinet.com,pattern-guessing,0.38,false,,
324,Dustin Miller,OASIS Pregnancy Care Centers,oasisinet.com,true,dustinmiller@oasisinet.com,pattern-guessing,0.38,false,,
324,Dustin Miller,OASIS Pregnancy Care Centers,oasisinet.com,true,dustin_miller@oasisinet.com,pattern-guessing,0.38,false,,
324,Dustin Miller,OASIS Pregnancy Care Centers,oasisinet.com,true,dmiller@oasisinet.com,pattern-guessing,0.38,false,,
324,Dustin Miller,OASIS Pregnancy Care Centers,oasisinet.com,true,d.miller@oasisinet.com,pattern-guessing,0.38,false,,
324,Dustin Miller,OASIS Pregnancy Care Centers,oasisinet.com,true,dustinm@oasisinet.com,pattern-guessing,0.38,false,,
325,Kyree Prieto,Oculofacial Surgery and Cosmetic Laser Institute,oculofacialsurgeryandcosmeticlaserinstitute.com,false,kyree@oculofacialsurgeryandcosmeticlaserinstitute.com,pattern-guessing,0.18,false,,
325,Kyree Prieto,Oculofacial Surgery and Cosmetic Laser Institute,oculofacialsurgeryandcosmeticlaserinstitute.com,false,kyree.prieto@oculofacialsurgeryandcosmeticlaserinstitute.com,pattern-guessing,0.18,false,,
325,Kyree Prieto,Oculofacial Surgery and Cosmetic Laser Institute,oculofacialsurgeryandcosmeticlaserinstitute.com,false,kyreeprieto@oculofacialsurgeryandcosmeticlaserinstitute.com,pattern-guessing,0.18,false,,
325,Kyree Prieto,Oculofacial Surgery and Cosmetic Laser Institute,oculofacialsurgeryandcosmeticlaserinstitute.com,false,kyree_prieto@oculofacialsurgeryandcosmeticlaserinstitute.com,pattern-guessing,0.18,false,,
325,Kyree Prieto,Oculofacial Surgery and Cosmetic Laser Institute,oculofacialsurgeryandcosmeticlaserinstitute.com,false,kprieto@oculofacialsurgeryandcosmeticlaserinstitute.com,pattern-guessing,0.18,false,,
325,Kyree Prieto,Oculofacial Surgery and Cosmetic Laser Institute,oculofacialsurgeryandcosmeticlaserinstitute.com,false,k.prieto@oculofacialsurgeryandcosmeticlaserinstitute.com,pattern-guessing,0.18,false,,
325,Kyree Prieto,Oculofacial Surgery and Cosmetic Laser Institute,oculofacialsurgeryandcosmeticlaserinstitute.com,false,kyreep@oculofacialsurgeryandcosmeticlaserinstitute.com,pattern-guessing,0.18,false,,
326,Michael Garcia,OddFellows Ice Cream Co.,iooflodgedirectory.org,true,michael@iooflodgedirectory.org,pattern-guessing,0.38,false,,
326,Michael Garcia,OddFellows Ice Cream Co.,iooflodgedirectory.org,true,michael.garcia@iooflodgedirectory.org,pattern-guessing,0.38,false,,
326,Michael Garcia,OddFellows Ice Cream Co.,iooflodgedirectory.org,true,michaelgarcia@iooflodgedirectory.org,pattern-guessing,0.38,false,,
326,Michael Garcia,OddFellows Ice Cream Co.,iooflodgedirectory.org,true,michael_garcia@iooflodgedirectory.org,pattern-guessing,0.38,false,,
326,Michael Garcia,OddFellows Ice Cream Co.,iooflodgedirectory.org,true,mgarcia@iooflodgedirectory.org,pattern-guessing,0.38,false,,
326,Michael Garcia,OddFellows Ice Cream Co.,iooflodgedirectory.org,true,m.garcia@iooflodgedirectory.org,pattern-guessing,0.38,false,,
326,Michael Garcia,OddFellows Ice Cream Co.,iooflodgedirectory.org,true,michaelg@iooflodgedirectory.org,pattern-guessing,0.38,false,,
327,Donna Perez,Old Florida Docks,oldfloridadocks.com,true,trey@oldfloridadocks.com,web-scraping,0.72,false,https://oldfloridadocks.com/,
327,Donna Perez,Old Florida Docks,oldfloridadocks.com,true,donna@oldfloridadocks.com,pattern-guessing,0.38,false,,
327,Donna Perez,Old Florida Docks,oldfloridadocks.com,true,donna.perez@oldfloridadocks.com,pattern-guessing,0.38,false,,
327,Donna Perez,Old Florida Docks,oldfloridadocks.com,true,donnaperez@oldfloridadocks.com,pattern-guessing,0.38,false,,
327,Donna Perez,Old Florida Docks,oldfloridadocks.com,true,donna_perez@oldfloridadocks.com,pattern-guessing,0.38,false,,
327,Donna Perez,Old Florida Docks,oldfloridadocks.com,true,dperez@oldfloridadocks.com,pattern-guessing,0.38,false,,
327,Donna Perez,Old Florida Docks,oldfloridadocks.com,true,d.perez@oldfloridadocks.com,pattern-guessing,0.38,false,,
327,Donna Perez,Old Florida Docks,oldfloridadocks.com,true,donnap@oldfloridadocks.com,pattern-guessing,0.38,false,,
328,Heather Hughes,On The Way Heating & Air,onthewayheatingandair.com,false,heather@onthewayheatingandair.com,pattern-guessing,0.18,false,,
328,Heather Hughes,On The Way Heating & Air,onthewayheatingandair.com,false,heather.hughes@onthewayheatingandair.com,pattern-guessing,0.18,false,,
328,Heather Hughes,On The Way Heating & Air,onthewayheatingandair.com,false,heatherhughes@onthewayheatingandair.com,pattern-guessing,0.18,false,,
328,Heather Hughes,On The Way Heating & Air,onthewayheatingandair.com,false,heather_hughes@onthewayheatingandair.com,pattern-guessing,0.18,false,,
328,Heather Hughes,On The Way Heating & Air,onthewayheatingandair.com,false,hhughes@onthewayheatingandair.com,pattern-guessing,0.18,false,,
328,Heather Hughes,On The Way Heating & Air,onthewayheatingandair.com,false,h.hughes@onthewayheatingandair.com,pattern-guessing,0.18,false,,
328,Heather Hughes,On The Way Heating & Air,onthewayheatingandair.com,false,heatherh@onthewayheatingandair.com,pattern-guessing,0.18,false,,
329,April Davies,One Source Advisory,onesourceadvisory.com,true,info@onesourceadvisory.com,web-scraping,0.54,false,https://onesourceadvisory.com/,
329,April Davies,One Source Advisory,onesourceadvisory.com,true,april@onesourceadvisory.com,pattern-guessing,0.38,false,,
329,April Davies,One Source Advisory,onesourceadvisory.com,true,april.davies@onesourceadvisory.com,pattern-guessing,0.38,false,,
329,April Davies,One Source Advisory,onesourceadvisory.com,true,aprildavies@onesourceadvisory.com,pattern-guessing,0.38,false,,
329,April Davies,One Source Advisory,onesourceadvisory.com,true,april_davies@onesourceadvisory.com,pattern-guessing,0.38,false,,
329,April Davies,One Source Advisory,onesourceadvisory.com,true,adavies@onesourceadvisory.com,pattern-guessing,0.38,false,,
329,April Davies,One Source Advisory,onesourceadvisory.com,true,a.davies@onesourceadvisory.com,pattern-guessing,0.38,false,,
329,April Davies,One Source Advisory,onesourceadvisory.com,true,aprild@onesourceadvisory.com,pattern-guessing,0.38,false,,
330,Bari Becker,OneFlorida Financial Group,onefloridafinancialgroup.com,false,bari@onefloridafinancialgroup.com,pattern-guessing,0.18,false,,
330,Bari Becker,OneFlorida Financial Group,onefloridafinancialgroup.com,false,bari.becker@onefloridafinancialgroup.com,pattern-guessing,0.18,false,,
330,Bari Becker,OneFlorida Financial Group,onefloridafinancialgroup.com,false,baribecker@onefloridafinancialgroup.com,pattern-guessing,0.18,false,,
330,Bari Becker,OneFlorida Financial Group,onefloridafinancialgroup.com,false,bari_becker@onefloridafinancialgroup.com,pattern-guessing,0.18,false,,
330,Bari Becker,OneFlorida Financial Group,onefloridafinancialgroup.com,false,bbecker@onefloridafinancialgroup.com,pattern-guessing,0.18,false,,
330,Bari Becker,OneFlorida Financial Group,onefloridafinancialgroup.com,false,b.becker@onefloridafinancialgroup.com,pattern-guessing,0.18,false,,
330,Bari Becker,OneFlorida Financial Group,onefloridafinancialgroup.com,false,barib@onefloridafinancialgroup.com,pattern-guessing,0.18,false,,
331,Courtney Clark,Optic Marketing Group,opticmarketinggroup.com,true,courtney@opticmarketinggroup.com,pattern-guessing,0.38,false,,
331,Courtney Clark,Optic Marketing Group,opticmarketinggroup.com,true,courtney.clark@opticmarketinggroup.com,pattern-guessing,0.38,false,,
331,Courtney Clark,Optic Marketing Group,opticmarketinggroup.com,true,courtneyclark@opticmarketinggroup.com,pattern-guessing,0.38,false,,
331,Courtney Clark,Optic Marketing Group,opticmarketinggroup.com,true,courtney_clark@opticmarketinggroup.com,pattern-guessing,0.38,false,,
331,Courtney Clark,Optic Marketing Group,opticmarketinggroup.com,true,cclark@opticmarketinggroup.com,pattern-guessing,0.38,false,,
331,Courtney Clark,Optic Marketing Group,opticmarketinggroup.com,true,c.clark@opticmarketinggroup.com,pattern-guessing,0.38,false,,
331,Courtney Clark,Optic Marketing Group,opticmarketinggroup.com,true,courtneyc@opticmarketinggroup.com,pattern-guessing,0.38,false,,
332,Connor Smith,Optimum Health & Wellness,optimumforums.org,false,connor@optimumforums.org,pattern-guessing,0.18,false,,
332,Connor Smith,Optimum Health & Wellness,optimumforums.org,false,connor.smith@optimumforums.org,pattern-guessing,0.18,false,,
332,Connor Smith,Optimum Health & Wellness,optimumforums.org,false,connorsmith@optimumforums.org,pattern-guessing,0.18,false,,
332,Connor Smith,Optimum Health & Wellness,optimumforums.org,false,connor_smith@optimumforums.org,pattern-guessing,0.18,false,,
332,Connor Smith,Optimum Health & Wellness,optimumforums.org,false,csmith@optimumforums.org,pattern-guessing,0.18,false,,
332,Connor Smith,Optimum Health & Wellness,optimumforums.org,false,c.smith@optimumforums.org,pattern-guessing,0.18,false,,
332,Connor Smith,Optimum Health & Wellness,optimumforums.org,false,connors@optimumforums.org,pattern-guessing,0.18,false,,
333,Tim Shulk,Optum Dental Arts PLLC,optumdentalarts.com,true,tim@optumdentalarts.com,pattern-guessing,0.38,false,,
333,Tim Shulk,Optum Dental Arts PLLC,optumdentalarts.com,true,tim.shulk@optumdentalarts.com,pattern-guessing,0.38,false,,
333,Tim Shulk,Optum Dental Arts PLLC,optumdentalarts.com,true,timshulk@optumdentalarts.com,pattern-guessing,0.38,false,,
333,Tim Shulk,Optum Dental Arts PLLC,optumdentalarts.com,true,tim_shulk@optumdentalarts.com,pattern-guessing,0.38,false,,
333,Tim Shulk,Optum Dental Arts PLLC,optumdentalarts.com,true,tshulk@optumdentalarts.com,pattern-guessing,0.38,false,,
333,Tim Shulk,Optum Dental Arts PLLC,optumdentalarts.com,true,t.shulk@optumdentalarts.com,pattern-guessing,0.38,false,,
333,Tim Shulk,Optum Dental Arts PLLC,optumdentalarts.com,true,tims@optumdentalarts.com,pattern-guessing,0.38,false,,
334,Mike Gross,Orlando Health,visitorlando.com,true,mike@visitorlando.com,pattern-guessing,0.38,false,,
334,Mike Gross,Orlando Health,visitorlando.com,true,mike.gross@visitorlando.com,pattern-guessing,0.38,false,,
334,Mike Gross,Orlando Health,visitorlando.com,true,mikegross@visitorlando.com,pattern-guessing,0.38,false,,
334,Mike Gross,Orlando Health,visitorlando.com,true,mike_gross@visitorlando.com,pattern-guessing,0.38,false,,
334,Mike Gross,Orlando Health,visitorlando.com,true,mgross@visitorlando.com,pattern-guessing,0.38,false,,
334,Mike Gross,Orlando Health,visitorlando.com,true,m.gross@visitorlando.com,pattern-guessing,0.38,false,,
334,Mike Gross,Orlando Health,visitorlando.com,true,mikeg@visitorlando.com,pattern-guessing,0.38,false,,
335,Kim Lanuez,Ostara Floral & Events,ostarafloralandevents.com,false,kim@ostarafloralandevents.com,pattern-guessing,0.18,false,,
335,Kim Lanuez,Ostara Floral & Events,ostarafloralandevents.com,false,kim.lanuez@ostarafloralandevents.com,pattern-guessing,0.18,false,,
335,Kim Lanuez,Ostara Floral & Events,ostarafloralandevents.com,false,kimlanuez@ostarafloralandevents.com,pattern-guessing,0.18,false,,
335,Kim Lanuez,Ostara Floral & Events,ostarafloralandevents.com,false,kim_lanuez@ostarafloralandevents.com,pattern-guessing,0.18,false,,
335,Kim Lanuez,Ostara Floral & Events,ostarafloralandevents.com,false,klanuez@ostarafloralandevents.com,pattern-guessing,0.18,false,,
335,Kim Lanuez,Ostara Floral & Events,ostarafloralandevents.com,false,k.lanuez@ostarafloralandevents.com,pattern-guessing,0.18,false,,
335,Kim Lanuez,Ostara Floral & Events,ostarafloralandevents.com,false,kiml@ostarafloralandevents.com,pattern-guessing,0.18,false,,
336,Karan Patel,Outback Steakhouse -Wesley Chapel,outbacksteakhouse-wesleychapel.com,false,karan@outbacksteakhouse-wesleychapel.com,pattern-guessing,0.18,false,,
336,Karan Patel,Outback Steakhouse -Wesley Chapel,outbacksteakhouse-wesleychapel.com,false,karan.patel@outbacksteakhouse-wesleychapel.com,pattern-guessing,0.18,false,,
336,Karan Patel,Outback Steakhouse -Wesley Chapel,outbacksteakhouse-wesleychapel.com,false,karanpatel@outbacksteakhouse-wesleychapel.com,pattern-guessing,0.18,false,,
336,Karan Patel,Outback Steakhouse -Wesley Chapel,outbacksteakhouse-wesleychapel.com,false,karan_patel@outbacksteakhouse-wesleychapel.com,pattern-guessing,0.18,false,,
336,Karan Patel,Outback Steakhouse -Wesley Chapel,outbacksteakhouse-wesleychapel.com,false,kpatel@outbacksteakhouse-wesleychapel.com,pattern-guessing,0.18,false,,
336,Karan Patel,Outback Steakhouse -Wesley Chapel,outbacksteakhouse-wesleychapel.com,false,k.patel@outbacksteakhouse-wesleychapel.com,pattern-guessing,0.18,false,,
336,Karan Patel,Outback Steakhouse -Wesley Chapel,outbacksteakhouse-wesleychapel.com,false,karanp@outbacksteakhouse-wesleychapel.com,pattern-guessing,0.18,false,,
337,Kristine Reynolds,Outback Steakhouse Lutz,outbacksteakhouselutz.com,false,kristine@outbacksteakhouselutz.com,pattern-guessing,0.18,false,,
337,Kristine Reynolds,Outback Steakhouse Lutz,outbacksteakhouselutz.com,false,kristine.reynolds@outbacksteakhouselutz.com,pattern-guessing,0.18,false,,
337,Kristine Reynolds,Outback Steakhouse Lutz,outbacksteakhouselutz.com,false,kristinereynolds@outbacksteakhouselutz.com,pattern-guessing,0.18,false,,
337,Kristine Reynolds,Outback Steakhouse Lutz,outbacksteakhouselutz.com,false,kristine_reynolds@outbacksteakhouselutz.com,pattern-guessing,0.18,false,,
337,Kristine Reynolds,Outback Steakhouse Lutz,outbacksteakhouselutz.com,false,kreynolds@outbacksteakhouselutz.com,pattern-guessing,0.18,false,,
337,Kristine Reynolds,Outback Steakhouse Lutz,outbacksteakhouselutz.com,false,k.reynolds@outbacksteakhouselutz.com,pattern-guessing,0.18,false,,
337,Kristine Reynolds,Outback Steakhouse Lutz,outbacksteakhouselutz.com,false,kristiner@outbacksteakhouselutz.com,pattern-guessing,0.18,false,,
338,Janan Denniz,Outplay Marketing,outplaymarketing.com,true,info@outplaymarketing.com,web-scraping,0.54,false,https://outplaymarketing.com/,
338,Janan Denniz,Outplay Marketing,outplaymarketing.com,true,janan@outplaymarketing.com,pattern-guessing,0.38,false,,
338,Janan Denniz,Outplay Marketing,outplaymarketing.com,true,janan.denniz@outplaymarketing.com,pattern-guessing,0.38,false,,
338,Janan Denniz,Outplay Marketing,outplaymarketing.com,true,janandenniz@outplaymarketing.com,pattern-guessing,0.38,false,,
338,Janan Denniz,Outplay Marketing,outplaymarketing.com,true,janan_denniz@outplaymarketing.com,pattern-guessing,0.38,false,,
338,Janan Denniz,Outplay Marketing,outplaymarketing.com,true,jdenniz@outplaymarketing.com,pattern-guessing,0.38,false,,
338,Janan Denniz,Outplay Marketing,outplaymarketing.com,true,j.denniz@outplaymarketing.com,pattern-guessing,0.38,false,,
338,Janan Denniz,Outplay Marketing,outplaymarketing.com,true,janand@outplaymarketing.com,pattern-guessing,0.38,false,,
339,Terry Mullane,Outrageous Cakes Tampa Bakery,outrageouscakestampabakery.com,false,terry@outrageouscakestampabakery.com,pattern-guessing,0.18,false,,
339,Terry Mullane,Outrageous Cakes Tampa Bakery,outrageouscakestampabakery.com,false,terry.mullane@outrageouscakestampabakery.com,pattern-guessing,0.18,false,,
339,Terry Mullane,Outrageous Cakes Tampa Bakery,outrageouscakestampabakery.com,false,terrymullane@outrageouscakestampabakery.com,pattern-guessing,0.18,false,,
339,Terry Mullane,Outrageous Cakes Tampa Bakery,outrageouscakestampabakery.com,false,terry_mullane@outrageouscakestampabakery.com,pattern-guessing,0.18,false,,
339,Terry Mullane,Outrageous Cakes Tampa Bakery,outrageouscakestampabakery.com,false,tmullane@outrageouscakestampabakery.com,pattern-guessing,0.18,false,,
339,Terry Mullane,Outrageous Cakes Tampa Bakery,outrageouscakestampabakery.com,false,t.mullane@outrageouscakestampabakery.com,pattern-guessing,0.18,false,,
339,Terry Mullane,Outrageous Cakes Tampa Bakery,outrageouscakestampabakery.com,false,terrym@outrageouscakestampabakery.com,pattern-guessing,0.18,false,,
340,Terry Mullane,Palm Endovascular Institute,palmendovascularinstitute.com,false,terry@palmendovascularinstitute.com,pattern-guessing,0.18,false,,
340,Terry Mullane,Palm Endovascular Institute,palmendovascularinstitute.com,false,terry.mullane@palmendovascularinstitute.com,pattern-guessing,0.18,false,,
340,Terry Mullane,Palm Endovascular Institute,palmendovascularinstitute.com,false,terrymullane@palmendovascularinstitute.com,pattern-guessing,0.18,false,,
340,Terry Mullane,Palm Endovascular Institute,palmendovascularinstitute.com,false,terry_mullane@palmendovascularinstitute.com,pattern-guessing,0.18,false,,
340,Terry Mullane,Palm Endovascular Institute,palmendovascularinstitute.com,false,tmullane@palmendovascularinstitute.com,pattern-guessing,0.18,false,,
340,Terry Mullane,Palm Endovascular Institute,palmendovascularinstitute.com,false,t.mullane@palmendovascularinstitute.com,pattern-guessing,0.18,false,,
340,Terry Mullane,Palm Endovascular Institute,palmendovascularinstitute.com,false,terrym@palmendovascularinstitute.com,pattern-guessing,0.18,false,,
341,Stefania Duwe,Palms At Wyndtree,palmsatwyndtree.com,true,stefania@palmsatwyndtree.com,pattern-guessing,0.38,false,,
341,Stefania Duwe,Palms At Wyndtree,palmsatwyndtree.com,true,stefania.duwe@palmsatwyndtree.com,pattern-guessing,0.38,false,,
341,Stefania Duwe,Palms At Wyndtree,palmsatwyndtree.com,true,stefaniaduwe@palmsatwyndtree.com,pattern-guessing,0.38,false,,
341,Stefania Duwe,Palms At Wyndtree,palmsatwyndtree.com,true,stefania_duwe@palmsatwyndtree.com,pattern-guessing,0.38,false,,
341,Stefania Duwe,Palms At Wyndtree,palmsatwyndtree.com,true,sduwe@palmsatwyndtree.com,pattern-guessing,0.38,false,,
341,Stefania Duwe,Palms At Wyndtree,palmsatwyndtree.com,true,s.duwe@palmsatwyndtree.com,pattern-guessing,0.38,false,,
341,Stefania Duwe,Palms At Wyndtree,palmsatwyndtree.com,true,stefaniad@palmsatwyndtree.com,pattern-guessing,0.38,false,,
342,Nikki Alvarez-Sowles,Parc At Wesley Chapel,parc-restaurant.com,false,nikki@parc-restaurant.com,pattern-guessing,0.18,false,,
342,Nikki Alvarez-Sowles,Parc At Wesley Chapel,parc-restaurant.com,false,nikki.alvarez-sowles@parc-restaurant.com,pattern-guessing,0.18,false,,
342,Nikki Alvarez-Sowles,Parc At Wesley Chapel,parc-restaurant.com,false,nikkialvarez-sowles@parc-restaurant.com,pattern-guessing,0.18,false,,
342,Nikki Alvarez-Sowles,Parc At Wesley Chapel,parc-restaurant.com,false,nikki_alvarez-sowles@parc-restaurant.com,pattern-guessing,0.18,false,,
342,Nikki Alvarez-Sowles,Parc At Wesley Chapel,parc-restaurant.com,false,nalvarez-sowles@parc-restaurant.com,pattern-guessing,0.18,false,,
342,Nikki Alvarez-Sowles,Parc At Wesley Chapel,parc-restaurant.com,false,n.alvarez-sowles@parc-restaurant.com,pattern-guessing,0.18,false,,
342,Nikki Alvarez-Sowles,Parc At Wesley Chapel,parc-restaurant.com,false,nikkia@parc-restaurant.com,pattern-guessing,0.18,false,,
343,Amaris Haynes,Parks Ford of Wesley Chapel,sccmo.org,true,amaris@sccmo.org,pattern-guessing,0.38,false,,
343,Amaris Haynes,Parks Ford of Wesley Chapel,sccmo.org,true,amaris.haynes@sccmo.org,pattern-guessing,0.38,false,,
343,Amaris Haynes,Parks Ford of Wesley Chapel,sccmo.org,true,amarishaynes@sccmo.org,pattern-guessing,0.38,false,,
343,Amaris Haynes,Parks Ford of Wesley Chapel,sccmo.org,true,amaris_haynes@sccmo.org,pattern-guessing,0.38,false,,
343,Amaris Haynes,Parks Ford of Wesley Chapel,sccmo.org,true,ahaynes@sccmo.org,pattern-guessing,0.38,false,,
343,Amaris Haynes,Parks Ford of Wesley Chapel,sccmo.org,true,a.haynes@sccmo.org,pattern-guessing,0.38,false,,
343,Amaris Haynes,Parks Ford of Wesley Chapel,sccmo.org,true,amarish@sccmo.org,pattern-guessing,0.38,false,,
344,David Engel,Parks Lincoln of Tampa,sccmo.org,true,david@sccmo.org,pattern-guessing,0.38,false,,
344,David Engel,Parks Lincoln of Tampa,sccmo.org,true,david.engel@sccmo.org,pattern-guessing,0.38,false,,
344,David Engel,Parks Lincoln of Tampa,sccmo.org,true,davidengel@sccmo.org,pattern-guessing,0.38,false,,
344,David Engel,Parks Lincoln of Tampa,sccmo.org,true,david_engel@sccmo.org,pattern-guessing,0.38,false,,
344,David Engel,Parks Lincoln of Tampa,sccmo.org,true,dengel@sccmo.org,pattern-guessing,0.38,false,,
344,David Engel,Parks Lincoln of Tampa,sccmo.org,true,d.engel@sccmo.org,pattern-guessing,0.38,false,,
344,David Engel,Parks Lincoln of Tampa,sccmo.org,true,davide@sccmo.org,pattern-guessing,0.38,false,,
345,Brendan Fitterer,Pasco County BCC - County Administration,pascocountybcc-countyadministration.com,false,brendan@pascocountybcc-countyadministration.com,pattern-guessing,0.18,false,,
345,Brendan Fitterer,Pasco County BCC - County Administration,pascocountybcc-countyadministration.com,false,brendan.fitterer@pascocountybcc-countyadministration.com,pattern-guessing,0.18,false,,
345,Brendan Fitterer,Pasco County BCC - County Administration,pascocountybcc-countyadministration.com,false,brendanfitterer@pascocountybcc-countyadministration.com,pattern-guessing,0.18,false,,
345,Brendan Fitterer,Pasco County BCC - County Administration,pascocountybcc-countyadministration.com,false,brendan_fitterer@pascocountybcc-countyadministration.com,pattern-guessing,0.18,false,,
345,Brendan Fitterer,Pasco County BCC - County Administration,pascocountybcc-countyadministration.com,false,bfitterer@pascocountybcc-countyadministration.com,pattern-guessing,0.18,false,,
345,Brendan Fitterer,Pasco County BCC - County Administration,pascocountybcc-countyadministration.com,false,b.fitterer@pascocountybcc-countyadministration.com,pattern-guessing,0.18,false,,
345,Brendan Fitterer,Pasco County BCC - County Administration,pascocountybcc-countyadministration.com,false,brendanf@pascocountybcc-countyadministration.com,pattern-guessing,0.18,false,,
346,Jennifer Batchelor,Pasco County Clerk & Comptroller,pascocountyclerkandcomptroller.com,false,jennifer@pascocountyclerkandcomptroller.com,pattern-guessing,0.18,false,,
346,Jennifer Batchelor,Pasco County Clerk & Comptroller,pascocountyclerkandcomptroller.com,false,jennifer.batchelor@pascocountyclerkandcomptroller.com,pattern-guessing,0.18,false,,
346,Jennifer Batchelor,Pasco County Clerk & Comptroller,pascocountyclerkandcomptroller.com,false,jenniferbatchelor@pascocountyclerkandcomptroller.com,pattern-guessing,0.18,false,,
346,Jennifer Batchelor,Pasco County Clerk & Comptroller,pascocountyclerkandcomptroller.com,false,jennifer_batchelor@pascocountyclerkandcomptroller.com,pattern-guessing,0.18,false,,
346,Jennifer Batchelor,Pasco County Clerk & Comptroller,pascocountyclerkandcomptroller.com,false,jbatchelor@pascocountyclerkandcomptroller.com,pattern-guessing,0.18,false,,
346,Jennifer Batchelor,Pasco County Clerk & Comptroller,pascocountyclerkandcomptroller.com,false,j.batchelor@pascocountyclerkandcomptroller.com,pattern-guessing,0.18,false,,
346,Jennifer Batchelor,Pasco County Clerk & Comptroller,pascocountyclerkandcomptroller.com,false,jenniferb@pascocountyclerkandcomptroller.com,pattern-guessing,0.18,false,,
347,Brian Corley,Pasco County Library System - Main Location,pascocountylibrarysystem-mainlocation.com,false,brian@pascocountylibrarysystem-mainlocation.com,pattern-guessing,0.18,false,,
347,Brian Corley,Pasco County Library System - Main Location,pascocountylibrarysystem-mainlocation.com,false,brian.corley@pascocountylibrarysystem-mainlocation.com,pattern-guessing,0.18,false,,
347,Brian Corley,Pasco County Library System - Main Location,pascocountylibrarysystem-mainlocation.com,false,briancorley@pascocountylibrarysystem-mainlocation.com,pattern-guessing,0.18,false,,
347,Brian Corley,Pasco County Library System - Main Location,pascocountylibrarysystem-mainlocation.com,false,brian_corley@pascocountylibrarysystem-mainlocation.com,pattern-guessing,0.18,false,,
347,Brian Corley,Pasco County Library System - Main Location,pascocountylibrarysystem-mainlocation.com,false,bcorley@pascocountylibrarysystem-mainlocation.com,pattern-guessing,0.18,false,,
347,Brian Corley,Pasco County Library System - Main Location,pascocountylibrarysystem-mainlocation.com,false,b.corley@pascocountylibrarysystem-mainlocation.com,pattern-guessing,0.18,false,,
347,Brian Corley,Pasco County Library System - Main Location,pascocountylibrarysystem-mainlocation.com,false,brianc@pascocountylibrarysystem-mainlocation.com,pattern-guessing,0.18,false,,
348,Suzanne Renczkowski,Pasco County Office of Economic Growth,pascocountyofficeofeconomicgrowth.com,false,suzanne@pascocountyofficeofeconomicgrowth.com,pattern-guessing,0.18,false,,
348,Suzanne Renczkowski,Pasco County Office of Economic Growth,pascocountyofficeofeconomicgrowth.com,false,suzanne.renczkowski@pascocountyofficeofeconomicgrowth.com,pattern-guessing,0.18,false,,
348,Suzanne Renczkowski,Pasco County Office of Economic Growth,pascocountyofficeofeconomicgrowth.com,false,suzannerenczkowski@pascocountyofficeofeconomicgrowth.com,pattern-guessing,0.18,false,,
348,Suzanne Renczkowski,Pasco County Office of Economic Growth,pascocountyofficeofeconomicgrowth.com,false,suzanne_renczkowski@pascocountyofficeofeconomicgrowth.com,pattern-guessing,0.18,false,,
348,Suzanne Renczkowski,Pasco County Office of Economic Growth,pascocountyofficeofeconomicgrowth.com,false,srenczkowski@pascocountyofficeofeconomicgrowth.com,pattern-guessing,0.18,false,,
348,Suzanne Renczkowski,Pasco County Office of Economic Growth,pascocountyofficeofeconomicgrowth.com,false,s.renczkowski@pascocountyofficeofeconomicgrowth.com,pattern-guessing,0.18,false,,
348,Suzanne Renczkowski,Pasco County Office of Economic Growth,pascocountyofficeofeconomicgrowth.com,false,suzanner@pascocountyofficeofeconomicgrowth.com,pattern-guessing,0.18,false,,
349,Stacey Capogrosso,Pasco County Property Appraiser,pascocountypropertyappraiser.com,false,stacey@pascocountypropertyappraiser.com,pattern-guessing,0.18,false,,
349,Stacey Capogrosso,Pasco County Property Appraiser,pascocountypropertyappraiser.com,false,stacey.capogrosso@pascocountypropertyappraiser.com,pattern-guessing,0.18,false,,
349,Stacey Capogrosso,Pasco County Property Appraiser,pascocountypropertyappraiser.com,false,staceycapogrosso@pascocountypropertyappraiser.com,pattern-guessing,0.18,false,,
349,Stacey Capogrosso,Pasco County Property Appraiser,pascocountypropertyappraiser.com,false,stacey_capogrosso@pascocountypropertyappraiser.com,pattern-guessing,0.18,false,,
349,Stacey Capogrosso,Pasco County Property Appraiser,pascocountypropertyappraiser.com,false,scapogrosso@pascocountypropertyappraiser.com,pattern-guessing,0.18,false,,
349,Stacey Capogrosso,Pasco County Property Appraiser,pascocountypropertyappraiser.com,false,s.capogrosso@pascocountypropertyappraiser.com,pattern-guessing,0.18,false,,
349,Stacey Capogrosso,Pasco County Property Appraiser,pascocountypropertyappraiser.com,false,staceyc@pascocountypropertyappraiser.com,pattern-guessing,0.18,false,,
350,Darlene Rowe,"Pasco County School Career, Technical and Adult Education",pascocountyschoolcareertechnicalandadulteducation.com,false,darlene@pascocountyschoolcareertechnicalandadulteducation.com,pattern-guessing,0.18,false,,
350,Darlene Rowe,"Pasco County School Career, Technical and Adult Education",pascocountyschoolcareertechnicalandadulteducation.com,false,darlene.rowe@pascocountyschoolcareertechnicalandadulteducation.com,pattern-guessing,0.18,false,,
350,Darlene Rowe,"Pasco County School Career, Technical and Adult Education",pascocountyschoolcareertechnicalandadulteducation.com,false,darlenerowe@pascocountyschoolcareertechnicalandadulteducation.com,pattern-guessing,0.18,false,,
350,Darlene Rowe,"Pasco County School Career, Technical and Adult Education",pascocountyschoolcareertechnicalandadulteducation.com,false,darlene_rowe@pascocountyschoolcareertechnicalandadulteducation.com,pattern-guessing,0.18,false,,
350,Darlene Rowe,"Pasco County School Career, Technical and Adult Education",pascocountyschoolcareertechnicalandadulteducation.com,false,drowe@pascocountyschoolcareertechnicalandadulteducation.com,pattern-guessing,0.18,false,,
350,Darlene Rowe,"Pasco County School Career, Technical and Adult Education",pascocountyschoolcareertechnicalandadulteducation.com,false,d.rowe@pascocountyschoolcareertechnicalandadulteducation.com,pattern-guessing,0.18,false,,
350,Darlene Rowe,"Pasco County School Career, Technical and Adult Education",pascocountyschoolcareertechnicalandadulteducation.com,false,darlener@pascocountyschoolcareertechnicalandadulteducation.com,pattern-guessing,0.18,false,,
351,Mildred DIaz-Santiago,Pasco County Supervisor of Elections,pascocountysupervisorofelections.com,false,mildred@pascocountysupervisorofelections.com,pattern-guessing,0.18,false,,
351,Mildred DIaz-Santiago,Pasco County Supervisor of Elections,pascocountysupervisorofelections.com,false,mildred.diaz-santiago@pascocountysupervisorofelections.com,pattern-guessing,0.18,false,,
351,Mildred DIaz-Santiago,Pasco County Supervisor of Elections,pascocountysupervisorofelections.com,false,mildreddiaz-santiago@pascocountysupervisorofelections.com,pattern-guessing,0.18,false,,
351,Mildred DIaz-Santiago,Pasco County Supervisor of Elections,pascocountysupervisorofelections.com,false,mildred_diaz-santiago@pascocountysupervisorofelections.com,pattern-guessing,0.18,false,,
351,Mildred DIaz-Santiago,Pasco County Supervisor of Elections,pascocountysupervisorofelections.com,false,mdiaz-santiago@pascocountysupervisorofelections.com,pattern-guessing,0.18,false,,
351,Mildred DIaz-Santiago,Pasco County Supervisor of Elections,pascocountysupervisorofelections.com,false,m.diaz-santiago@pascocountysupervisorofelections.com,pattern-guessing,0.18,false,,
351,Mildred DIaz-Santiago,Pasco County Supervisor of Elections,pascocountysupervisorofelections.com,false,mildredd@pascocountysupervisorofelections.com,pattern-guessing,0.18,false,,
352,BOBBI PRIDEMORE,"Pasco Economic Development Council, Inc",pascoeconomicdevelopmentcouncil.com,false,bobbi@pascoeconomicdevelopmentcouncil.com,pattern-guessing,0.18,false,,
352,BOBBI PRIDEMORE,"Pasco Economic Development Council, Inc",pascoeconomicdevelopmentcouncil.com,false,bobbi.pridemore@pascoeconomicdevelopmentcouncil.com,pattern-guessing,0.18,false,,
352,BOBBI PRIDEMORE,"Pasco Economic Development Council, Inc",pascoeconomicdevelopmentcouncil.com,false,bobbipridemore@pascoeconomicdevelopmentcouncil.com,pattern-guessing,0.18,false,,
352,BOBBI PRIDEMORE,"Pasco Economic Development Council, Inc",pascoeconomicdevelopmentcouncil.com,false,bobbi_pridemore@pascoeconomicdevelopmentcouncil.com,pattern-guessing,0.18,false,,
352,BOBBI PRIDEMORE,"Pasco Economic Development Council, Inc",pascoeconomicdevelopmentcouncil.com,false,bpridemore@pascoeconomicdevelopmentcouncil.com,pattern-guessing,0.18,false,,
352,BOBBI PRIDEMORE,"Pasco Economic Development Council, Inc",pascoeconomicdevelopmentcouncil.com,false,b.pridemore@pascoeconomicdevelopmentcouncil.com,pattern-guessing,0.18,false,,
352,BOBBI PRIDEMORE,"Pasco Economic Development Council, Inc",pascoeconomicdevelopmentcouncil.com,false,bobbip@pascoeconomicdevelopmentcouncil.com,pattern-guessing,0.18,false,,
353,Nick Karistinos,"Pasco Education Foundation, Inc.",pascoeducationfoundation.com,false,nick@pascoeducationfoundation.com,pattern-guessing,0.18,false,,
353,Nick Karistinos,"Pasco Education Foundation, Inc.",pascoeducationfoundation.com,false,nick.karistinos@pascoeducationfoundation.com,pattern-guessing,0.18,false,,
353,Nick Karistinos,"Pasco Education Foundation, Inc.",pascoeducationfoundation.com,false,nickkaristinos@pascoeducationfoundation.com,pattern-guessing,0.18,false,,
353,Nick Karistinos,"Pasco Education Foundation, Inc.",pascoeducationfoundation.com,false,nick_karistinos@pascoeducationfoundation.com,pattern-guessing,0.18,false,,
353,Nick Karistinos,"Pasco Education Foundation, Inc.",pascoeducationfoundation.com,false,nkaristinos@pascoeducationfoundation.com,pattern-guessing,0.18,false,,
353,Nick Karistinos,"Pasco Education Foundation, Inc.",pascoeducationfoundation.com,false,n.karistinos@pascoeducationfoundation.com,pattern-guessing,0.18,false,,
353,Nick Karistinos,"Pasco Education Foundation, Inc.",pascoeducationfoundation.com,false,nickk@pascoeducationfoundation.com,pattern-guessing,0.18,false,,
354,Paul Stalker,Pasco Hernando SCORE,pascohernandoscore.com,false,paul@pascohernandoscore.com,pattern-guessing,0.18,false,,
354,Paul Stalker,Pasco Hernando SCORE,pascohernandoscore.com,false,paul.stalker@pascohernandoscore.com,pattern-guessing,0.18,false,,
354,Paul Stalker,Pasco Hernando SCORE,pascohernandoscore.com,false,paulstalker@pascohernandoscore.com,pattern-guessing,0.18,false,,
354,Paul Stalker,Pasco Hernando SCORE,pascohernandoscore.com,false,paul_stalker@pascohernandoscore.com,pattern-guessing,0.18,false,,
354,Paul Stalker,Pasco Hernando SCORE,pascohernandoscore.com,false,pstalker@pascohernandoscore.com,pattern-guessing,0.18,false,,
354,Paul Stalker,Pasco Hernando SCORE,pascohernandoscore.com,false,p.stalker@pascohernandoscore.com,pattern-guessing,0.18,false,,
354,Paul Stalker,Pasco Hernando SCORE,pascohernandoscore.com,false,pauls@pascohernandoscore.com,pattern-guessing,0.18,false,,
355,Spencer Zimmerman,Pasco Hernando State College - Porter Campus,pascohernandostatecollege-portercampus.com,false,spencer@pascohernandostatecollege-portercampus.com,pattern-guessing,0.18,false,,
355,Spencer Zimmerman,Pasco Hernando State College - Porter Campus,pascohernandostatecollege-portercampus.com,false,spencer.zimmerman@pascohernandostatecollege-portercampus.com,pattern-guessing,0.18,false,,
355,Spencer Zimmerman,Pasco Hernando State College - Porter Campus,pascohernandostatecollege-portercampus.com,false,spencerzimmerman@pascohernandostatecollege-portercampus.com,pattern-guessing,0.18,false,,
355,Spencer Zimmerman,Pasco Hernando State College - Porter Campus,pascohernandostatecollege-portercampus.com,false,spencer_zimmerman@pascohernandostatecollege-portercampus.com,pattern-guessing,0.18,false,,
355,Spencer Zimmerman,Pasco Hernando State College - Porter Campus,pascohernandostatecollege-portercampus.com,false,szimmerman@pascohernandostatecollege-portercampus.com,pattern-guessing,0.18,false,,
355,Spencer Zimmerman,Pasco Hernando State College - Porter Campus,pascohernandostatecollege-portercampus.com,false,s.zimmerman@pascohernandostatecollege-portercampus.com,pattern-guessing,0.18,false,,
355,Spencer Zimmerman,Pasco Hernando State College - Porter Campus,pascohernandostatecollege-portercampus.com,false,spencerz@pascohernandostatecollege-portercampus.com,pattern-guessing,0.18,false,,
356,Jerry Reed,"Pasco Sheriff's Charities, Inc.",pascosheriffscharities.com,false,jerry@pascosheriffscharities.com,pattern-guessing,0.18,false,,
356,Jerry Reed,"Pasco Sheriff's Charities, Inc.",pascosheriffscharities.com,false,jerry.reed@pascosheriffscharities.com,pattern-guessing,0.18,false,,
356,Jerry Reed,"Pasco Sheriff's Charities, Inc.",pascosheriffscharities.com,false,jerryreed@pascosheriffscharities.com,pattern-guessing,0.18,false,,
356,Jerry Reed,"Pasco Sheriff's Charities, Inc.",pascosheriffscharities.com,false,jerry_reed@pascosheriffscharities.com,pattern-guessing,0.18,false,,
356,Jerry Reed,"Pasco Sheriff's Charities, Inc.",pascosheriffscharities.com,false,jreed@pascosheriffscharities.com,pattern-guessing,0.18,false,,
356,Jerry Reed,"Pasco Sheriff's Charities, Inc.",pascosheriffscharities.com,false,j.reed@pascosheriffscharities.com,pattern-guessing,0.18,false,,
356,Jerry Reed,"Pasco Sheriff's Charities, Inc.",pascosheriffscharities.com,false,jerryr@pascosheriffscharities.com,pattern-guessing,0.18,false,,
357,Taimoor Peerzada,Paul Davis Restoration,paul.fr,true,taimoor@paul.fr,pattern-guessing,0.38,false,,
357,Taimoor Peerzada,Paul Davis Restoration,paul.fr,true,taimoor.peerzada@paul.fr,pattern-guessing,0.38,false,,
357,Taimoor Peerzada,Paul Davis Restoration,paul.fr,true,taimoorpeerzada@paul.fr,pattern-guessing,0.38,false,,
357,Taimoor Peerzada,Paul Davis Restoration,paul.fr,true,taimoor_peerzada@paul.fr,pattern-guessing,0.38,false,,
357,Taimoor Peerzada,Paul Davis Restoration,paul.fr,true,tpeerzada@paul.fr,pattern-guessing,0.38,false,,
357,Taimoor Peerzada,Paul Davis Restoration,paul.fr,true,t.peerzada@paul.fr,pattern-guessing,0.38,false,,
357,Taimoor Peerzada,Paul Davis Restoration,paul.fr,true,taimoorp@paul.fr,pattern-guessing,0.38,false,,
358,Bryam Otero,Paul Stalker Real Estate LLC,paul.fr,true,bryam@paul.fr,pattern-guessing,0.38,false,,
358,Bryam Otero,Paul Stalker Real Estate LLC,paul.fr,true,bryam.otero@paul.fr,pattern-guessing,0.38,false,,
358,Bryam Otero,Paul Stalker Real Estate LLC,paul.fr,true,bryamotero@paul.fr,pattern-guessing,0.38,false,,
358,Bryam Otero,Paul Stalker Real Estate LLC,paul.fr,true,bryam_otero@paul.fr,pattern-guessing,0.38,false,,
358,Bryam Otero,Paul Stalker Real Estate LLC,paul.fr,true,botero@paul.fr,pattern-guessing,0.38,false,,
358,Bryam Otero,Paul Stalker Real Estate LLC,paul.fr,true,b.otero@paul.fr,pattern-guessing,0.38,false,,
358,Bryam Otero,Paul Stalker Real Estate LLC,paul.fr,true,bryamo@paul.fr,pattern-guessing,0.38,false,,
359,Jessica Fugate,Peak Brain and Body,peakbrainandbody.com,true,jessica@peakbrainandbody.com,pattern-guessing,0.38,false,,
359,Jessica Fugate,Peak Brain and Body,peakbrainandbody.com,true,jessica.fugate@peakbrainandbody.com,pattern-guessing,0.38,false,,
359,Jessica Fugate,Peak Brain and Body,peakbrainandbody.com,true,jessicafugate@peakbrainandbody.com,pattern-guessing,0.38,false,,
359,Jessica Fugate,Peak Brain and Body,peakbrainandbody.com,true,jessica_fugate@peakbrainandbody.com,pattern-guessing,0.38,false,,
359,Jessica Fugate,Peak Brain and Body,peakbrainandbody.com,true,jfugate@peakbrainandbody.com,pattern-guessing,0.38,false,,
359,Jessica Fugate,Peak Brain and Body,peakbrainandbody.com,true,j.fugate@peakbrainandbody.com,pattern-guessing,0.38,false,,
359,Jessica Fugate,Peak Brain and Body,peakbrainandbody.com,true,jessicaf@peakbrainandbody.com,pattern-guessing,0.38,false,,
360,PetSuites Carrolwood,Peak TRT and Wellness LLC,peaktrtandwellness.com,true,petsuites@peaktrtandwellness.com,pattern-guessing,0.38,false,,
360,PetSuites Carrolwood,Peak TRT and Wellness LLC,peaktrtandwellness.com,true,petsuites.carrolwood@peaktrtandwellness.com,pattern-guessing,0.38,false,,
360,PetSuites Carrolwood,Peak TRT and Wellness LLC,peaktrtandwellness.com,true,petsuitescarrolwood@peaktrtandwellness.com,pattern-guessing,0.38,false,,
360,PetSuites Carrolwood,Peak TRT and Wellness LLC,peaktrtandwellness.com,true,petsuites_carrolwood@peaktrtandwellness.com,pattern-guessing,0.38,false,,
360,PetSuites Carrolwood,Peak TRT and Wellness LLC,peaktrtandwellness.com,true,pcarrolwood@peaktrtandwellness.com,pattern-guessing,0.38,false,,
360,PetSuites Carrolwood,Peak TRT and Wellness LLC,peaktrtandwellness.com,true,p.carrolwood@peaktrtandwellness.com,pattern-guessing,0.38,false,,
360,PetSuites Carrolwood,Peak TRT and Wellness LLC,peaktrtandwellness.com,true,petsuitesc@peaktrtandwellness.com,pattern-guessing,0.38,false,,
361,Geniece Brady,Peerzada Smiles Dental Spa,peerzadasmilesdentalspa.com,false,geniece@peerzadasmilesdentalspa.com,pattern-guessing,0.18,false,,
361,Geniece Brady,Peerzada Smiles Dental Spa,peerzadasmilesdentalspa.com,false,geniece.brady@peerzadasmilesdentalspa.com,pattern-guessing,0.18,false,,
361,Geniece Brady,Peerzada Smiles Dental Spa,peerzadasmilesdentalspa.com,false,geniecebrady@peerzadasmilesdentalspa.com,pattern-guessing,0.18,false,,
361,Geniece Brady,Peerzada Smiles Dental Spa,peerzadasmilesdentalspa.com,false,geniece_brady@peerzadasmilesdentalspa.com,pattern-guessing,0.18,false,,
361,Geniece Brady,Peerzada Smiles Dental Spa,peerzadasmilesdentalspa.com,false,gbrady@peerzadasmilesdentalspa.com,pattern-guessing,0.18,false,,
361,Geniece Brady,Peerzada Smiles Dental Spa,peerzadasmilesdentalspa.com,false,g.brady@peerzadasmilesdentalspa.com,pattern-guessing,0.18,false,,
361,Geniece Brady,Peerzada Smiles Dental Spa,peerzadasmilesdentalspa.com,false,genieceb@peerzadasmilesdentalspa.com,pattern-guessing,0.18,false,,
362,Amy Higgins,Peloton Interactive,onepeloton.com,true,taxexempt@onepeloton.com,web-scraping,0.72,false,https://onepeloton.com/,
362,Amy Higgins,Peloton Interactive,onepeloton.com,true,privacy@onepeloton.com,web-scraping,0.72,false,https://onepeloton.com/,
362,Amy Higgins,Peloton Interactive,onepeloton.com,true,support@onepeloton.com,web-scraping,0.54,false,https://onepeloton.com/,
362,Amy Higgins,Peloton Interactive,onepeloton.com,true,amy@onepeloton.com,pattern-guessing,0.38,false,,
362,Amy Higgins,Peloton Interactive,onepeloton.com,true,amy.higgins@onepeloton.com,pattern-guessing,0.38,false,,
362,Amy Higgins,Peloton Interactive,onepeloton.com,true,amyhiggins@onepeloton.com,pattern-guessing,0.38,false,,
362,Amy Higgins,Peloton Interactive,onepeloton.com,true,amy_higgins@onepeloton.com,pattern-guessing,0.38,false,,
362,Amy Higgins,Peloton Interactive,onepeloton.com,true,ahiggins@onepeloton.com,pattern-guessing,0.38,false,,
362,Amy Higgins,Peloton Interactive,onepeloton.com,true,a.higgins@onepeloton.com,pattern-guessing,0.38,false,,
362,Amy Higgins,Peloton Interactive,onepeloton.com,true,amyh@onepeloton.com,pattern-guessing,0.38,false,,
363,Ali Henderson,Pepin Academies,people.com,true,ali@people.com,pattern-guessing,0.38,false,,
363,Ali Henderson,Pepin Academies,people.com,true,ali.henderson@people.com,pattern-guessing,0.38,false,,
363,Ali Henderson,Pepin Academies,people.com,true,alihenderson@people.com,pattern-guessing,0.38,false,,
363,Ali Henderson,Pepin Academies,people.com,true,ali_henderson@people.com,pattern-guessing,0.38,false,,
363,Ali Henderson,Pepin Academies,people.com,true,ahenderson@people.com,pattern-guessing,0.38,false,,
363,Ali Henderson,Pepin Academies,people.com,true,a.henderson@people.com,pattern-guessing,0.38,false,,
363,Ali Henderson,Pepin Academies,people.com,true,alih@people.com,pattern-guessing,0.38,false,,
364,Dasha Yeakey-Ference,PetSuites Carrollwood,petsuitescarrollwood.com,false,dasha@petsuitescarrollwood.com,pattern-guessing,0.18,false,,
364,Dasha Yeakey-Ference,PetSuites Carrollwood,petsuitescarrollwood.com,false,dasha.yeakey-ference@petsuitescarrollwood.com,pattern-guessing,0.18,false,,
364,Dasha Yeakey-Ference,PetSuites Carrollwood,petsuitescarrollwood.com,false,dashayeakey-ference@petsuitescarrollwood.com,pattern-guessing,0.18,false,,
364,Dasha Yeakey-Ference,PetSuites Carrollwood,petsuitescarrollwood.com,false,dasha_yeakey-ference@petsuitescarrollwood.com,pattern-guessing,0.18,false,,
364,Dasha Yeakey-Ference,PetSuites Carrollwood,petsuitescarrollwood.com,false,dyeakey-ference@petsuitescarrollwood.com,pattern-guessing,0.18,false,,
364,Dasha Yeakey-Ference,PetSuites Carrollwood,petsuitescarrollwood.com,false,d.yeakey-ference@petsuitescarrollwood.com,pattern-guessing,0.18,false,,
364,Dasha Yeakey-Ference,PetSuites Carrollwood,petsuitescarrollwood.com,false,dashay@petsuitescarrollwood.com,pattern-guessing,0.18,false,,
365,Stephanie Black,Philidor Brady & Co. Realty,philidorbradyandrealty.com,false,stephanie@philidorbradyandrealty.com,pattern-guessing,0.18,false,,
365,Stephanie Black,Philidor Brady & Co. Realty,philidorbradyandrealty.com,false,stephanie.black@philidorbradyandrealty.com,pattern-guessing,0.18,false,,
365,Stephanie Black,Philidor Brady & Co. Realty,philidorbradyandrealty.com,false,stephanieblack@philidorbradyandrealty.com,pattern-guessing,0.18,false,,
365,Stephanie Black,Philidor Brady & Co. Realty,philidorbradyandrealty.com,false,stephanie_black@philidorbradyandrealty.com,pattern-guessing,0.18,false,,
365,Stephanie Black,Philidor Brady & Co. Realty,philidorbradyandrealty.com,false,sblack@philidorbradyandrealty.com,pattern-guessing,0.18,false,,
365,Stephanie Black,Philidor Brady & Co. Realty,philidorbradyandrealty.com,false,s.black@philidorbradyandrealty.com,pattern-guessing,0.18,false,,
365,Stephanie Black,Philidor Brady & Co. Realty,philidorbradyandrealty.com,false,stephanieb@philidorbradyandrealty.com,pattern-guessing,0.18,false,,
366,Suresh Attal,Pin Chasers,pinchasers.com,false,suresh@pinchasers.com,pattern-guessing,0.18,false,,
366,Suresh Attal,Pin Chasers,pinchasers.com,false,suresh.attal@pinchasers.com,pattern-guessing,0.18,false,,
366,Suresh Attal,Pin Chasers,pinchasers.com,false,sureshattal@pinchasers.com,pattern-guessing,0.18,false,,
366,Suresh Attal,Pin Chasers,pinchasers.com,false,suresh_attal@pinchasers.com,pattern-guessing,0.18,false,,
366,Suresh Attal,Pin Chasers,pinchasers.com,false,sattal@pinchasers.com,pattern-guessing,0.18,false,,
366,Suresh Attal,Pin Chasers,pinchasers.com,false,s.attal@pinchasers.com,pattern-guessing,0.18,false,,
366,Suresh Attal,Pin Chasers,pinchasers.com,false,suresha@pinchasers.com,pattern-guessing,0.18,false,,
367,Michael Berthelette,Pinchers Crab Shack of Wiregrass Inc.,pinchersusa.com,true,michael@pinchersusa.com,pattern-guessing,0.38,false,,
367,Michael Berthelette,Pinchers Crab Shack of Wiregrass Inc.,pinchersusa.com,true,michael.berthelette@pinchersusa.com,pattern-guessing,0.38,false,,
367,Michael Berthelette,Pinchers Crab Shack of Wiregrass Inc.,pinchersusa.com,true,michaelberthelette@pinchersusa.com,pattern-guessing,0.38,false,,
367,Michael Berthelette,Pinchers Crab Shack of Wiregrass Inc.,pinchersusa.com,true,michael_berthelette@pinchersusa.com,pattern-guessing,0.38,false,,
367,Michael Berthelette,Pinchers Crab Shack of Wiregrass Inc.,pinchersusa.com,true,mberthelette@pinchersusa.com,pattern-guessing,0.38,false,,
367,Michael Berthelette,Pinchers Crab Shack of Wiregrass Inc.,pinchersusa.com,true,m.berthelette@pinchersusa.com,pattern-guessing,0.38,false,,
367,Michael Berthelette,Pinchers Crab Shack of Wiregrass Inc.,pinchersusa.com,true,michaelb@pinchersusa.com,pattern-guessing,0.38,false,,
368,Xavier Saint Bellini,Pinellas Vascular,pinellasvascular.com,true,xavier@pinellasvascular.com,pattern-guessing,0.38,false,,
368,Xavier Saint Bellini,Pinellas Vascular,pinellasvascular.com,true,xavier.bellini@pinellasvascular.com,pattern-guessing,0.38,false,,
368,Xavier Saint Bellini,Pinellas Vascular,pinellasvascular.com,true,xavierbellini@pinellasvascular.com,pattern-guessing,0.38,false,,
368,Xavier Saint Bellini,Pinellas Vascular,pinellasvascular.com,true,xavier_bellini@pinellasvascular.com,pattern-guessing,0.38,false,,
368,Xavier Saint Bellini,Pinellas Vascular,pinellasvascular.com,true,xbellini@pinellasvascular.com,pattern-guessing,0.38,false,,
368,Xavier Saint Bellini,Pinellas Vascular,pinellasvascular.com,true,x.bellini@pinellasvascular.com,pattern-guessing,0.38,false,,
368,Xavier Saint Bellini,Pinellas Vascular,pinellasvascular.com,true,xavierb@pinellasvascular.com,pattern-guessing,0.38,false,,
369,Jennifer Ames,Pioneer Florida Museum & Village,thehulltruth.com,true,jennifer@thehulltruth.com,pattern-guessing,0.38,false,,
369,Jennifer Ames,Pioneer Florida Museum & Village,thehulltruth.com,true,jennifer.ames@thehulltruth.com,pattern-guessing,0.38,false,,
369,Jennifer Ames,Pioneer Florida Museum & Village,thehulltruth.com,true,jenniferames@thehulltruth.com,pattern-guessing,0.38,false,,
369,Jennifer Ames,Pioneer Florida Museum & Village,thehulltruth.com,true,jennifer_ames@thehulltruth.com,pattern-guessing,0.38,false,,
369,Jennifer Ames,Pioneer Florida Museum & Village,thehulltruth.com,true,james@thehulltruth.com,pattern-guessing,0.38,false,,
369,Jennifer Ames,Pioneer Florida Museum & Village,thehulltruth.com,true,j.ames@thehulltruth.com,pattern-guessing,0.38,false,,
369,Jennifer Ames,Pioneer Florida Museum & Village,thehulltruth.com,true,jennifera@thehulltruth.com,pattern-guessing,0.38,false,,
370,Mark Christiansen,Planet Smoothie - Land O' Lakes,nineplanets.org,true,mark@nineplanets.org,pattern-guessing,0.38,false,,
370,Mark Christiansen,Planet Smoothie - Land O' Lakes,nineplanets.org,true,mark.christiansen@nineplanets.org,pattern-guessing,0.38,false,,
370,Mark Christiansen,Planet Smoothie - Land O' Lakes,nineplanets.org,true,markchristiansen@nineplanets.org,pattern-guessing,0.38,false,,
370,Mark Christiansen,Planet Smoothie - Land O' Lakes,nineplanets.org,true,mark_christiansen@nineplanets.org,pattern-guessing,0.38,false,,
370,Mark Christiansen,Planet Smoothie - Land O' Lakes,nineplanets.org,true,mchristiansen@nineplanets.org,pattern-guessing,0.38,false,,
370,Mark Christiansen,Planet Smoothie - Land O' Lakes,nineplanets.org,true,m.christiansen@nineplanets.org,pattern-guessing,0.38,false,,
370,Mark Christiansen,Planet Smoothie - Land O' Lakes,nineplanets.org,true,markc@nineplanets.org,pattern-guessing,0.38,false,,
371,Claire Chrzan,Platinum Salon,forum.plutonium.pw,false,claire@forum.plutonium.pw,pattern-guessing,0.18,false,,
371,Claire Chrzan,Platinum Salon,forum.plutonium.pw,false,claire.chrzan@forum.plutonium.pw,pattern-guessing,0.18,false,,
371,Claire Chrzan,Platinum Salon,forum.plutonium.pw,false,clairechrzan@forum.plutonium.pw,pattern-guessing,0.18,false,,
371,Claire Chrzan,Platinum Salon,forum.plutonium.pw,false,claire_chrzan@forum.plutonium.pw,pattern-guessing,0.18,false,,
371,Claire Chrzan,Platinum Salon,forum.plutonium.pw,false,cchrzan@forum.plutonium.pw,pattern-guessing,0.18,false,,
371,Claire Chrzan,Platinum Salon,forum.plutonium.pw,false,c.chrzan@forum.plutonium.pw,pattern-guessing,0.18,false,,
371,Claire Chrzan,Platinum Salon,forum.plutonium.pw,false,clairec@forum.plutonium.pw,pattern-guessing,0.18,false,,
372,Cheryl A. Pollock,PNC Bank,onlinebanking.pnc.com,false,cheryl@onlinebanking.pnc.com,pattern-guessing,0.18,false,,
372,Cheryl A. Pollock,PNC Bank,onlinebanking.pnc.com,false,cheryl.pollock@onlinebanking.pnc.com,pattern-guessing,0.18,false,,
372,Cheryl A. Pollock,PNC Bank,onlinebanking.pnc.com,false,cherylpollock@onlinebanking.pnc.com,pattern-guessing,0.18,false,,
372,Cheryl A. Pollock,PNC Bank,onlinebanking.pnc.com,false,cheryl_pollock@onlinebanking.pnc.com,pattern-guessing,0.18,false,,
372,Cheryl A. Pollock,PNC Bank,onlinebanking.pnc.com,false,cpollock@onlinebanking.pnc.com,pattern-guessing,0.18,false,,
372,Cheryl A. Pollock,PNC Bank,onlinebanking.pnc.com,false,c.pollock@onlinebanking.pnc.com,pattern-guessing,0.18,false,,
372,Cheryl A. Pollock,PNC Bank,onlinebanking.pnc.com,false,cherylp@onlinebanking.pnc.com,pattern-guessing,0.18,false,,
373,Robert Fitzpatrick,Pommier Med Spa,theviolinchannel.com,true,hello@theviolinchannel.com,web-scraping,0.54,false,https://theviolinchannel.com/contact,
373,Robert Fitzpatrick,Pommier Med Spa,theviolinchannel.com,true,robert@theviolinchannel.com,pattern-guessing,0.38,false,,
373,Robert Fitzpatrick,Pommier Med Spa,theviolinchannel.com,true,robert.fitzpatrick@theviolinchannel.com,pattern-guessing,0.38,false,,
373,Robert Fitzpatrick,Pommier Med Spa,theviolinchannel.com,true,robertfitzpatrick@theviolinchannel.com,pattern-guessing,0.38,false,,
373,Robert Fitzpatrick,Pommier Med Spa,theviolinchannel.com,true,robert_fitzpatrick@theviolinchannel.com,pattern-guessing,0.38,false,,
373,Robert Fitzpatrick,Pommier Med Spa,theviolinchannel.com,true,rfitzpatrick@theviolinchannel.com,pattern-guessing,0.38,false,,
373,Robert Fitzpatrick,Pommier Med Spa,theviolinchannel.com,true,r.fitzpatrick@theviolinchannel.com,pattern-guessing,0.38,false,,
373,Robert Fitzpatrick,Pommier Med Spa,theviolinchannel.com,true,robertf@theviolinchannel.com,pattern-guessing,0.38,false,,
374,Filip Lundstedt,Pool Pros Construction,familyhomeandpatio.com,true,filip@familyhomeandpatio.com,pattern-guessing,0.38,false,,
374,Filip Lundstedt,Pool Pros Construction,familyhomeandpatio.com,true,filip.lundstedt@familyhomeandpatio.com,pattern-guessing,0.38,false,,
374,Filip Lundstedt,Pool Pros Construction,familyhomeandpatio.com,true,filiplundstedt@familyhomeandpatio.com,pattern-guessing,0.38,false,,
374,Filip Lundstedt,Pool Pros Construction,familyhomeandpatio.com,true,filip_lundstedt@familyhomeandpatio.com,pattern-guessing,0.38,false,,
374,Filip Lundstedt,Pool Pros Construction,familyhomeandpatio.com,true,flundstedt@familyhomeandpatio.com,pattern-guessing,0.38,false,,
374,Filip Lundstedt,Pool Pros Construction,familyhomeandpatio.com,true,f.lundstedt@familyhomeandpatio.com,pattern-guessing,0.38,false,,
374,Filip Lundstedt,Pool Pros Construction,familyhomeandpatio.com,true,filipl@familyhomeandpatio.com,pattern-guessing,0.38,false,,
375,Paula Kein,PopStroke,popstroke.com,true,info@popstroke.com,web-scraping,0.54,false,https://popstroke.com/contact,
375,Paula Kein,PopStroke,popstroke.com,true,paula@popstroke.com,pattern-guessing,0.38,false,,
375,Paula Kein,PopStroke,popstroke.com,true,paula.kein@popstroke.com,pattern-guessing,0.38,false,,
375,Paula Kein,PopStroke,popstroke.com,true,paulakein@popstroke.com,pattern-guessing,0.38,false,,
375,Paula Kein,PopStroke,popstroke.com,true,paula_kein@popstroke.com,pattern-guessing,0.38,false,,
375,Paula Kein,PopStroke,popstroke.com,true,pkein@popstroke.com,pattern-guessing,0.38,false,,
375,Paula Kein,PopStroke,popstroke.com,true,p.kein@popstroke.com,pattern-guessing,0.38,false,,
375,Paula Kein,PopStroke,popstroke.com,true,paulak@popstroke.com,pattern-guessing,0.38,false,,
376,Luis Panchi,"Premier Community Healthcare Group, Inc.",premier.one,true,help@premier.one,web-scraping,0.72,false,https://premier.one/,
376,Luis Panchi,"Premier Community Healthcare Group, Inc.",premier.one,true,b2b@premier.one,web-scraping,0.72,false,https://premier.one/,
376,Luis Panchi,"Premier Community Healthcare Group, Inc.",premier.one,true,luis@premier.one,pattern-guessing,0.38,false,,
376,Luis Panchi,"Premier Community Healthcare Group, Inc.",premier.one,true,luis.panchi@premier.one,pattern-guessing,0.38,false,,
376,Luis Panchi,"Premier Community Healthcare Group, Inc.",premier.one,true,luispanchi@premier.one,pattern-guessing,0.38,false,,
376,Luis Panchi,"Premier Community Healthcare Group, Inc.",premier.one,true,luis_panchi@premier.one,pattern-guessing,0.38,false,,
376,Luis Panchi,"Premier Community Healthcare Group, Inc.",premier.one,true,lpanchi@premier.one,pattern-guessing,0.38,false,,
376,Luis Panchi,"Premier Community Healthcare Group, Inc.",premier.one,true,l.panchi@premier.one,pattern-guessing,0.38,false,,
376,Luis Panchi,"Premier Community Healthcare Group, Inc.",premier.one,true,luisp@premier.one,pattern-guessing,0.38,false,,
377,Said Awad,Primrose School of Wesley Chapel,thespruce.com,true,said@thespruce.com,pattern-guessing,0.38,false,,
377,Said Awad,Primrose School of Wesley Chapel,thespruce.com,true,said.awad@thespruce.com,pattern-guessing,0.38,false,,
377,Said Awad,Primrose School of Wesley Chapel,thespruce.com,true,saidawad@thespruce.com,pattern-guessing,0.38,false,,
377,Said Awad,Primrose School of Wesley Chapel,thespruce.com,true,said_awad@thespruce.com,pattern-guessing,0.38,false,,
377,Said Awad,Primrose School of Wesley Chapel,thespruce.com,true,sawad@thespruce.com,pattern-guessing,0.38,false,,
377,Said Awad,Primrose School of Wesley Chapel,thespruce.com,true,s.awad@thespruce.com,pattern-guessing,0.38,false,,
377,Said Awad,Primrose School of Wesley Chapel,thespruce.com,true,saida@thespruce.com,pattern-guessing,0.38,false,,
378,Elizabeth Montante,ProCare Consulting,procareconsulting.com,true,elizabeth@procareconsulting.com,pattern-guessing,0.38,false,,
378,Elizabeth Montante,ProCare Consulting,procareconsulting.com,true,elizabeth.montante@procareconsulting.com,pattern-guessing,0.38,false,,
378,Elizabeth Montante,ProCare Consulting,procareconsulting.com,true,elizabethmontante@procareconsulting.com,pattern-guessing,0.38,false,,
378,Elizabeth Montante,ProCare Consulting,procareconsulting.com,true,elizabeth_montante@procareconsulting.com,pattern-guessing,0.38,false,,
378,Elizabeth Montante,ProCare Consulting,procareconsulting.com,true,emontante@procareconsulting.com,pattern-guessing,0.38,false,,
378,Elizabeth Montante,ProCare Consulting,procareconsulting.com,true,e.montante@procareconsulting.com,pattern-guessing,0.38,false,,
378,Elizabeth Montante,ProCare Consulting,procareconsulting.com,true,elizabethm@procareconsulting.com,pattern-guessing,0.38,false,,
379,Frank Gilmore,Promise Pointe Senior Living,promisepointeseniorliving.com,true,frank@promisepointeseniorliving.com,pattern-guessing,0.38,false,,
379,Frank Gilmore,Promise Pointe Senior Living,promisepointeseniorliving.com,true,frank.gilmore@promisepointeseniorliving.com,pattern-guessing,0.38,false,,
379,Frank Gilmore,Promise Pointe Senior Living,promisepointeseniorliving.com,true,frankgilmore@promisepointeseniorliving.com,pattern-guessing,0.38,false,,
379,Frank Gilmore,Promise Pointe Senior Living,promisepointeseniorliving.com,true,frank_gilmore@promisepointeseniorliving.com,pattern-guessing,0.38,false,,
379,Frank Gilmore,Promise Pointe Senior Living,promisepointeseniorliving.com,true,fgilmore@promisepointeseniorliving.com,pattern-guessing,0.38,false,,
379,Frank Gilmore,Promise Pointe Senior Living,promisepointeseniorliving.com,true,f.gilmore@promisepointeseniorliving.com,pattern-guessing,0.38,false,,
379,Frank Gilmore,Promise Pointe Senior Living,promisepointeseniorliving.com,true,frankg@promisepointeseniorliving.com,pattern-guessing,0.38,false,,
380,Stephanie Wielinski,PTSD Foundation of America,ptsdfoundationofamerica.com,false,stephanie@ptsdfoundationofamerica.com,pattern-guessing,0.18,false,,
380,Stephanie Wielinski,PTSD Foundation of America,ptsdfoundationofamerica.com,false,stephanie.wielinski@ptsdfoundationofamerica.com,pattern-guessing,0.18,false,,
380,Stephanie Wielinski,PTSD Foundation of America,ptsdfoundationofamerica.com,false,stephaniewielinski@ptsdfoundationofamerica.com,pattern-guessing,0.18,false,,
380,Stephanie Wielinski,PTSD Foundation of America,ptsdfoundationofamerica.com,false,stephanie_wielinski@ptsdfoundationofamerica.com,pattern-guessing,0.18,false,,
380,Stephanie Wielinski,PTSD Foundation of America,ptsdfoundationofamerica.com,false,swielinski@ptsdfoundationofamerica.com,pattern-guessing,0.18,false,,
380,Stephanie Wielinski,PTSD Foundation of America,ptsdfoundationofamerica.com,false,s.wielinski@ptsdfoundationofamerica.com,pattern-guessing,0.18,false,,
380,Stephanie Wielinski,PTSD Foundation of America,ptsdfoundationofamerica.com,false,stephaniew@ptsdfoundationofamerica.com,pattern-guessing,0.18,false,,
381,Ibrahim Mahmoud,PureVida Primary Care and Wellness,memberfirstmortgage.com,true,ibrahim@memberfirstmortgage.com,pattern-guessing,0.38,false,,
381,Ibrahim Mahmoud,PureVida Primary Care and Wellness,memberfirstmortgage.com,true,ibrahim.mahmoud@memberfirstmortgage.com,pattern-guessing,0.38,false,,
381,Ibrahim Mahmoud,PureVida Primary Care and Wellness,memberfirstmortgage.com,true,ibrahimmahmoud@memberfirstmortgage.com,pattern-guessing,0.38,false,,
381,Ibrahim Mahmoud,PureVida Primary Care and Wellness,memberfirstmortgage.com,true,ibrahim_mahmoud@memberfirstmortgage.com,pattern-guessing,0.38,false,,
381,Ibrahim Mahmoud,PureVida Primary Care and Wellness,memberfirstmortgage.com,true,imahmoud@memberfirstmortgage.com,pattern-guessing,0.38,false,,
381,Ibrahim Mahmoud,PureVida Primary Care and Wellness,memberfirstmortgage.com,true,i.mahmoud@memberfirstmortgage.com,pattern-guessing,0.38,false,,
381,Ibrahim Mahmoud,PureVida Primary Care and Wellness,memberfirstmortgage.com,true,ibrahimm@memberfirstmortgage.com,pattern-guessing,0.38,false,,
382,Sharon Hayes,Qdoba Mexican Eats,qdobamexicaneats.com,false,sharon@qdobamexicaneats.com,pattern-guessing,0.18,false,,
382,Sharon Hayes,Qdoba Mexican Eats,qdobamexicaneats.com,false,sharon.hayes@qdobamexicaneats.com,pattern-guessing,0.18,false,,
382,Sharon Hayes,Qdoba Mexican Eats,qdobamexicaneats.com,false,sharonhayes@qdobamexicaneats.com,pattern-guessing,0.18,false,,
382,Sharon Hayes,Qdoba Mexican Eats,qdobamexicaneats.com,false,sharon_hayes@qdobamexicaneats.com,pattern-guessing,0.18,false,,
382,Sharon Hayes,Qdoba Mexican Eats,qdobamexicaneats.com,false,shayes@qdobamexicaneats.com,pattern-guessing,0.18,false,,
382,Sharon Hayes,Qdoba Mexican Eats,qdobamexicaneats.com,false,s.hayes@qdobamexicaneats.com,pattern-guessing,0.18,false,,
382,Sharon Hayes,Qdoba Mexican Eats,qdobamexicaneats.com,false,sharonh@qdobamexicaneats.com,pattern-guessing,0.18,false,,
383,Johnathan McKeen-Chaff,Quail Run RV Resort,quailrunrvresort.com,false,johnathan@quailrunrvresort.com,pattern-guessing,0.18,false,,
383,Johnathan McKeen-Chaff,Quail Run RV Resort,quailrunrvresort.com,false,johnathan.mckeen-chaff@quailrunrvresort.com,pattern-guessing,0.18,false,,
383,Johnathan McKeen-Chaff,Quail Run RV Resort,quailrunrvresort.com,false,johnathanmckeen-chaff@quailrunrvresort.com,pattern-guessing,0.18,false,,
383,Johnathan McKeen-Chaff,Quail Run RV Resort,quailrunrvresort.com,false,johnathan_mckeen-chaff@quailrunrvresort.com,pattern-guessing,0.18,false,,
383,Johnathan McKeen-Chaff,Quail Run RV Resort,quailrunrvresort.com,false,jmckeen-chaff@quailrunrvresort.com,pattern-guessing,0.18,false,,
383,Johnathan McKeen-Chaff,Quail Run RV Resort,quailrunrvresort.com,false,j.mckeen-chaff@quailrunrvresort.com,pattern-guessing,0.18,false,,
383,Johnathan McKeen-Chaff,Quail Run RV Resort,quailrunrvresort.com,false,johnathanm@quailrunrvresort.com,pattern-guessing,0.18,false,,
384,William (Will) Abraham,Raising Cane's Chicken Fingers,raisingcaneschickenfingers.com,false,william@raisingcaneschickenfingers.com,pattern-guessing,0.18,false,,
384,William (Will) Abraham,Raising Cane's Chicken Fingers,raisingcaneschickenfingers.com,false,william.abraham@raisingcaneschickenfingers.com,pattern-guessing,0.18,false,,
384,William (Will) Abraham,Raising Cane's Chicken Fingers,raisingcaneschickenfingers.com,false,williamabraham@raisingcaneschickenfingers.com,pattern-guessing,0.18,false,,
384,William (Will) Abraham,Raising Cane's Chicken Fingers,raisingcaneschickenfingers.com,false,william_abraham@raisingcaneschickenfingers.com,pattern-guessing,0.18,false,,
384,William (Will) Abraham,Raising Cane's Chicken Fingers,raisingcaneschickenfingers.com,false,wabraham@raisingcaneschickenfingers.com,pattern-guessing,0.18,false,,
384,William (Will) Abraham,Raising Cane's Chicken Fingers,raisingcaneschickenfingers.com,false,w.abraham@raisingcaneschickenfingers.com,pattern-guessing,0.18,false,,
384,William (Will) Abraham,Raising Cane's Chicken Fingers,raisingcaneschickenfingers.com,false,williama@raisingcaneschickenfingers.com,pattern-guessing,0.18,false,,
385,John Rodrigues,Raymond James & Associates,raymondcorp.com,true,john@raymondcorp.com,pattern-guessing,0.38,false,,
385,John Rodrigues,Raymond James & Associates,raymondcorp.com,true,john.rodrigues@raymondcorp.com,pattern-guessing,0.38,false,,
385,John Rodrigues,Raymond James & Associates,raymondcorp.com,true,johnrodrigues@raymondcorp.com,pattern-guessing,0.38,false,,
385,John Rodrigues,Raymond James & Associates,raymondcorp.com,true,john_rodrigues@raymondcorp.com,pattern-guessing,0.38,false,,
385,John Rodrigues,Raymond James & Associates,raymondcorp.com,true,jrodrigues@raymondcorp.com,pattern-guessing,0.38,false,,
385,John Rodrigues,Raymond James & Associates,raymondcorp.com,true,j.rodrigues@raymondcorp.com,pattern-guessing,0.38,false,,
385,John Rodrigues,Raymond James & Associates,raymondcorp.com,true,johnr@raymondcorp.com,pattern-guessing,0.38,false,,
386,Patrick Turner,RE/MAX Alliance Group,reddit.com,true,patrick@reddit.com,pattern-guessing,0.38,false,,
386,Patrick Turner,RE/MAX Alliance Group,reddit.com,true,patrick.turner@reddit.com,pattern-guessing,0.38,false,,
386,Patrick Turner,RE/MAX Alliance Group,reddit.com,true,patrickturner@reddit.com,pattern-guessing,0.38,false,,
386,Patrick Turner,RE/MAX Alliance Group,reddit.com,true,patrick_turner@reddit.com,pattern-guessing,0.38,false,,
386,Patrick Turner,RE/MAX Alliance Group,reddit.com,true,pturner@reddit.com,pattern-guessing,0.38,false,,
386,Patrick Turner,RE/MAX Alliance Group,reddit.com,true,p.turner@reddit.com,pattern-guessing,0.38,false,,
386,Patrick Turner,RE/MAX Alliance Group,reddit.com,true,patrickt@reddit.com,pattern-guessing,0.38,false,,
387,Kris-Eric Surillo,Ready Nation Contractors,readynationcontractors.com,false,kris-eric@readynationcontractors.com,pattern-guessing,0.18,false,,
387,Kris-Eric Surillo,Ready Nation Contractors,readynationcontractors.com,false,kris-eric.surillo@readynationcontractors.com,pattern-guessing,0.18,false,,
387,Kris-Eric Surillo,Ready Nation Contractors,readynationcontractors.com,false,kris-ericsurillo@readynationcontractors.com,pattern-guessing,0.18,false,,
387,Kris-Eric Surillo,Ready Nation Contractors,readynationcontractors.com,false,kris-eric_surillo@readynationcontractors.com,pattern-guessing,0.18,false,,
387,Kris-Eric Surillo,Ready Nation Contractors,readynationcontractors.com,false,ksurillo@readynationcontractors.com,pattern-guessing,0.18,false,,
387,Kris-Eric Surillo,Ready Nation Contractors,readynationcontractors.com,false,k.surillo@readynationcontractors.com,pattern-guessing,0.18,false,,
387,Kris-Eric Surillo,Ready Nation Contractors,readynationcontractors.com,false,kris-erics@readynationcontractors.com,pattern-guessing,0.18,false,,
388,Stephanie Brown,Ready Wealth Advisors,readywealthadvisors.com,true,will@readywealthadvisors.com,web-scraping,0.72,false,https://readywealthadvisors.com/,
388,Stephanie Brown,Ready Wealth Advisors,readywealthadvisors.com,true,ray@readywealthadvisors.com,web-scraping,0.72,false,https://readywealthadvisors.com/about-us,
388,Stephanie Brown,Ready Wealth Advisors,readywealthadvisors.com,true,jessica@readywealthadvisors.com,web-scraping,0.72,false,https://readywealthadvisors.com/about-us,
388,Stephanie Brown,Ready Wealth Advisors,readywealthadvisors.com,true,stephanie@readywealthadvisors.com,pattern-guessing,0.38,false,,
388,Stephanie Brown,Ready Wealth Advisors,readywealthadvisors.com,true,stephanie.brown@readywealthadvisors.com,pattern-guessing,0.38,false,,
388,Stephanie Brown,Ready Wealth Advisors,readywealthadvisors.com,true,stephaniebrown@readywealthadvisors.com,pattern-guessing,0.38,false,,
388,Stephanie Brown,Ready Wealth Advisors,readywealthadvisors.com,true,stephanie_brown@readywealthadvisors.com,pattern-guessing,0.38,false,,
388,Stephanie Brown,Ready Wealth Advisors,readywealthadvisors.com,true,sbrown@readywealthadvisors.com,pattern-guessing,0.38,false,,
388,Stephanie Brown,Ready Wealth Advisors,readywealthadvisors.com,true,s.brown@readywealthadvisors.com,pattern-guessing,0.38,false,,
388,Stephanie Brown,Ready Wealth Advisors,readywealthadvisors.com,true,stephanieb@readywealthadvisors.com,pattern-guessing,0.38,false,,
389,Cathleen Johns,Red Eagle Flooring,reddit.com,true,cathleen@reddit.com,pattern-guessing,0.38,false,,
389,Cathleen Johns,Red Eagle Flooring,reddit.com,true,cathleen.johns@reddit.com,pattern-guessing,0.38,false,,
389,Cathleen Johns,Red Eagle Flooring,reddit.com,true,cathleenjohns@reddit.com,pattern-guessing,0.38,false,,
389,Cathleen Johns,Red Eagle Flooring,reddit.com,true,cathleen_johns@reddit.com,pattern-guessing,0.38,false,,
389,Cathleen Johns,Red Eagle Flooring,reddit.com,true,cjohns@reddit.com,pattern-guessing,0.38,false,,
389,Cathleen Johns,Red Eagle Flooring,reddit.com,true,c.johns@reddit.com,pattern-guessing,0.38,false,,
389,Cathleen Johns,Red Eagle Flooring,reddit.com,true,cathleenj@reddit.com,pattern-guessing,0.38,false,,
390,Sehreen Mumtaz,Refined Marketing Agency,refinedmarketingagency.com,true,info@refinedmarketingagency.com,web-scraping,0.54,false,https://refinedmarketingagency.com/,
390,Sehreen Mumtaz,Refined Marketing Agency,refinedmarketingagency.com,true,sehreen@refinedmarketingagency.com,pattern-guessing,0.38,false,,
390,Sehreen Mumtaz,Refined Marketing Agency,refinedmarketingagency.com,true,sehreen.mumtaz@refinedmarketingagency.com,pattern-guessing,0.38,false,,
390,Sehreen Mumtaz,Refined Marketing Agency,refinedmarketingagency.com,true,sehreenmumtaz@refinedmarketingagency.com,pattern-guessing,0.38,false,,
390,Sehreen Mumtaz,Refined Marketing Agency,refinedmarketingagency.com,true,sehreen_mumtaz@refinedmarketingagency.com,pattern-guessing,0.38,false,,
390,Sehreen Mumtaz,Refined Marketing Agency,refinedmarketingagency.com,true,smumtaz@refinedmarketingagency.com,pattern-guessing,0.38,false,,
390,Sehreen Mumtaz,Refined Marketing Agency,refinedmarketingagency.com,true,s.mumtaz@refinedmarketingagency.com,pattern-guessing,0.38,false,,
390,Sehreen Mumtaz,Refined Marketing Agency,refinedmarketingagency.com,true,sehreenm@refinedmarketingagency.com,pattern-guessing,0.38,false,,
391,KEVIN RIGGS,Regions - Collier Parkway,regions-collierparkway.com,false,kevin@regions-collierparkway.com,pattern-guessing,0.18,false,,
391,KEVIN RIGGS,Regions - Collier Parkway,regions-collierparkway.com,false,kevin.riggs@regions-collierparkway.com,pattern-guessing,0.18,false,,
391,KEVIN RIGGS,Regions - Collier Parkway,regions-collierparkway.com,false,kevinriggs@regions-collierparkway.com,pattern-guessing,0.18,false,,
391,KEVIN RIGGS,Regions - Collier Parkway,regions-collierparkway.com,false,kevin_riggs@regions-collierparkway.com,pattern-guessing,0.18,false,,
391,KEVIN RIGGS,Regions - Collier Parkway,regions-collierparkway.com,false,kriggs@regions-collierparkway.com,pattern-guessing,0.18,false,,
391,KEVIN RIGGS,Regions - Collier Parkway,regions-collierparkway.com,false,k.riggs@regions-collierparkway.com,pattern-guessing,0.18,false,,
391,KEVIN RIGGS,Regions - Collier Parkway,regions-collierparkway.com,false,kevinr@regions-collierparkway.com,pattern-guessing,0.18,false,,
392,Zach Vardaman,Regions Bank - Bruce B. Downs,regionsbank-brucebdowns.com,false,zach@regionsbank-brucebdowns.com,pattern-guessing,0.18,false,,
392,Zach Vardaman,Regions Bank - Bruce B. Downs,regionsbank-brucebdowns.com,false,zach.vardaman@regionsbank-brucebdowns.com,pattern-guessing,0.18,false,,
392,Zach Vardaman,Regions Bank - Bruce B. Downs,regionsbank-brucebdowns.com,false,zachvardaman@regionsbank-brucebdowns.com,pattern-guessing,0.18,false,,
392,Zach Vardaman,Regions Bank - Bruce B. Downs,regionsbank-brucebdowns.com,false,zach_vardaman@regionsbank-brucebdowns.com,pattern-guessing,0.18,false,,
392,Zach Vardaman,Regions Bank - Bruce B. Downs,regionsbank-brucebdowns.com,false,zvardaman@regionsbank-brucebdowns.com,pattern-guessing,0.18,false,,
392,Zach Vardaman,Regions Bank - Bruce B. Downs,regionsbank-brucebdowns.com,false,z.vardaman@regionsbank-brucebdowns.com,pattern-guessing,0.18,false,,
392,Zach Vardaman,Regions Bank - Bruce B. Downs,regionsbank-brucebdowns.com,false,zachv@regionsbank-brucebdowns.com,pattern-guessing,0.18,false,,
393,Rebecca Hayes,Regions Bank - Trinity,regionsbank-trinity.com,false,rebecca@regionsbank-trinity.com,pattern-guessing,0.18,false,,
393,Rebecca Hayes,Regions Bank - Trinity,regionsbank-trinity.com,false,rebecca.hayes@regionsbank-trinity.com,pattern-guessing,0.18,false,,
393,Rebecca Hayes,Regions Bank - Trinity,regionsbank-trinity.com,false,rebeccahayes@regionsbank-trinity.com,pattern-guessing,0.18,false,,
393,Rebecca Hayes,Regions Bank - Trinity,regionsbank-trinity.com,false,rebecca_hayes@regionsbank-trinity.com,pattern-guessing,0.18,false,,
393,Rebecca Hayes,Regions Bank - Trinity,regionsbank-trinity.com,false,rhayes@regionsbank-trinity.com,pattern-guessing,0.18,false,,
393,Rebecca Hayes,Regions Bank - Trinity,regionsbank-trinity.com,false,r.hayes@regionsbank-trinity.com,pattern-guessing,0.18,false,,
393,Rebecca Hayes,Regions Bank - Trinity,regionsbank-trinity.com,false,rebeccah@regionsbank-trinity.com,pattern-guessing,0.18,false,,
394,Ricardo Groenke,Remission Rheumatology PLLC,remissionrheumatology.com,false,ricardo@remissionrheumatology.com,pattern-guessing,0.18,false,,
394,Ricardo Groenke,Remission Rheumatology PLLC,remissionrheumatology.com,false,ricardo.groenke@remissionrheumatology.com,pattern-guessing,0.18,false,,
394,Ricardo Groenke,Remission Rheumatology PLLC,remissionrheumatology.com,false,ricardogroenke@remissionrheumatology.com,pattern-guessing,0.18,false,,
394,Ricardo Groenke,Remission Rheumatology PLLC,remissionrheumatology.com,false,ricardo_groenke@remissionrheumatology.com,pattern-guessing,0.18,false,,
394,Ricardo Groenke,Remission Rheumatology PLLC,remissionrheumatology.com,false,rgroenke@remissionrheumatology.com,pattern-guessing,0.18,false,,
394,Ricardo Groenke,Remission Rheumatology PLLC,remissionrheumatology.com,false,r.groenke@remissionrheumatology.com,pattern-guessing,0.18,false,,
394,Ricardo Groenke,Remission Rheumatology PLLC,remissionrheumatology.com,false,ricardog@remissionrheumatology.com,pattern-guessing,0.18,false,,
395,Tayler Hadley,Renaissance Consulting and Development LLC,renaissanceconsultinganddevelopment.com,false,tayler@renaissanceconsultinganddevelopment.com,pattern-guessing,0.18,false,,
395,Tayler Hadley,Renaissance Consulting and Development LLC,renaissanceconsultinganddevelopment.com,false,tayler.hadley@renaissanceconsultinganddevelopment.com,pattern-guessing,0.18,false,,
395,Tayler Hadley,Renaissance Consulting and Development LLC,renaissanceconsultinganddevelopment.com,false,taylerhadley@renaissanceconsultinganddevelopment.com,pattern-guessing,0.18,false,,
395,Tayler Hadley,Renaissance Consulting and Development LLC,renaissanceconsultinganddevelopment.com,false,tayler_hadley@renaissanceconsultinganddevelopment.com,pattern-guessing,0.18,false,,
395,Tayler Hadley,Renaissance Consulting and Development LLC,renaissanceconsultinganddevelopment.com,false,thadley@renaissanceconsultinganddevelopment.com,pattern-guessing,0.18,false,,
395,Tayler Hadley,Renaissance Consulting and Development LLC,renaissanceconsultinganddevelopment.com,false,t.hadley@renaissanceconsultinganddevelopment.com,pattern-guessing,0.18,false,,
395,Tayler Hadley,Renaissance Consulting and Development LLC,renaissanceconsultinganddevelopment.com,false,taylerh@renaissanceconsultinganddevelopment.com,pattern-guessing,0.18,false,,
396,Rossaue Hosein,Republic Finance,republicfinance.com,true,rossaue@republicfinance.com,pattern-guessing,0.38,false,,
396,Rossaue Hosein,Republic Finance,republicfinance.com,true,rossaue.hosein@republicfinance.com,pattern-guessing,0.38,false,,
396,Rossaue Hosein,Republic Finance,republicfinance.com,true,rossauehosein@republicfinance.com,pattern-guessing,0.38,false,,
396,Rossaue Hosein,Republic Finance,republicfinance.com,true,rossaue_hosein@republicfinance.com,pattern-guessing,0.38,false,,
396,Rossaue Hosein,Republic Finance,republicfinance.com,true,rhosein@republicfinance.com,pattern-guessing,0.38,false,,
396,Rossaue Hosein,Republic Finance,republicfinance.com,true,r.hosein@republicfinance.com,pattern-guessing,0.38,false,,
396,Rossaue Hosein,Republic Finance,republicfinance.com,true,rossaueh@republicfinance.com,pattern-guessing,0.38,false,,
397,Charles Haney,Residence Inn by Marriott Tampa Wesley Chapel,residenceinnbymarriotttampawesleychapel.com,false,charles@residenceinnbymarriotttampawesleychapel.com,pattern-guessing,0.18,false,,
397,Charles Haney,Residence Inn by Marriott Tampa Wesley Chapel,residenceinnbymarriotttampawesleychapel.com,false,charles.haney@residenceinnbymarriotttampawesleychapel.com,pattern-guessing,0.18,false,,
397,Charles Haney,Residence Inn by Marriott Tampa Wesley Chapel,residenceinnbymarriotttampawesleychapel.com,false,charleshaney@residenceinnbymarriotttampawesleychapel.com,pattern-guessing,0.18,false,,
397,Charles Haney,Residence Inn by Marriott Tampa Wesley Chapel,residenceinnbymarriotttampawesleychapel.com,false,charles_haney@residenceinnbymarriotttampawesleychapel.com,pattern-guessing,0.18,false,,
397,Charles Haney,Residence Inn by Marriott Tampa Wesley Chapel,residenceinnbymarriotttampawesleychapel.com,false,chaney@residenceinnbymarriotttampawesleychapel.com,pattern-guessing,0.18,false,,
397,Charles Haney,Residence Inn by Marriott Tampa Wesley Chapel,residenceinnbymarriotttampawesleychapel.com,false,c.haney@residenceinnbymarriotttampawesleychapel.com,pattern-guessing,0.18,false,,
397,Charles Haney,Residence Inn by Marriott Tampa Wesley Chapel,residenceinnbymarriotttampawesleychapel.com,false,charlesh@residenceinnbymarriotttampawesleychapel.com,pattern-guessing,0.18,false,,
398,Sharon Rogers,RG Studio LLC,rolandgarros.com,true,webmaster@rolandgarros.com,web-scraping,0.72,false,https://rolandgarros.com/,
398,Sharon Rogers,RG Studio LLC,rolandgarros.com,true,info@rolandgarros.com,web-scraping,0.54,false,https://rolandgarros.com/,
398,Sharon Rogers,RG Studio LLC,rolandgarros.com,true,sharon@rolandgarros.com,pattern-guessing,0.38,false,,
398,Sharon Rogers,RG Studio LLC,rolandgarros.com,true,sharon.rogers@rolandgarros.com,pattern-guessing,0.38,false,,
398,Sharon Rogers,RG Studio LLC,rolandgarros.com,true,sharonrogers@rolandgarros.com,pattern-guessing,0.38,false,,
398,Sharon Rogers,RG Studio LLC,rolandgarros.com,true,sharon_rogers@rolandgarros.com,pattern-guessing,0.38,false,,
398,Sharon Rogers,RG Studio LLC,rolandgarros.com,true,srogers@rolandgarros.com,pattern-guessing,0.38,false,,
398,Sharon Rogers,RG Studio LLC,rolandgarros.com,true,s.rogers@rolandgarros.com,pattern-guessing,0.38,false,,
398,Sharon Rogers,RG Studio LLC,rolandgarros.com,true,sharonr@rolandgarros.com,pattern-guessing,0.38,false,,
399,Rolando Mojarrieta,"RJ Kielty Plumbing, Heating",rj.com,true,rolando@rj.com,pattern-guessing,0.38,false,,
399,Rolando Mojarrieta,"RJ Kielty Plumbing, Heating",rj.com,true,rolando.mojarrieta@rj.com,pattern-guessing,0.38,false,,
399,Rolando Mojarrieta,"RJ Kielty Plumbing, Heating",rj.com,true,rolandomojarrieta@rj.com,pattern-guessing,0.38,false,,
399,Rolando Mojarrieta,"RJ Kielty Plumbing, Heating",rj.com,true,rolando_mojarrieta@rj.com,pattern-guessing,0.38,false,,
399,Rolando Mojarrieta,"RJ Kielty Plumbing, Heating",rj.com,true,rmojarrieta@rj.com,pattern-guessing,0.38,false,,
399,Rolando Mojarrieta,"RJ Kielty Plumbing, Heating",rj.com,true,r.mojarrieta@rj.com,pattern-guessing,0.38,false,,
399,Rolando Mojarrieta,"RJ Kielty Plumbing, Heating",rj.com,true,rolandom@rj.com,pattern-guessing,0.38,false,,
400,Pamela Ames,RJH Insurance Solutions,rjh-consultants.com,true,pamela@rjh-consultants.com,pattern-guessing,0.38,false,,
400,Pamela Ames,RJH Insurance Solutions,rjh-consultants.com,true,pamela.ames@rjh-consultants.com,pattern-guessing,0.38,false,,
400,Pamela Ames,RJH Insurance Solutions,rjh-consultants.com,true,pamelaames@rjh-consultants.com,pattern-guessing,0.38,false,,
400,Pamela Ames,RJH Insurance Solutions,rjh-consultants.com,true,pamela_ames@rjh-consultants.com,pattern-guessing,0.38,false,,
400,Pamela Ames,RJH Insurance Solutions,rjh-consultants.com,true,pames@rjh-consultants.com,pattern-guessing,0.38,false,,
400,Pamela Ames,RJH Insurance Solutions,rjh-consultants.com,true,p.ames@rjh-consultants.com,pattern-guessing,0.38,false,,
400,Pamela Ames,RJH Insurance Solutions,rjh-consultants.com,true,pamelaa@rjh-consultants.com,pattern-guessing,0.38,false,,
401,Alison Lucin,Rodizio Grill,rodiziogrill.com,true,alison@rodiziogrill.com,pattern-guessing,0.38,false,,
401,Alison Lucin,Rodizio Grill,rodiziogrill.com,true,alison.lucin@rodiziogrill.com,pattern-guessing,0.38,false,,
401,Alison Lucin,Rodizio Grill,rodiziogrill.com,true,alisonlucin@rodiziogrill.com,pattern-guessing,0.38,false,,
401,Alison Lucin,Rodizio Grill,rodiziogrill.com,true,alison_lucin@rodiziogrill.com,pattern-guessing,0.38,false,,
401,Alison Lucin,Rodizio Grill,rodiziogrill.com,true,alucin@rodiziogrill.com,pattern-guessing,0.38,false,,
401,Alison Lucin,Rodizio Grill,rodiziogrill.com,true,a.lucin@rodiziogrill.com,pattern-guessing,0.38,false,,
401,Alison Lucin,Rodizio Grill,rodiziogrill.com,true,alisonl@rodiziogrill.com,pattern-guessing,0.38,false,,
402,Kent Ross,"Roger Baum Intl. Exports, Inc.",rogerbaumintlexports.com,false,kent@rogerbaumintlexports.com,pattern-guessing,0.18,false,,
402,Kent Ross,"Roger Baum Intl. Exports, Inc.",rogerbaumintlexports.com,false,kent.ross@rogerbaumintlexports.com,pattern-guessing,0.18,false,,
402,Kent Ross,"Roger Baum Intl. Exports, Inc.",rogerbaumintlexports.com,false,kentross@rogerbaumintlexports.com,pattern-guessing,0.18,false,,
402,Kent Ross,"Roger Baum Intl. Exports, Inc.",rogerbaumintlexports.com,false,kent_ross@rogerbaumintlexports.com,pattern-guessing,0.18,false,,
402,Kent Ross,"Roger Baum Intl. Exports, Inc.",rogerbaumintlexports.com,false,kross@rogerbaumintlexports.com,pattern-guessing,0.18,false,,
402,Kent Ross,"Roger Baum Intl. Exports, Inc.",rogerbaumintlexports.com,false,k.ross@rogerbaumintlexports.com,pattern-guessing,0.18,false,,
402,Kent Ross,"Roger Baum Intl. Exports, Inc.",rogerbaumintlexports.com,false,kentr@rogerbaumintlexports.com,pattern-guessing,0.18,false,,
403,Roger Kasouf,Rolando's H.V.A.C.,rolandoshvac.com,true,tampa@rolandoshvac.com,web-scraping,0.72,false,https://rolandoshvac.com/,
403,Roger Kasouf,Rolando's H.V.A.C.,rolandoshvac.com,true,brandon@rolandoshvac.com,web-scraping,0.72,false,https://rolandoshvac.com/,
403,Roger Kasouf,Rolando's H.V.A.C.,rolandoshvac.com,true,rolando.m@rolandoshvac.com,web-scraping,0.72,false,https://rolandoshvac.com/,
403,Roger Kasouf,Rolando's H.V.A.C.,rolandoshvac.com,true,info@rolandoshvac.com,web-scraping,0.54,false,https://rolandoshvac.com/,
403,Roger Kasouf,Rolando's H.V.A.C.,rolandoshvac.com,true,roger@rolandoshvac.com,pattern-guessing,0.38,false,,
403,Roger Kasouf,Rolando's H.V.A.C.,rolandoshvac.com,true,roger.kasouf@rolandoshvac.com,pattern-guessing,0.38,false,,
403,Roger Kasouf,Rolando's H.V.A.C.,rolandoshvac.com,true,rogerkasouf@rolandoshvac.com,pattern-guessing,0.38,false,,
403,Roger Kasouf,Rolando's H.V.A.C.,rolandoshvac.com,true,roger_kasouf@rolandoshvac.com,pattern-guessing,0.38,false,,
403,Roger Kasouf,Rolando's H.V.A.C.,rolandoshvac.com,true,rkasouf@rolandoshvac.com,pattern-guessing,0.38,false,,
403,Roger Kasouf,Rolando's H.V.A.C.,rolandoshvac.com,true,r.kasouf@rolandoshvac.com,pattern-guessing,0.38,false,,
403,Roger Kasouf,Rolando's H.V.A.C.,rolandoshvac.com,true,rogerk@rolandoshvac.com,pattern-guessing,0.38,false,,
404,Schiller Daux,"RoofElite, LLC",roofelite.com,true,schiller@roofelite.com,pattern-guessing,0.38,false,,
404,Schiller Daux,"RoofElite, LLC",roofelite.com,true,schiller.daux@roofelite.com,pattern-guessing,0.38,false,,
404,Schiller Daux,"RoofElite, LLC",roofelite.com,true,schillerdaux@roofelite.com,pattern-guessing,0.38,false,,
404,Schiller Daux,"RoofElite, LLC",roofelite.com,true,schiller_daux@roofelite.com,pattern-guessing,0.38,false,,
404,Schiller Daux,"RoofElite, LLC",roofelite.com,true,sdaux@roofelite.com,pattern-guessing,0.38,false,,
404,Schiller Daux,"RoofElite, LLC",roofelite.com,true,s.daux@roofelite.com,pattern-guessing,0.38,false,,
404,Schiller Daux,"RoofElite, LLC",roofelite.com,true,schillerd@roofelite.com,pattern-guessing,0.38,false,,
405,Anne Springstead,Rotary Club of Wesley Chapel,rotaryclubofwesleychapel.com,false,anne@rotaryclubofwesleychapel.com,pattern-guessing,0.18,false,,
405,Anne Springstead,Rotary Club of Wesley Chapel,rotaryclubofwesleychapel.com,false,anne.springstead@rotaryclubofwesleychapel.com,pattern-guessing,0.18,false,,
405,Anne Springstead,Rotary Club of Wesley Chapel,rotaryclubofwesleychapel.com,false,annespringstead@rotaryclubofwesleychapel.com,pattern-guessing,0.18,false,,
405,Anne Springstead,Rotary Club of Wesley Chapel,rotaryclubofwesleychapel.com,false,anne_springstead@rotaryclubofwesleychapel.com,pattern-guessing,0.18,false,,
405,Anne Springstead,Rotary Club of Wesley Chapel,rotaryclubofwesleychapel.com,false,aspringstead@rotaryclubofwesleychapel.com,pattern-guessing,0.18,false,,
405,Anne Springstead,Rotary Club of Wesley Chapel,rotaryclubofwesleychapel.com,false,a.springstead@rotaryclubofwesleychapel.com,pattern-guessing,0.18,false,,
405,Anne Springstead,Rotary Club of Wesley Chapel,rotaryclubofwesleychapel.com,false,annes@rotaryclubofwesleychapel.com,pattern-guessing,0.18,false,,
406,Richelle Horvath,RP&G Printing,rprepository.com,true,admin@rprepository.com,web-scraping,0.54,false,https://rprepository.com/contact,
406,Richelle Horvath,RP&G Printing,rprepository.com,true,richelle@rprepository.com,pattern-guessing,0.38,false,,
406,Richelle Horvath,RP&G Printing,rprepository.com,true,richelle.horvath@rprepository.com,pattern-guessing,0.38,false,,
406,Richelle Horvath,RP&G Printing,rprepository.com,true,richellehorvath@rprepository.com,pattern-guessing,0.38,false,,
406,Richelle Horvath,RP&G Printing,rprepository.com,true,richelle_horvath@rprepository.com,pattern-guessing,0.38,false,,
406,Richelle Horvath,RP&G Printing,rprepository.com,true,rhorvath@rprepository.com,pattern-guessing,0.38,false,,
406,Richelle Horvath,RP&G Printing,rprepository.com,true,r.horvath@rprepository.com,pattern-guessing,0.38,false,,
406,Richelle Horvath,RP&G Printing,rprepository.com,true,richelleh@rprepository.com,pattern-guessing,0.38,false,,
407,Ms. Kate Sessa,RPM Printing & Marketing,rpmprintingandmarketing.com,false,ms@rpmprintingandmarketing.com,pattern-guessing,0.18,false,,
407,Ms. Kate Sessa,RPM Printing & Marketing,rpmprintingandmarketing.com,false,ms.sessa@rpmprintingandmarketing.com,pattern-guessing,0.18,false,,
407,Ms. Kate Sessa,RPM Printing & Marketing,rpmprintingandmarketing.com,false,mssessa@rpmprintingandmarketing.com,pattern-guessing,0.18,false,,
407,Ms. Kate Sessa,RPM Printing & Marketing,rpmprintingandmarketing.com,false,ms_sessa@rpmprintingandmarketing.com,pattern-guessing,0.18,false,,
407,Ms. Kate Sessa,RPM Printing & Marketing,rpmprintingandmarketing.com,false,msessa@rpmprintingandmarketing.com,pattern-guessing,0.18,false,,
407,Ms. Kate Sessa,RPM Printing & Marketing,rpmprintingandmarketing.com,false,m.sessa@rpmprintingandmarketing.com,pattern-guessing,0.18,false,,
407,Ms. Kate Sessa,RPM Printing & Marketing,rpmprintingandmarketing.com,false,mss@rpmprintingandmarketing.com,pattern-guessing,0.18,false,,
408,Gabriella Collard,"S.G.D. Communications, Inc.",sgdcommunications.com,true,gabriella@sgdcommunications.com,pattern-guessing,0.38,false,,
408,Gabriella Collard,"S.G.D. Communications, Inc.",sgdcommunications.com,true,gabriella.collard@sgdcommunications.com,pattern-guessing,0.38,false,,
408,Gabriella Collard,"S.G.D. Communications, Inc.",sgdcommunications.com,true,gabriellacollard@sgdcommunications.com,pattern-guessing,0.38,false,,
408,Gabriella Collard,"S.G.D. Communications, Inc.",sgdcommunications.com,true,gabriella_collard@sgdcommunications.com,pattern-guessing,0.38,false,,
408,Gabriella Collard,"S.G.D. Communications, Inc.",sgdcommunications.com,true,gcollard@sgdcommunications.com,pattern-guessing,0.38,false,,
408,Gabriella Collard,"S.G.D. Communications, Inc.",sgdcommunications.com,true,g.collard@sgdcommunications.com,pattern-guessing,0.38,false,,
408,Gabriella Collard,"S.G.D. Communications, Inc.",sgdcommunications.com,true,gabriellac@sgdcommunications.com,pattern-guessing,0.38,false,,
409,Jerry Gray,Sage Dental,sagedental.com,true,info@sagedental.com,web-scraping,0.54,false,https://sagedental.com/,
409,Jerry Gray,Sage Dental,sagedental.com,true,jerry@sagedental.com,pattern-guessing,0.38,false,,
409,Jerry Gray,Sage Dental,sagedental.com,true,jerry.gray@sagedental.com,pattern-guessing,0.38,false,,
409,Jerry Gray,Sage Dental,sagedental.com,true,jerrygray@sagedental.com,pattern-guessing,0.38,false,,
409,Jerry Gray,Sage Dental,sagedental.com,true,jerry_gray@sagedental.com,pattern-guessing,0.38,false,,
409,Jerry Gray,Sage Dental,sagedental.com,true,jgray@sagedental.com,pattern-guessing,0.38,false,,
409,Jerry Gray,Sage Dental,sagedental.com,true,j.gray@sagedental.com,pattern-guessing,0.38,false,,
409,Jerry Gray,Sage Dental,sagedental.com,true,jerryg@sagedental.com,pattern-guessing,0.38,false,,
410,Amanda Alvarez,Sam's Club - Wesley Chapel,samsclub-wesleychapel.com,false,amanda@samsclub-wesleychapel.com,pattern-guessing,0.18,false,,
410,Amanda Alvarez,Sam's Club - Wesley Chapel,samsclub-wesleychapel.com,false,amanda.alvarez@samsclub-wesleychapel.com,pattern-guessing,0.18,false,,
410,Amanda Alvarez,Sam's Club - Wesley Chapel,samsclub-wesleychapel.com,false,amandaalvarez@samsclub-wesleychapel.com,pattern-guessing,0.18,false,,
410,Amanda Alvarez,Sam's Club - Wesley Chapel,samsclub-wesleychapel.com,false,amanda_alvarez@samsclub-wesleychapel.com,pattern-guessing,0.18,false,,
410,Amanda Alvarez,Sam's Club - Wesley Chapel,samsclub-wesleychapel.com,false,aalvarez@samsclub-wesleychapel.com,pattern-guessing,0.18,false,,
410,Amanda Alvarez,Sam's Club - Wesley Chapel,samsclub-wesleychapel.com,false,a.alvarez@samsclub-wesleychapel.com,pattern-guessing,0.18,false,,
410,Amanda Alvarez,Sam's Club - Wesley Chapel,samsclub-wesleychapel.com,false,amandaa@samsclub-wesleychapel.com,pattern-guessing,0.18,false,,
411,Shane Evans,San Antonio Citizens Federal Credit Union,san.org,true,shane@san.org,pattern-guessing,0.38,false,,
411,Shane Evans,San Antonio Citizens Federal Credit Union,san.org,true,shane.evans@san.org,pattern-guessing,0.38,false,,
411,Shane Evans,San Antonio Citizens Federal Credit Union,san.org,true,shaneevans@san.org,pattern-guessing,0.38,false,,
411,Shane Evans,San Antonio Citizens Federal Credit Union,san.org,true,shane_evans@san.org,pattern-guessing,0.38,false,,
411,Shane Evans,San Antonio Citizens Federal Credit Union,san.org,true,sevans@san.org,pattern-guessing,0.38,false,,
411,Shane Evans,San Antonio Citizens Federal Credit Union,san.org,true,s.evans@san.org,pattern-guessing,0.38,false,,
411,Shane Evans,San Antonio Citizens Federal Credit Union,san.org,true,shanee@san.org,pattern-guessing,0.38,false,,
412,"Don Snyder, MBA, CFP®",Sarah Vande Berg Tennis & Wellness Center,paciente.sarah.br,false,don@paciente.sarah.br,pattern-guessing,0.18,false,,
412,"Don Snyder, MBA, CFP®",Sarah Vande Berg Tennis & Wellness Center,paciente.sarah.br,false,don.cfp@paciente.sarah.br,pattern-guessing,0.18,false,,
412,"Don Snyder, MBA, CFP®",Sarah Vande Berg Tennis & Wellness Center,paciente.sarah.br,false,doncfp@paciente.sarah.br,pattern-guessing,0.18,false,,
412,"Don Snyder, MBA, CFP®",Sarah Vande Berg Tennis & Wellness Center,paciente.sarah.br,false,don_cfp@paciente.sarah.br,pattern-guessing,0.18,false,,
412,"Don Snyder, MBA, CFP®",Sarah Vande Berg Tennis & Wellness Center,paciente.sarah.br,false,dcfp@paciente.sarah.br,pattern-guessing,0.18,false,,
412,"Don Snyder, MBA, CFP®",Sarah Vande Berg Tennis & Wellness Center,paciente.sarah.br,false,d.cfp@paciente.sarah.br,pattern-guessing,0.18,false,,
412,"Don Snyder, MBA, CFP®",Sarah Vande Berg Tennis & Wellness Center,paciente.sarah.br,false,donc@paciente.sarah.br,pattern-guessing,0.18,false,,
413,Michelle Carter,Scafom North America,scafomnorthamerica.com,false,michelle@scafomnorthamerica.com,pattern-guessing,0.18,false,,
413,Michelle Carter,Scafom North America,scafomnorthamerica.com,false,michelle.carter@scafomnorthamerica.com,pattern-guessing,0.18,false,,
413,Michelle Carter,Scafom North America,scafomnorthamerica.com,false,michellecarter@scafomnorthamerica.com,pattern-guessing,0.18,false,,
413,Michelle Carter,Scafom North America,scafomnorthamerica.com,false,michelle_carter@scafomnorthamerica.com,pattern-guessing,0.18,false,,
413,Michelle Carter,Scafom North America,scafomnorthamerica.com,false,mcarter@scafomnorthamerica.com,pattern-guessing,0.18,false,,
413,Michelle Carter,Scafom North America,scafomnorthamerica.com,false,m.carter@scafomnorthamerica.com,pattern-guessing,0.18,false,,
413,Michelle Carter,Scafom North America,scafomnorthamerica.com,false,michellec@scafomnorthamerica.com,pattern-guessing,0.18,false,,
414,"Albert Verile, CFE",Scenthound Lutz,scenthound.com,true,albert@scenthound.com,pattern-guessing,0.38,false,,
414,"Albert Verile, CFE",Scenthound Lutz,scenthound.com,true,albert.cfe@scenthound.com,pattern-guessing,0.38,false,,
414,"Albert Verile, CFE",Scenthound Lutz,scenthound.com,true,albertcfe@scenthound.com,pattern-guessing,0.38,false,,
414,"Albert Verile, CFE",Scenthound Lutz,scenthound.com,true,albert_cfe@scenthound.com,pattern-guessing,0.38,false,,
414,"Albert Verile, CFE",Scenthound Lutz,scenthound.com,true,acfe@scenthound.com,pattern-guessing,0.38,false,,
414,"Albert Verile, CFE",Scenthound Lutz,scenthound.com,true,a.cfe@scenthound.com,pattern-guessing,0.38,false,,
414,"Albert Verile, CFE",Scenthound Lutz,scenthound.com,true,albertc@scenthound.com,pattern-guessing,0.38,false,,
415,Shawn Harrison,SEEK Construction Services,seekconstructionservices.com,false,shawn@seekconstructionservices.com,pattern-guessing,0.18,false,,
415,Shawn Harrison,SEEK Construction Services,seekconstructionservices.com,false,shawn.harrison@seekconstructionservices.com,pattern-guessing,0.18,false,,
415,Shawn Harrison,SEEK Construction Services,seekconstructionservices.com,false,shawnharrison@seekconstructionservices.com,pattern-guessing,0.18,false,,
415,Shawn Harrison,SEEK Construction Services,seekconstructionservices.com,false,shawn_harrison@seekconstructionservices.com,pattern-guessing,0.18,false,,
415,Shawn Harrison,SEEK Construction Services,seekconstructionservices.com,false,sharrison@seekconstructionservices.com,pattern-guessing,0.18,false,,
415,Shawn Harrison,SEEK Construction Services,seekconstructionservices.com,false,s.harrison@seekconstructionservices.com,pattern-guessing,0.18,false,,
415,Shawn Harrison,SEEK Construction Services,seekconstructionservices.com,false,shawnh@seekconstructionservices.com,pattern-guessing,0.18,false,,
416,Michele Curtin,"SFG Wealth Advisors, LLC",sfgate.com,true,dianne.deguzman@sfgate.com,web-scraping,0.72,false,https://sfgate.com/contact,
416,Michele Curtin,"SFG Wealth Advisors, LLC",sfgate.com,true,grant.marek@sfgate.com,web-scraping,0.72,false,https://sfgate.com/contact,
416,Michele Curtin,"SFG Wealth Advisors, LLC",sfgate.com,true,katie.dowd@sfgate.com,web-scraping,0.72,false,https://sfgate.com/contact,
416,Michele Curtin,"SFG Wealth Advisors, LLC",sfgate.com,true,kimberly.alters@sfgate.com,web-scraping,0.72,false,https://sfgate.com/contact,
416,Michele Curtin,"SFG Wealth Advisors, LLC",sfgate.com,true,fiona.lee@sfgate.com,web-scraping,0.72,false,https://sfgate.com/contact,
416,Michele Curtin,"SFG Wealth Advisors, LLC",sfgate.com,true,kendra.smith@sfgate.com,web-scraping,0.72,false,https://sfgate.com/contact,
416,Michele Curtin,"SFG Wealth Advisors, LLC",sfgate.com,true,gillian.mohney@sfgate.com,web-scraping,0.72,false,https://sfgate.com/contact,
416,Michele Curtin,"SFG Wealth Advisors, LLC",sfgate.com,true,kent.german@sfgate.com,web-scraping,0.72,false,https://sfgate.com/contact,
416,Michele Curtin,"SFG Wealth Advisors, LLC",sfgate.com,true,lester.black@sfgate.com,web-scraping,0.72,false,https://sfgate.com/contact,
416,Michele Curtin,"SFG Wealth Advisors, LLC",sfgate.com,true,susana.guerrero@sfgate.com,web-scraping,0.72,false,https://sfgate.com/contact,
416,Michele Curtin,"SFG Wealth Advisors, LLC",sfgate.com,true,olivia.harden@sfgate.com,web-scraping,0.72,false,https://sfgate.com/contact,
416,Michele Curtin,"SFG Wealth Advisors, LLC",sfgate.com,true,olivia.hebert@sfgate.com,web-scraping,0.72,false,https://sfgate.com/contact,
416,Michele Curtin,"SFG Wealth Advisors, LLC",sfgate.com,true,madilynne.medina@sfgate.com,web-scraping,0.72,false,https://sfgate.com/contact,
416,Michele Curtin,"SFG Wealth Advisors, LLC",sfgate.com,true,stephen.council@sfgate.com,web-scraping,0.72,false,https://sfgate.com/contact,
416,Michele Curtin,"SFG Wealth Advisors, LLC",sfgate.com,true,anna.guth@sfgate.com,web-scraping,0.72,false,https://sfgate.com/contact,
416,Michele Curtin,"SFG Wealth Advisors, LLC",sfgate.com,true,anabel.sosa@sfgate.com,web-scraping,0.72,false,https://sfgate.com/contact,
416,Michele Curtin,"SFG Wealth Advisors, LLC",sfgate.com,true,dan.gentile@sfgate.com,web-scraping,0.72,false,https://sfgate.com/contact,
416,Michele Curtin,"SFG Wealth Advisors, LLC",sfgate.com,true,timothy.karoff@sfgate.com,web-scraping,0.72,false,https://sfgate.com/contact,
416,Michele Curtin,"SFG Wealth Advisors, LLC",sfgate.com,true,tessa.mclean@sfgate.com,web-scraping,0.72,false,https://sfgate.com/contact,
416,Michele Curtin,"SFG Wealth Advisors, LLC",sfgate.com,true,alex.simon@sfgate.com,web-scraping,0.72,false,https://sfgate.com/contact,
416,Michele Curtin,"SFG Wealth Advisors, LLC",sfgate.com,true,gabe.fernandez@sfgate.com,web-scraping,0.72,false,https://sfgate.com/contact,
416,Michele Curtin,"SFG Wealth Advisors, LLC",sfgate.com,true,silas.valentino@sfgate.com,web-scraping,0.72,false,https://sfgate.com/contact,
416,Michele Curtin,"SFG Wealth Advisors, LLC",sfgate.com,true,julie.tremaine@sfgate.com,web-scraping,0.72,false,https://sfgate.com/contact,
416,Michele Curtin,"SFG Wealth Advisors, LLC",sfgate.com,true,jessica.yadegaran@sfgate.com,web-scraping,0.72,false,https://sfgate.com/contact,
416,Michele Curtin,"SFG Wealth Advisors, LLC",sfgate.com,true,madeline.wells@sfgate.com,web-scraping,0.72,false,https://sfgate.com/contact,
416,Michele Curtin,"SFG Wealth Advisors, LLC",sfgate.com,true,nico.madrigal-yankowski@sfgate.com,web-scraping,0.72,false,https://sfgate.com/contact,
416,Michele Curtin,"SFG Wealth Advisors, LLC",sfgate.com,true,andrew.chamings@sfgate.com,web-scraping,0.72,false,https://sfgate.com/contact,
416,Michele Curtin,"SFG Wealth Advisors, LLC",sfgate.com,true,ariana.bindman@sfgate.com,web-scraping,0.72,false,https://sfgate.com/contact,
416,Michele Curtin,"SFG Wealth Advisors, LLC",sfgate.com,true,kasia.pawlowska@sfgate.com,web-scraping,0.72,false,https://sfgate.com/contact,
416,Michele Curtin,"SFG Wealth Advisors, LLC",sfgate.com,true,amanda.bartlett@sfgate.com,web-scraping,0.72,false,https://sfgate.com/contact,
416,Michele Curtin,"SFG Wealth Advisors, LLC",sfgate.com,true,ashley.harrell@sfgate.com,web-scraping,0.72,false,https://sfgate.com/contact,
416,Michele Curtin,"SFG Wealth Advisors, LLC",sfgate.com,true,kylie.mohr@sfgate.com,web-scraping,0.72,false,https://sfgate.com/contact,
416,Michele Curtin,"SFG Wealth Advisors, LLC",sfgate.com,true,sam.hill@sfgate.com,web-scraping,0.72,false,https://sfgate.com/contact,
416,Michele Curtin,"SFG Wealth Advisors, LLC",sfgate.com,true,amanda.heidt@sfgate.com,web-scraping,0.72,false,https://sfgate.com/contact,
416,Michele Curtin,"SFG Wealth Advisors, LLC",sfgate.com,true,sam.moore@sfgate.com,web-scraping,0.72,false,https://sfgate.com/contact,
416,Michele Curtin,"SFG Wealth Advisors, LLC",sfgate.com,true,farley.elliott@sfgate.com,web-scraping,0.72,false,https://sfgate.com/contact,
416,Michele Curtin,"SFG Wealth Advisors, LLC",sfgate.com,true,karen.palmer@sfgate.com,web-scraping,0.72,false,https://sfgate.com/contact,
416,Michele Curtin,"SFG Wealth Advisors, LLC",sfgate.com,true,paula.mejia@sfgate.com,web-scraping,0.72,false,https://sfgate.com/contact,
416,Michele Curtin,"SFG Wealth Advisors, LLC",sfgate.com,true,erin.rode@sfgate.com,web-scraping,0.72,false,https://sfgate.com/contact,
416,Michele Curtin,"SFG Wealth Advisors, LLC",sfgate.com,true,julie.browndavis@sfgate.com,web-scraping,0.72,false,https://sfgate.com/contact,
416,Michele Curtin,"SFG Wealth Advisors, LLC",sfgate.com,true,andrew.pridgen@sfgate.com,web-scraping,0.72,false,https://sfgate.com/contact,
416,Michele Curtin,"SFG Wealth Advisors, LLC",sfgate.com,true,christine.hitt@sfgate.com,web-scraping,0.72,false,https://sfgate.com/contact,
416,Michele Curtin,"SFG Wealth Advisors, LLC",sfgate.com,true,victoria.sepulveda@sfgate.com,web-scraping,0.72,false,https://sfgate.com/contact,
416,Michele Curtin,"SFG Wealth Advisors, LLC",sfgate.com,true,morena.calvo@sfgate.com,web-scraping,0.72,false,https://sfgate.com/contact,
416,Michele Curtin,"SFG Wealth Advisors, LLC",sfgate.com,true,kelsey.adams@sfgate.com,web-scraping,0.72,false,https://sfgate.com/contact,
416,Michele Curtin,"SFG Wealth Advisors, LLC",sfgate.com,true,antonio.bayucan@sfgate.com,web-scraping,0.72,false,https://sfgate.com/contact,
416,Michele Curtin,"SFG Wealth Advisors, LLC",sfgate.com,true,charles.russo@sfgate.com,web-scraping,0.72,false,https://sfgate.com/contact,
416,Michele Curtin,"SFG Wealth Advisors, LLC",sfgate.com,true,lance.yamamoto@sfgate.com,web-scraping,0.72,false,https://sfgate.com/contact,
416,Michele Curtin,"SFG Wealth Advisors, LLC",sfgate.com,true,dzimmerman@sfgate.com,web-scraping,0.72,false,https://sfgate.com/contact,
416,Michele Curtin,"SFG Wealth Advisors, LLC",sfgate.com,true,jessie.alcheh@sfgate.com,web-scraping,0.72,false,https://sfgate.com/contact,
416,Michele Curtin,"SFG Wealth Advisors, LLC",sfgate.com,true,jacob.montero@sfgate.com,web-scraping,0.72,false,https://sfgate.com/contact,
416,Michele Curtin,"SFG Wealth Advisors, LLC",sfgate.com,true,cole.chapman@sfgate.com,web-scraping,0.72,false,https://sfgate.com/contact,
416,Michele Curtin,"SFG Wealth Advisors, LLC",sfgate.com,true,melissa.cho@sfgate.com,web-scraping,0.72,false,https://sfgate.com/contact,
416,Michele Curtin,"SFG Wealth Advisors, LLC",sfgate.com,true,jessie.fisher@sfgate.com,web-scraping,0.72,false,https://sfgate.com/contact,
416,Michele Curtin,"SFG Wealth Advisors, LLC",sfgate.com,true,greg.keraghosian@sfgate.com,web-scraping,0.72,false,https://sfgate.com/contact,
416,Michele Curtin,"SFG Wealth Advisors, LLC",sfgate.com,true,dcurran@sfgate.com,web-scraping,0.72,false,https://sfgate.com/contact,
416,Michele Curtin,"SFG Wealth Advisors, LLC",sfgate.com,true,mtom@sfgate.com,web-scraping,0.72,false,https://sfgate.com/contact,
416,Michele Curtin,"SFG Wealth Advisors, LLC",sfgate.com,true,gabriel.lehman@sfgate.com,web-scraping,0.72,false,https://sfgate.com/contact,
416,Michele Curtin,"SFG Wealth Advisors, LLC",sfgate.com,true,jeff.carillo@sfgate.com,web-scraping,0.72,false,https://sfgate.com/contact,
416,Michele Curtin,"SFG Wealth Advisors, LLC",sfgate.com,true,u003egrant.marek@sfgate.com,web-scraping,0.72,false,https://sfgate.com/contact,
416,Michele Curtin,"SFG Wealth Advisors, LLC",sfgate.com,true,u003ekatie.dowd@sfgate.com,web-scraping,0.72,false,https://sfgate.com/contact,
416,Michele Curtin,"SFG Wealth Advisors, LLC",sfgate.com,true,u003ekimberly.alters@sfgate.com,web-scraping,0.72,false,https://sfgate.com/contact,
416,Michele Curtin,"SFG Wealth Advisors, LLC",sfgate.com,true,u003efiona.lee@sfgate.com,web-scraping,0.72,false,https://sfgate.com/contact,
416,Michele Curtin,"SFG Wealth Advisors, LLC",sfgate.com,true,u003ekendra.smith@sfgate.com,web-scraping,0.72,false,https://sfgate.com/contact,
416,Michele Curtin,"SFG Wealth Advisors, LLC",sfgate.com,true,u003egillian.mohney@sfgate.com,web-scraping,0.72,false,https://sfgate.com/contact,
416,Michele Curtin,"SFG Wealth Advisors, LLC",sfgate.com,true,u003ekent.german@sfgate.com,web-scraping,0.72,false,https://sfgate.com/contact,
416,Michele Curtin,"SFG Wealth Advisors, LLC",sfgate.com,true,u003elester.black@sfgate.com,web-scraping,0.72,false,https://sfgate.com/contact,
416,Michele Curtin,"SFG Wealth Advisors, LLC",sfgate.com,true,u003esusana.guerrero@sfgate.com,web-scraping,0.72,false,https://sfgate.com/contact,
416,Michele Curtin,"SFG Wealth Advisors, LLC",sfgate.com,true,u003eolivia.harden@sfgate.com,web-scraping,0.72,false,https://sfgate.com/contact,
416,Michele Curtin,"SFG Wealth Advisors, LLC",sfgate.com,true,u003eolivia.hebert@sfgate.com,web-scraping,0.72,false,https://sfgate.com/contact,
416,Michele Curtin,"SFG Wealth Advisors, LLC",sfgate.com,true,u003emadilynne.medina@sfgate.com,web-scraping,0.72,false,https://sfgate.com/contact,
416,Michele Curtin,"SFG Wealth Advisors, LLC",sfgate.com,true,u003estephen.council@sfgate.com,web-scraping,0.72,false,https://sfgate.com/contact,
416,Michele Curtin,"SFG Wealth Advisors, LLC",sfgate.com,true,u003eanna.guth@sfgate.com,web-scraping,0.72,false,https://sfgate.com/contact,
416,Michele Curtin,"SFG Wealth Advisors, LLC",sfgate.com,true,u003eanabel.sosa@sfgate.com,web-scraping,0.72,false,https://sfgate.com/contact,
416,Michele Curtin,"SFG Wealth Advisors, LLC",sfgate.com,true,u003edan.gentile@sfgate.com,web-scraping,0.72,false,https://sfgate.com/contact,
416,Michele Curtin,"SFG Wealth Advisors, LLC",sfgate.com,true,u003etimothy.karoff@sfgate.com,web-scraping,0.72,false,https://sfgate.com/contact,
416,Michele Curtin,"SFG Wealth Advisors, LLC",sfgate.com,true,u003etessa.mclean@sfgate.com,web-scraping,0.72,false,https://sfgate.com/contact,
416,Michele Curtin,"SFG Wealth Advisors, LLC",sfgate.com,true,u003ealex.simon@sfgate.com,web-scraping,0.72,false,https://sfgate.com/contact,
416,Michele Curtin,"SFG Wealth Advisors, LLC",sfgate.com,true,u003egabe.fernandez@sfgate.com,web-scraping,0.72,false,https://sfgate.com/contact,
416,Michele Curtin,"SFG Wealth Advisors, LLC",sfgate.com,true,u003esilas.valentino@sfgate.com,web-scraping,0.72,false,https://sfgate.com/contact,
416,Michele Curtin,"SFG Wealth Advisors, LLC",sfgate.com,true,u003ejulie.tremaine@sfgate.com,web-scraping,0.72,false,https://sfgate.com/contact,
416,Michele Curtin,"SFG Wealth Advisors, LLC",sfgate.com,true,u003ejessica.yadegaran@sfgate.com,web-scraping,0.72,false,https://sfgate.com/contact,
416,Michele Curtin,"SFG Wealth Advisors, LLC",sfgate.com,true,u003emadeline.wells@sfgate.com,web-scraping,0.72,false,https://sfgate.com/contact,
416,Michele Curtin,"SFG Wealth Advisors, LLC",sfgate.com,true,u003enico.madrigal-yankowski@sfgate.com,web-scraping,0.72,false,https://sfgate.com/contact,
416,Michele Curtin,"SFG Wealth Advisors, LLC",sfgate.com,true,u003eandrew.chamings@sfgate.com,web-scraping,0.72,false,https://sfgate.com/contact,
416,Michele Curtin,"SFG Wealth Advisors, LLC",sfgate.com,true,u003eariana.bindman@sfgate.com,web-scraping,0.72,false,https://sfgate.com/contact,
416,Michele Curtin,"SFG Wealth Advisors, LLC",sfgate.com,true,u003ekasia.pawlowska@sfgate.com,web-scraping,0.72,false,https://sfgate.com/contact,
416,Michele Curtin,"SFG Wealth Advisors, LLC",sfgate.com,true,u003eamanda.bartlett@sfgate.com,web-scraping,0.72,false,https://sfgate.com/contact,
416,Michele Curtin,"SFG Wealth Advisors, LLC",sfgate.com,true,u003eashley.harrell@sfgate.com,web-scraping,0.72,false,https://sfgate.com/contact,
416,Michele Curtin,"SFG Wealth Advisors, LLC",sfgate.com,true,u003ekylie.mohr@sfgate.com,web-scraping,0.72,false,https://sfgate.com/contact,
416,Michele Curtin,"SFG Wealth Advisors, LLC",sfgate.com,true,u003esam.hill@sfgate.com,web-scraping,0.72,false,https://sfgate.com/contact,
416,Michele Curtin,"SFG Wealth Advisors, LLC",sfgate.com,true,u003eamanda.heidt@sfgate.com,web-scraping,0.72,false,https://sfgate.com/contact,
416,Michele Curtin,"SFG Wealth Advisors, LLC",sfgate.com,true,u003esam.moore@sfgate.com,web-scraping,0.72,false,https://sfgate.com/contact,
416,Michele Curtin,"SFG Wealth Advisors, LLC",sfgate.com,true,u003efarley.elliott@sfgate.com,web-scraping,0.72,false,https://sfgate.com/contact,
416,Michele Curtin,"SFG Wealth Advisors, LLC",sfgate.com,true,u003ekaren.palmer@sfgate.com,web-scraping,0.72,false,https://sfgate.com/contact,
416,Michele Curtin,"SFG Wealth Advisors, LLC",sfgate.com,true,u003epaula.mejia@sfgate.com,web-scraping,0.72,false,https://sfgate.com/contact,
416,Michele Curtin,"SFG Wealth Advisors, LLC",sfgate.com,true,u003eerin.rode@sfgate.com,web-scraping,0.72,false,https://sfgate.com/contact,
416,Michele Curtin,"SFG Wealth Advisors, LLC",sfgate.com,true,u003ejulie.browndavis@sfgate.com,web-scraping,0.72,false,https://sfgate.com/contact,
416,Michele Curtin,"SFG Wealth Advisors, LLC",sfgate.com,true,u003eandrew.pridgen@sfgate.com,web-scraping,0.72,false,https://sfgate.com/contact,
416,Michele Curtin,"SFG Wealth Advisors, LLC",sfgate.com,true,u003echristine.hitt@sfgate.com,web-scraping,0.72,false,https://sfgate.com/contact,
416,Michele Curtin,"SFG Wealth Advisors, LLC",sfgate.com,true,u003evictoria.sepulveda@sfgate.com,web-scraping,0.72,false,https://sfgate.com/contact,
416,Michele Curtin,"SFG Wealth Advisors, LLC",sfgate.com,true,u003emorena.calvo@sfgate.com,web-scraping,0.72,false,https://sfgate.com/contact,
416,Michele Curtin,"SFG Wealth Advisors, LLC",sfgate.com,true,u003ekelsey.adams@sfgate.com,web-scraping,0.72,false,https://sfgate.com/contact,
416,Michele Curtin,"SFG Wealth Advisors, LLC",sfgate.com,true,u003eantonio.bayucan@sfgate.com,web-scraping,0.72,false,https://sfgate.com/contact,
416,Michele Curtin,"SFG Wealth Advisors, LLC",sfgate.com,true,u003echarles.russo@sfgate.com,web-scraping,0.72,false,https://sfgate.com/contact,
416,Michele Curtin,"SFG Wealth Advisors, LLC",sfgate.com,true,u003elance.yamamoto@sfgate.com,web-scraping,0.72,false,https://sfgate.com/contact,
416,Michele Curtin,"SFG Wealth Advisors, LLC",sfgate.com,true,u003edzimmerman@sfgate.com,web-scraping,0.72,false,https://sfgate.com/contact,
416,Michele Curtin,"SFG Wealth Advisors, LLC",sfgate.com,true,u003ejessie.alcheh@sfgate.com,web-scraping,0.72,false,https://sfgate.com/contact,
416,Michele Curtin,"SFG Wealth Advisors, LLC",sfgate.com,true,u003ejacob.montero@sfgate.com,web-scraping,0.72,false,https://sfgate.com/contact,
416,Michele Curtin,"SFG Wealth Advisors, LLC",sfgate.com,true,u003ecole.chapman@sfgate.com,web-scraping,0.72,false,https://sfgate.com/contact,
416,Michele Curtin,"SFG Wealth Advisors, LLC",sfgate.com,true,u003emelissa.cho@sfgate.com,web-scraping,0.72,false,https://sfgate.com/contact,
416,Michele Curtin,"SFG Wealth Advisors, LLC",sfgate.com,true,u003ejessie.fisher@sfgate.com,web-scraping,0.72,false,https://sfgate.com/contact,
416,Michele Curtin,"SFG Wealth Advisors, LLC",sfgate.com,true,u003egreg.keraghosian@sfgate.com,web-scraping,0.72,false,https://sfgate.com/contact,
416,Michele Curtin,"SFG Wealth Advisors, LLC",sfgate.com,true,u003edcurran@sfgate.com,web-scraping,0.72,false,https://sfgate.com/contact,
416,Michele Curtin,"SFG Wealth Advisors, LLC",sfgate.com,true,u003emtom@sfgate.com,web-scraping,0.72,false,https://sfgate.com/contact,
416,Michele Curtin,"SFG Wealth Advisors, LLC",sfgate.com,true,u003egabriel.lehman@sfgate.com,web-scraping,0.72,false,https://sfgate.com/contact,
416,Michele Curtin,"SFG Wealth Advisors, LLC",sfgate.com,true,u003ejeff.carillo@sfgate.com,web-scraping,0.72,false,https://sfgate.com/contact,
416,Michele Curtin,"SFG Wealth Advisors, LLC",sfgate.com,true,support@sfgate.com,web-scraping,0.54,false,https://sfgate.com/contact,
416,Michele Curtin,"SFG Wealth Advisors, LLC",sfgate.com,true,michele@sfgate.com,pattern-guessing,0.38,false,,
416,Michele Curtin,"SFG Wealth Advisors, LLC",sfgate.com,true,michele.curtin@sfgate.com,pattern-guessing,0.38,false,,
416,Michele Curtin,"SFG Wealth Advisors, LLC",sfgate.com,true,michelecurtin@sfgate.com,pattern-guessing,0.38,false,,
416,Michele Curtin,"SFG Wealth Advisors, LLC",sfgate.com,true,michele_curtin@sfgate.com,pattern-guessing,0.38,false,,
416,Michele Curtin,"SFG Wealth Advisors, LLC",sfgate.com,true,mcurtin@sfgate.com,pattern-guessing,0.38,false,,
416,Michele Curtin,"SFG Wealth Advisors, LLC",sfgate.com,true,m.curtin@sfgate.com,pattern-guessing,0.38,false,,
416,Michele Curtin,"SFG Wealth Advisors, LLC",sfgate.com,true,michelec@sfgate.com,pattern-guessing,0.38,false,,
417,Jason Shields,Shark Branding Solutions,sharkbrandingsolutions.com,true,info@sharkbrandingsolutions.com,web-scraping,0.54,false,https://sharkbrandingsolutions.com/,
417,Jason Shields,Shark Branding Solutions,sharkbrandingsolutions.com,true,jason@sharkbrandingsolutions.com,pattern-guessing,0.38,false,,
417,Jason Shields,Shark Branding Solutions,sharkbrandingsolutions.com,true,jason.shields@sharkbrandingsolutions.com,pattern-guessing,0.38,false,,
417,Jason Shields,Shark Branding Solutions,sharkbrandingsolutions.com,true,jasonshields@sharkbrandingsolutions.com,pattern-guessing,0.38,false,,
417,Jason Shields,Shark Branding Solutions,sharkbrandingsolutions.com,true,jason_shields@sharkbrandingsolutions.com,pattern-guessing,0.38,false,,
417,Jason Shields,Shark Branding Solutions,sharkbrandingsolutions.com,true,jshields@sharkbrandingsolutions.com,pattern-guessing,0.38,false,,
417,Jason Shields,Shark Branding Solutions,sharkbrandingsolutions.com,true,j.shields@sharkbrandingsolutions.com,pattern-guessing,0.38,false,,
417,Jason Shields,Shark Branding Solutions,sharkbrandingsolutions.com,true,jasons@sharkbrandingsolutions.com,pattern-guessing,0.38,false,,
418,Tara Kintz,Sharpline Investigations®,okshooters.com,true,tara@okshooters.com,pattern-guessing,0.38,false,,
418,Tara Kintz,Sharpline Investigations®,okshooters.com,true,tara.kintz@okshooters.com,pattern-guessing,0.38,false,,
418,Tara Kintz,Sharpline Investigations®,okshooters.com,true,tarakintz@okshooters.com,pattern-guessing,0.38,false,,
418,Tara Kintz,Sharpline Investigations®,okshooters.com,true,tara_kintz@okshooters.com,pattern-guessing,0.38,false,,
418,Tara Kintz,Sharpline Investigations®,okshooters.com,true,tkintz@okshooters.com,pattern-guessing,0.38,false,,
418,Tara Kintz,Sharpline Investigations®,okshooters.com,true,t.kintz@okshooters.com,pattern-guessing,0.38,false,,
418,Tara Kintz,Sharpline Investigations®,okshooters.com,true,tarak@okshooters.com,pattern-guessing,0.38,false,,
419,Roberto Hiller,Shawn Harrison Associates,shawnharrisonassociates.com,true,roberto@shawnharrisonassociates.com,pattern-guessing,0.38,false,,
419,Roberto Hiller,Shawn Harrison Associates,shawnharrisonassociates.com,true,roberto.hiller@shawnharrisonassociates.com,pattern-guessing,0.38,false,,
419,Roberto Hiller,Shawn Harrison Associates,shawnharrisonassociates.com,true,robertohiller@shawnharrisonassociates.com,pattern-guessing,0.38,false,,
419,Roberto Hiller,Shawn Harrison Associates,shawnharrisonassociates.com,true,roberto_hiller@shawnharrisonassociates.com,pattern-guessing,0.38,false,,
419,Roberto Hiller,Shawn Harrison Associates,shawnharrisonassociates.com,true,rhiller@shawnharrisonassociates.com,pattern-guessing,0.38,false,,
419,Roberto Hiller,Shawn Harrison Associates,shawnharrisonassociates.com,true,r.hiller@shawnharrisonassociates.com,pattern-guessing,0.38,false,,
419,Roberto Hiller,Shawn Harrison Associates,shawnharrisonassociates.com,true,robertoh@shawnharrisonassociates.com,pattern-guessing,0.38,false,,
420,Jonathan Hernandez,Shells Florida Realty,animalwised.com,false,jonathan@animalwised.com,pattern-guessing,0.18,false,,
420,Jonathan Hernandez,Shells Florida Realty,animalwised.com,false,jonathan.hernandez@animalwised.com,pattern-guessing,0.18,false,,
420,Jonathan Hernandez,Shells Florida Realty,animalwised.com,false,jonathanhernandez@animalwised.com,pattern-guessing,0.18,false,,
420,Jonathan Hernandez,Shells Florida Realty,animalwised.com,false,jonathan_hernandez@animalwised.com,pattern-guessing,0.18,false,,
420,Jonathan Hernandez,Shells Florida Realty,animalwised.com,false,jhernandez@animalwised.com,pattern-guessing,0.18,false,,
420,Jonathan Hernandez,Shells Florida Realty,animalwised.com,false,j.hernandez@animalwised.com,pattern-guessing,0.18,false,,
420,Jonathan Hernandez,Shells Florida Realty,animalwised.com,false,jonathanh@animalwised.com,pattern-guessing,0.18,false,,
421,Alison Sebesta,Shields Accounting Services,medievalarmour.com,true,service@medievalarmour.com,web-scraping,0.72,false,https://medievalarmour.com/,
421,Alison Sebesta,Shields Accounting Services,medievalarmour.com,true,alison@medievalarmour.com,pattern-guessing,0.38,false,,
421,Alison Sebesta,Shields Accounting Services,medievalarmour.com,true,alison.sebesta@medievalarmour.com,pattern-guessing,0.38,false,,
421,Alison Sebesta,Shields Accounting Services,medievalarmour.com,true,alisonsebesta@medievalarmour.com,pattern-guessing,0.38,false,,
421,Alison Sebesta,Shields Accounting Services,medievalarmour.com,true,alison_sebesta@medievalarmour.com,pattern-guessing,0.38,false,,
421,Alison Sebesta,Shields Accounting Services,medievalarmour.com,true,asebesta@medievalarmour.com,pattern-guessing,0.38,false,,
421,Alison Sebesta,Shields Accounting Services,medievalarmour.com,true,a.sebesta@medievalarmour.com,pattern-guessing,0.38,false,,
421,Alison Sebesta,Shields Accounting Services,medievalarmour.com,true,alisons@medievalarmour.com,pattern-guessing,0.38,false,,
422,Nikki Glajzner,Signature Workspace Wiregrass,signatureworkspacewiregrass.com,false,nikki@signatureworkspacewiregrass.com,pattern-guessing,0.18,false,,
422,Nikki Glajzner,Signature Workspace Wiregrass,signatureworkspacewiregrass.com,false,nikki.glajzner@signatureworkspacewiregrass.com,pattern-guessing,0.18,false,,
422,Nikki Glajzner,Signature Workspace Wiregrass,signatureworkspacewiregrass.com,false,nikkiglajzner@signatureworkspacewiregrass.com,pattern-guessing,0.18,false,,
422,Nikki Glajzner,Signature Workspace Wiregrass,signatureworkspacewiregrass.com,false,nikki_glajzner@signatureworkspacewiregrass.com,pattern-guessing,0.18,false,,
422,Nikki Glajzner,Signature Workspace Wiregrass,signatureworkspacewiregrass.com,false,nglajzner@signatureworkspacewiregrass.com,pattern-guessing,0.18,false,,
422,Nikki Glajzner,Signature Workspace Wiregrass,signatureworkspacewiregrass.com,false,n.glajzner@signatureworkspacewiregrass.com,pattern-guessing,0.18,false,,
422,Nikki Glajzner,Signature Workspace Wiregrass,signatureworkspacewiregrass.com,false,nikkig@signatureworkspacewiregrass.com,pattern-guessing,0.18,false,,
423,Joey Ocasio,Signs of Tampa Bay dba Signarama New Tampa & YESCO Tampa,signs.com,true,support@signs.com,web-scraping,0.54,false,https://signs.com/,
423,Joey Ocasio,Signs of Tampa Bay dba Signarama New Tampa & YESCO Tampa,signs.com,true,joey@signs.com,pattern-guessing,0.38,false,,
423,Joey Ocasio,Signs of Tampa Bay dba Signarama New Tampa & YESCO Tampa,signs.com,true,joey.ocasio@signs.com,pattern-guessing,0.38,false,,
423,Joey Ocasio,Signs of Tampa Bay dba Signarama New Tampa & YESCO Tampa,signs.com,true,joeyocasio@signs.com,pattern-guessing,0.38,false,,
423,Joey Ocasio,Signs of Tampa Bay dba Signarama New Tampa & YESCO Tampa,signs.com,true,joey_ocasio@signs.com,pattern-guessing,0.38,false,,
423,Joey Ocasio,Signs of Tampa Bay dba Signarama New Tampa & YESCO Tampa,signs.com,true,jocasio@signs.com,pattern-guessing,0.38,false,,
423,Joey Ocasio,Signs of Tampa Bay dba Signarama New Tampa & YESCO Tampa,signs.com,true,j.ocasio@signs.com,pattern-guessing,0.38,false,,
423,Joey Ocasio,Signs of Tampa Bay dba Signarama New Tampa & YESCO Tampa,signs.com,true,joeyo@signs.com,pattern-guessing,0.38,false,,
424,Jessica Peacock,SiMPLE iT SYSTEMS LLC,simpleitsystems.com,true,sales@simpleitsystems.com,web-scraping,0.54,false,https://simpleitsystems.com/,
424,Jessica Peacock,SiMPLE iT SYSTEMS LLC,simpleitsystems.com,true,jessica@simpleitsystems.com,pattern-guessing,0.38,false,,
424,Jessica Peacock,SiMPLE iT SYSTEMS LLC,simpleitsystems.com,true,jessica.peacock@simpleitsystems.com,pattern-guessing,0.38,false,,
424,Jessica Peacock,SiMPLE iT SYSTEMS LLC,simpleitsystems.com,true,jessicapeacock@simpleitsystems.com,pattern-guessing,0.38,false,,
424,Jessica Peacock,SiMPLE iT SYSTEMS LLC,simpleitsystems.com,true,jessica_peacock@simpleitsystems.com,pattern-guessing,0.38,false,,
424,Jessica Peacock,SiMPLE iT SYSTEMS LLC,simpleitsystems.com,true,jpeacock@simpleitsystems.com,pattern-guessing,0.38,false,,
424,Jessica Peacock,SiMPLE iT SYSTEMS LLC,simpleitsystems.com,true,j.peacock@simpleitsystems.com,pattern-guessing,0.38,false,,
424,Jessica Peacock,SiMPLE iT SYSTEMS LLC,simpleitsystems.com,true,jessicap@simpleitsystems.com,pattern-guessing,0.38,false,,
425,Javan Grant,Sit Stay Splash - Self Service Dog Wash & Grooming,sitstaysplash-selfservicedogwashandgrooming.com,false,javan@sitstaysplash-selfservicedogwashandgrooming.com,pattern-guessing,0.18,false,,
425,Javan Grant,Sit Stay Splash - Self Service Dog Wash & Grooming,sitstaysplash-selfservicedogwashandgrooming.com,false,javan.grant@sitstaysplash-selfservicedogwashandgrooming.com,pattern-guessing,0.18,false,,
425,Javan Grant,Sit Stay Splash - Self Service Dog Wash & Grooming,sitstaysplash-selfservicedogwashandgrooming.com,false,javangrant@sitstaysplash-selfservicedogwashandgrooming.com,pattern-guessing,0.18,false,,
425,Javan Grant,Sit Stay Splash - Self Service Dog Wash & Grooming,sitstaysplash-selfservicedogwashandgrooming.com,false,javan_grant@sitstaysplash-selfservicedogwashandgrooming.com,pattern-guessing,0.18,false,,
425,Javan Grant,Sit Stay Splash - Self Service Dog Wash & Grooming,sitstaysplash-selfservicedogwashandgrooming.com,false,jgrant@sitstaysplash-selfservicedogwashandgrooming.com,pattern-guessing,0.18,false,,
425,Javan Grant,Sit Stay Splash - Self Service Dog Wash & Grooming,sitstaysplash-selfservicedogwashandgrooming.com,false,j.grant@sitstaysplash-selfservicedogwashandgrooming.com,pattern-guessing,0.18,false,,
425,Javan Grant,Sit Stay Splash - Self Service Dog Wash & Grooming,sitstaysplash-selfservicedogwashandgrooming.com,false,javang@sitstaysplash-selfservicedogwashandgrooming.com,pattern-guessing,0.18,false,,
426,Mr. Omar Muhammad,Skin NV,minecraftskins.com,true,mr@minecraftskins.com,pattern-guessing,0.38,false,,
426,Mr. Omar Muhammad,Skin NV,minecraftskins.com,true,mr.muhammad@minecraftskins.com,pattern-guessing,0.38,false,,
426,Mr. Omar Muhammad,Skin NV,minecraftskins.com,true,mrmuhammad@minecraftskins.com,pattern-guessing,0.38,false,,
426,Mr. Omar Muhammad,Skin NV,minecraftskins.com,true,mr_muhammad@minecraftskins.com,pattern-guessing,0.38,false,,
426,Mr. Omar Muhammad,Skin NV,minecraftskins.com,true,mmuhammad@minecraftskins.com,pattern-guessing,0.38,false,,
426,Mr. Omar Muhammad,Skin NV,minecraftskins.com,true,m.muhammad@minecraftskins.com,pattern-guessing,0.38,false,,
426,Mr. Omar Muhammad,Skin NV,minecraftskins.com,true,mrm@minecraftskins.com,pattern-guessing,0.38,false,,
427,Chris Class,Skybox Roof Top Bar,skybox.xyz,true,chris@skybox.xyz,pattern-guessing,0.38,false,,
427,Chris Class,Skybox Roof Top Bar,skybox.xyz,true,chris.class@skybox.xyz,pattern-guessing,0.38,false,,
427,Chris Class,Skybox Roof Top Bar,skybox.xyz,true,chrisclass@skybox.xyz,pattern-guessing,0.38,false,,
427,Chris Class,Skybox Roof Top Bar,skybox.xyz,true,chris_class@skybox.xyz,pattern-guessing,0.38,false,,
427,Chris Class,Skybox Roof Top Bar,skybox.xyz,true,cclass@skybox.xyz,pattern-guessing,0.38,false,,
427,Chris Class,Skybox Roof Top Bar,skybox.xyz,true,c.class@skybox.xyz,pattern-guessing,0.38,false,,
427,Chris Class,Skybox Roof Top Bar,skybox.xyz,true,chrisc@skybox.xyz,pattern-guessing,0.38,false,,
428,Capt Rob Hamilton,Skymor Wesley Chapel,skymorwesleychapel.com,true,capt@skymorwesleychapel.com,pattern-guessing,0.38,false,,
428,Capt Rob Hamilton,Skymor Wesley Chapel,skymorwesleychapel.com,true,capt.hamilton@skymorwesleychapel.com,pattern-guessing,0.38,false,,
428,Capt Rob Hamilton,Skymor Wesley Chapel,skymorwesleychapel.com,true,capthamilton@skymorwesleychapel.com,pattern-guessing,0.38,false,,
428,Capt Rob Hamilton,Skymor Wesley Chapel,skymorwesleychapel.com,true,capt_hamilton@skymorwesleychapel.com,pattern-guessing,0.38,false,,
428,Capt Rob Hamilton,Skymor Wesley Chapel,skymorwesleychapel.com,true,chamilton@skymorwesleychapel.com,pattern-guessing,0.38,false,,
428,Capt Rob Hamilton,Skymor Wesley Chapel,skymorwesleychapel.com,true,c.hamilton@skymorwesleychapel.com,pattern-guessing,0.38,false,,
428,Capt Rob Hamilton,Skymor Wesley Chapel,skymorwesleychapel.com,true,capth@skymorwesleychapel.com,pattern-guessing,0.38,false,,
429,Marina Kosturos,SLATER | GRANT,slatergrant.com,true,marina@slatergrant.com,pattern-guessing,0.38,false,,
429,Marina Kosturos,SLATER | GRANT,slatergrant.com,true,marina.kosturos@slatergrant.com,pattern-guessing,0.38,false,,
429,Marina Kosturos,SLATER | GRANT,slatergrant.com,true,marinakosturos@slatergrant.com,pattern-guessing,0.38,false,,
429,Marina Kosturos,SLATER | GRANT,slatergrant.com,true,marina_kosturos@slatergrant.com,pattern-guessing,0.38,false,,
429,Marina Kosturos,SLATER | GRANT,slatergrant.com,true,mkosturos@slatergrant.com,pattern-guessing,0.38,false,,
429,Marina Kosturos,SLATER | GRANT,slatergrant.com,true,m.kosturos@slatergrant.com,pattern-guessing,0.38,false,,
429,Marina Kosturos,SLATER | GRANT,slatergrant.com,true,marinak@slatergrant.com,pattern-guessing,0.38,false,,
430,Miten Patel,SM,hongdou.gxnews.com.cn,false,miten@hongdou.gxnews.com.cn,pattern-guessing,0.18,false,,
430,Miten Patel,SM,hongdou.gxnews.com.cn,false,miten.patel@hongdou.gxnews.com.cn,pattern-guessing,0.18,false,,
430,Miten Patel,SM,hongdou.gxnews.com.cn,false,mitenpatel@hongdou.gxnews.com.cn,pattern-guessing,0.18,false,,
430,Miten Patel,SM,hongdou.gxnews.com.cn,false,miten_patel@hongdou.gxnews.com.cn,pattern-guessing,0.18,false,,
430,Miten Patel,SM,hongdou.gxnews.com.cn,false,mpatel@hongdou.gxnews.com.cn,pattern-guessing,0.18,false,,
430,Miten Patel,SM,hongdou.gxnews.com.cn,false,m.patel@hongdou.gxnews.com.cn,pattern-guessing,0.18,false,,
430,Miten Patel,SM,hongdou.gxnews.com.cn,false,mitenp@hongdou.gxnews.com.cn,pattern-guessing,0.18,false,,
431,Giselle Monteiro,Small Business Development Center,smallbusinessdevelopmentcenter.com,true,giselle@smallbusinessdevelopmentcenter.com,pattern-guessing,0.38,false,,
431,Giselle Monteiro,Small Business Development Center,smallbusinessdevelopmentcenter.com,true,giselle.monteiro@smallbusinessdevelopmentcenter.com,pattern-guessing,0.38,false,,
431,Giselle Monteiro,Small Business Development Center,smallbusinessdevelopmentcenter.com,true,gisellemonteiro@smallbusinessdevelopmentcenter.com,pattern-guessing,0.38,false,,
431,Giselle Monteiro,Small Business Development Center,smallbusinessdevelopmentcenter.com,true,giselle_monteiro@smallbusinessdevelopmentcenter.com,pattern-guessing,0.38,false,,
431,Giselle Monteiro,Small Business Development Center,smallbusinessdevelopmentcenter.com,true,gmonteiro@smallbusinessdevelopmentcenter.com,pattern-guessing,0.38,false,,
431,Giselle Monteiro,Small Business Development Center,smallbusinessdevelopmentcenter.com,true,g.monteiro@smallbusinessdevelopmentcenter.com,pattern-guessing,0.38,false,,
431,Giselle Monteiro,Small Business Development Center,smallbusinessdevelopmentcenter.com,true,gisellem@smallbusinessdevelopmentcenter.com,pattern-guessing,0.38,false,,
432,Dayna Friedman,Smart Health & Life Insurance Agency LLC,smarthealthandlifeinsuranceagency.com,false,dayna@smarthealthandlifeinsuranceagency.com,pattern-guessing,0.18,false,,
432,Dayna Friedman,Smart Health & Life Insurance Agency LLC,smarthealthandlifeinsuranceagency.com,false,dayna.friedman@smarthealthandlifeinsuranceagency.com,pattern-guessing,0.18,false,,
432,Dayna Friedman,Smart Health & Life Insurance Agency LLC,smarthealthandlifeinsuranceagency.com,false,daynafriedman@smarthealthandlifeinsuranceagency.com,pattern-guessing,0.18,false,,
432,Dayna Friedman,Smart Health & Life Insurance Agency LLC,smarthealthandlifeinsuranceagency.com,false,dayna_friedman@smarthealthandlifeinsuranceagency.com,pattern-guessing,0.18,false,,
432,Dayna Friedman,Smart Health & Life Insurance Agency LLC,smarthealthandlifeinsuranceagency.com,false,dfriedman@smarthealthandlifeinsuranceagency.com,pattern-guessing,0.18,false,,
432,Dayna Friedman,Smart Health & Life Insurance Agency LLC,smarthealthandlifeinsuranceagency.com,false,d.friedman@smarthealthandlifeinsuranceagency.com,pattern-guessing,0.18,false,,
432,Dayna Friedman,Smart Health & Life Insurance Agency LLC,smarthealthandlifeinsuranceagency.com,false,daynaf@smarthealthandlifeinsuranceagency.com,pattern-guessing,0.18,false,,
433,Shannon Snell,Smile Isle Orthodontics,smileisleorthodontics.com,false,shannon@smileisleorthodontics.com,pattern-guessing,0.18,false,,
433,Shannon Snell,Smile Isle Orthodontics,smileisleorthodontics.com,false,shannon.snell@smileisleorthodontics.com,pattern-guessing,0.18,false,,
433,Shannon Snell,Smile Isle Orthodontics,smileisleorthodontics.com,false,shannonsnell@smileisleorthodontics.com,pattern-guessing,0.18,false,,
433,Shannon Snell,Smile Isle Orthodontics,smileisleorthodontics.com,false,shannon_snell@smileisleorthodontics.com,pattern-guessing,0.18,false,,
433,Shannon Snell,Smile Isle Orthodontics,smileisleorthodontics.com,false,ssnell@smileisleorthodontics.com,pattern-guessing,0.18,false,,
433,Shannon Snell,Smile Isle Orthodontics,smileisleorthodontics.com,false,s.snell@smileisleorthodontics.com,pattern-guessing,0.18,false,,
433,Shannon Snell,Smile Isle Orthodontics,smileisleorthodontics.com,false,shannons@smileisleorthodontics.com,pattern-guessing,0.18,false,,
434,Kelly Flannery,"Smile, Co. Tampa Palms",smiletampapalms.com,false,kelly@smiletampapalms.com,pattern-guessing,0.18,false,,
434,Kelly Flannery,"Smile, Co. Tampa Palms",smiletampapalms.com,false,kelly.flannery@smiletampapalms.com,pattern-guessing,0.18,false,,
434,Kelly Flannery,"Smile, Co. Tampa Palms",smiletampapalms.com,false,kellyflannery@smiletampapalms.com,pattern-guessing,0.18,false,,
434,Kelly Flannery,"Smile, Co. Tampa Palms",smiletampapalms.com,false,kelly_flannery@smiletampapalms.com,pattern-guessing,0.18,false,,
434,Kelly Flannery,"Smile, Co. Tampa Palms",smiletampapalms.com,false,kflannery@smiletampapalms.com,pattern-guessing,0.18,false,,
434,Kelly Flannery,"Smile, Co. Tampa Palms",smiletampapalms.com,false,k.flannery@smiletampapalms.com,pattern-guessing,0.18,false,,
434,Kelly Flannery,"Smile, Co. Tampa Palms",smiletampapalms.com,false,kellyf@smiletampapalms.com,pattern-guessing,0.18,false,,
435,Kerry Conboy,Social Momentum,ssa.gov,true,kerry@ssa.gov,pattern-guessing,0.38,false,,
435,Kerry Conboy,Social Momentum,ssa.gov,true,kerry.conboy@ssa.gov,pattern-guessing,0.38,false,,
435,Kerry Conboy,Social Momentum,ssa.gov,true,kerryconboy@ssa.gov,pattern-guessing,0.38,false,,
435,Kerry Conboy,Social Momentum,ssa.gov,true,kerry_conboy@ssa.gov,pattern-guessing,0.38,false,,
435,Kerry Conboy,Social Momentum,ssa.gov,true,kconboy@ssa.gov,pattern-guessing,0.38,false,,
435,Kerry Conboy,Social Momentum,ssa.gov,true,k.conboy@ssa.gov,pattern-guessing,0.38,false,,
435,Kerry Conboy,Social Momentum,ssa.gov,true,kerryc@ssa.gov,pattern-guessing,0.38,false,,
436,Justin Callow,SOF Missions,sofmissions.com,true,justin@sofmissions.com,pattern-guessing,0.38,false,,
436,Justin Callow,SOF Missions,sofmissions.com,true,justin.callow@sofmissions.com,pattern-guessing,0.38,false,,
436,Justin Callow,SOF Missions,sofmissions.com,true,justincallow@sofmissions.com,pattern-guessing,0.38,false,,
436,Justin Callow,SOF Missions,sofmissions.com,true,justin_callow@sofmissions.com,pattern-guessing,0.38,false,,
436,Justin Callow,SOF Missions,sofmissions.com,true,jcallow@sofmissions.com,pattern-guessing,0.38,false,,
436,Justin Callow,SOF Missions,sofmissions.com,true,j.callow@sofmissions.com,pattern-guessing,0.38,false,,
436,Justin Callow,SOF Missions,sofmissions.com,true,justinc@sofmissions.com,pattern-guessing,0.38,false,,
437,Stephanie Barbarette,"Sonny's Real Pit Bar-B-Que, Inc",sony.de,true,stephanie@sony.de,pattern-guessing,0.38,false,,
437,Stephanie Barbarette,"Sonny's Real Pit Bar-B-Que, Inc",sony.de,true,stephanie.barbarette@sony.de,pattern-guessing,0.38,false,,
437,Stephanie Barbarette,"Sonny's Real Pit Bar-B-Que, Inc",sony.de,true,stephaniebarbarette@sony.de,pattern-guessing,0.38,false,,
437,Stephanie Barbarette,"Sonny's Real Pit Bar-B-Que, Inc",sony.de,true,stephanie_barbarette@sony.de,pattern-guessing,0.38,false,,
437,Stephanie Barbarette,"Sonny's Real Pit Bar-B-Que, Inc",sony.de,true,sbarbarette@sony.de,pattern-guessing,0.38,false,,
437,Stephanie Barbarette,"Sonny's Real Pit Bar-B-Que, Inc",sony.de,true,s.barbarette@sony.de,pattern-guessing,0.38,false,,
437,Stephanie Barbarette,"Sonny's Real Pit Bar-B-Que, Inc",sony.de,true,stephanieb@sony.de,pattern-guessing,0.38,false,,
438,Sheila Wayne,South Tampa Chamber of Commerce,southtampachamberofcommerce.com,false,sheila@southtampachamberofcommerce.com,pattern-guessing,0.18,false,,
438,Sheila Wayne,South Tampa Chamber of Commerce,southtampachamberofcommerce.com,false,sheila.wayne@southtampachamberofcommerce.com,pattern-guessing,0.18,false,,
438,Sheila Wayne,South Tampa Chamber of Commerce,southtampachamberofcommerce.com,false,sheilawayne@southtampachamberofcommerce.com,pattern-guessing,0.18,false,,
438,Sheila Wayne,South Tampa Chamber of Commerce,southtampachamberofcommerce.com,false,sheila_wayne@southtampachamberofcommerce.com,pattern-guessing,0.18,false,,
438,Sheila Wayne,South Tampa Chamber of Commerce,southtampachamberofcommerce.com,false,swayne@southtampachamberofcommerce.com,pattern-guessing,0.18,false,,
438,Sheila Wayne,South Tampa Chamber of Commerce,southtampachamberofcommerce.com,false,s.wayne@southtampachamberofcommerce.com,pattern-guessing,0.18,false,,
438,Sheila Wayne,South Tampa Chamber of Commerce,southtampachamberofcommerce.com,false,sheilaw@southtampachamberofcommerce.com,pattern-guessing,0.18,false,,
439,Lindsey Hack,South University - Tampa,southuniversity-tampa.com,false,lindsey@southuniversity-tampa.com,pattern-guessing,0.18,false,,
439,Lindsey Hack,South University - Tampa,southuniversity-tampa.com,false,lindsey.hack@southuniversity-tampa.com,pattern-guessing,0.18,false,,
439,Lindsey Hack,South University - Tampa,southuniversity-tampa.com,false,lindseyhack@southuniversity-tampa.com,pattern-guessing,0.18,false,,
439,Lindsey Hack,South University - Tampa,southuniversity-tampa.com,false,lindsey_hack@southuniversity-tampa.com,pattern-guessing,0.18,false,,
439,Lindsey Hack,South University - Tampa,southuniversity-tampa.com,false,lhack@southuniversity-tampa.com,pattern-guessing,0.18,false,,
439,Lindsey Hack,South University - Tampa,southuniversity-tampa.com,false,l.hack@southuniversity-tampa.com,pattern-guessing,0.18,false,,
439,Lindsey Hack,South University - Tampa,southuniversity-tampa.com,false,lindseyh@southuniversity-tampa.com,pattern-guessing,0.18,false,,
440,"Charlie S. Spinner, Esq Jr.","SPC CPAs and Associates, LLC",spc.noaa.gov,false,charlie@spc.noaa.gov,pattern-guessing,0.18,false,,
440,"Charlie S. Spinner, Esq Jr.","SPC CPAs and Associates, LLC",spc.noaa.gov,false,charlie.jr@spc.noaa.gov,pattern-guessing,0.18,false,,
440,"Charlie S. Spinner, Esq Jr.","SPC CPAs and Associates, LLC",spc.noaa.gov,false,charliejr@spc.noaa.gov,pattern-guessing,0.18,false,,
440,"Charlie S. Spinner, Esq Jr.","SPC CPAs and Associates, LLC",spc.noaa.gov,false,charlie_jr@spc.noaa.gov,pattern-guessing,0.18,false,,
440,"Charlie S. Spinner, Esq Jr.","SPC CPAs and Associates, LLC",spc.noaa.gov,false,cjr@spc.noaa.gov,pattern-guessing,0.18,false,,
440,"Charlie S. Spinner, Esq Jr.","SPC CPAs and Associates, LLC",spc.noaa.gov,false,c.jr@spc.noaa.gov,pattern-guessing,0.18,false,,
440,"Charlie S. Spinner, Esq Jr.","SPC CPAs and Associates, LLC",spc.noaa.gov,false,charliej@spc.noaa.gov,pattern-guessing,0.18,false,,
441,Fabio Passos,Special Olympics Florida,specialolympicsflorida.com,false,fabio@specialolympicsflorida.com,pattern-guessing,0.18,false,,
441,Fabio Passos,Special Olympics Florida,specialolympicsflorida.com,false,fabio.passos@specialolympicsflorida.com,pattern-guessing,0.18,false,,
441,Fabio Passos,Special Olympics Florida,specialolympicsflorida.com,false,fabiopassos@specialolympicsflorida.com,pattern-guessing,0.18,false,,
441,Fabio Passos,Special Olympics Florida,specialolympicsflorida.com,false,fabio_passos@specialolympicsflorida.com,pattern-guessing,0.18,false,,
441,Fabio Passos,Special Olympics Florida,specialolympicsflorida.com,false,fpassos@specialolympicsflorida.com,pattern-guessing,0.18,false,,
441,Fabio Passos,Special Olympics Florida,specialolympicsflorida.com,false,f.passos@specialolympicsflorida.com,pattern-guessing,0.18,false,,
441,Fabio Passos,Special Olympics Florida,specialolympicsflorida.com,false,fabiop@specialolympicsflorida.com,pattern-guessing,0.18,false,,
442,Kathy Zboray,Spectrum Business,spectrumbusiness.com,true,kathy@spectrumbusiness.com,pattern-guessing,0.38,false,,
442,Kathy Zboray,Spectrum Business,spectrumbusiness.com,true,kathy.zboray@spectrumbusiness.com,pattern-guessing,0.38,false,,
442,Kathy Zboray,Spectrum Business,spectrumbusiness.com,true,kathyzboray@spectrumbusiness.com,pattern-guessing,0.38,false,,
442,Kathy Zboray,Spectrum Business,spectrumbusiness.com,true,kathy_zboray@spectrumbusiness.com,pattern-guessing,0.38,false,,
442,Kathy Zboray,Spectrum Business,spectrumbusiness.com,true,kzboray@spectrumbusiness.com,pattern-guessing,0.38,false,,
442,Kathy Zboray,Spectrum Business,spectrumbusiness.com,true,k.zboray@spectrumbusiness.com,pattern-guessing,0.38,false,,
442,Kathy Zboray,Spectrum Business,spectrumbusiness.com,true,kathyz@spectrumbusiness.com,pattern-guessing,0.38,false,,
443,Bobbi Lynn DeFilippis,Spherion Staffing,spherionstaffing.com,true,bobbi@spherionstaffing.com,pattern-guessing,0.38,false,,
443,Bobbi Lynn DeFilippis,Spherion Staffing,spherionstaffing.com,true,bobbi.defilippis@spherionstaffing.com,pattern-guessing,0.38,false,,
443,Bobbi Lynn DeFilippis,Spherion Staffing,spherionstaffing.com,true,bobbidefilippis@spherionstaffing.com,pattern-guessing,0.38,false,,
443,Bobbi Lynn DeFilippis,Spherion Staffing,spherionstaffing.com,true,bobbi_defilippis@spherionstaffing.com,pattern-guessing,0.38,false,,
443,Bobbi Lynn DeFilippis,Spherion Staffing,spherionstaffing.com,true,bdefilippis@spherionstaffing.com,pattern-guessing,0.38,false,,
443,Bobbi Lynn DeFilippis,Spherion Staffing,spherionstaffing.com,true,b.defilippis@spherionstaffing.com,pattern-guessing,0.38,false,,
443,Bobbi Lynn DeFilippis,Spherion Staffing,spherionstaffing.com,true,bobbid@spherionstaffing.com,pattern-guessing,0.38,false,,
444,Lauren Lawton,Spinner Law Firm - Injury Attorneys,wheelofnames.com,true,lauren@wheelofnames.com,pattern-guessing,0.38,false,,
444,Lauren Lawton,Spinner Law Firm - Injury Attorneys,wheelofnames.com,true,lauren.lawton@wheelofnames.com,pattern-guessing,0.38,false,,
444,Lauren Lawton,Spinner Law Firm - Injury Attorneys,wheelofnames.com,true,laurenlawton@wheelofnames.com,pattern-guessing,0.38,false,,
444,Lauren Lawton,Spinner Law Firm - Injury Attorneys,wheelofnames.com,true,lauren_lawton@wheelofnames.com,pattern-guessing,0.38,false,,
444,Lauren Lawton,Spinner Law Firm - Injury Attorneys,wheelofnames.com,true,llawton@wheelofnames.com,pattern-guessing,0.38,false,,
444,Lauren Lawton,Spinner Law Firm - Injury Attorneys,wheelofnames.com,true,l.lawton@wheelofnames.com,pattern-guessing,0.38,false,,
444,Lauren Lawton,Spinner Law Firm - Injury Attorneys,wheelofnames.com,true,laurenl@wheelofnames.com,pattern-guessing,0.38,false,,
445,Dr. Valerie Mainguy,SPOT X Hotel Tampa Wesley Chapel,spotxhoteltampawesleychapel.com,false,dr@spotxhoteltampawesleychapel.com,pattern-guessing,0.18,false,,
445,Dr. Valerie Mainguy,SPOT X Hotel Tampa Wesley Chapel,spotxhoteltampawesleychapel.com,false,dr.mainguy@spotxhoteltampawesleychapel.com,pattern-guessing,0.18,false,,
445,Dr. Valerie Mainguy,SPOT X Hotel Tampa Wesley Chapel,spotxhoteltampawesleychapel.com,false,drmainguy@spotxhoteltampawesleychapel.com,pattern-guessing,0.18,false,,
445,Dr. Valerie Mainguy,SPOT X Hotel Tampa Wesley Chapel,spotxhoteltampawesleychapel.com,false,dr_mainguy@spotxhoteltampawesleychapel.com,pattern-guessing,0.18,false,,
445,Dr. Valerie Mainguy,SPOT X Hotel Tampa Wesley Chapel,spotxhoteltampawesleychapel.com,false,dmainguy@spotxhoteltampawesleychapel.com,pattern-guessing,0.18,false,,
445,Dr. Valerie Mainguy,SPOT X Hotel Tampa Wesley Chapel,spotxhoteltampawesleychapel.com,false,d.mainguy@spotxhoteltampawesleychapel.com,pattern-guessing,0.18,false,,
445,Dr. Valerie Mainguy,SPOT X Hotel Tampa Wesley Chapel,spotxhoteltampawesleychapel.com,false,drm@spotxhoteltampawesleychapel.com,pattern-guessing,0.18,false,,
446,Rev. Adrienne Hymes,Springhill Suites by Marriott Tampa North,meteofrance.com,false,rev@meteofrance.com,pattern-guessing,0.18,false,,
446,Rev. Adrienne Hymes,Springhill Suites by Marriott Tampa North,meteofrance.com,false,rev.hymes@meteofrance.com,pattern-guessing,0.18,false,,
446,Rev. Adrienne Hymes,Springhill Suites by Marriott Tampa North,meteofrance.com,false,revhymes@meteofrance.com,pattern-guessing,0.18,false,,
446,Rev. Adrienne Hymes,Springhill Suites by Marriott Tampa North,meteofrance.com,false,rev_hymes@meteofrance.com,pattern-guessing,0.18,false,,
446,Rev. Adrienne Hymes,Springhill Suites by Marriott Tampa North,meteofrance.com,false,rhymes@meteofrance.com,pattern-guessing,0.18,false,,
446,Rev. Adrienne Hymes,Springhill Suites by Marriott Tampa North,meteofrance.com,false,r.hymes@meteofrance.com,pattern-guessing,0.18,false,,
446,Rev. Adrienne Hymes,Springhill Suites by Marriott Tampa North,meteofrance.com,false,revh@meteofrance.com,pattern-guessing,0.18,false,,
447,Vera Berishaj,SpringHill Suites Marriott Tampa Suncoast Parkway,springhillsuitesmarriotttampasuncoastparkway.com,false,vera@springhillsuitesmarriotttampasuncoastparkway.com,pattern-guessing,0.18,false,,
447,Vera Berishaj,SpringHill Suites Marriott Tampa Suncoast Parkway,springhillsuitesmarriotttampasuncoastparkway.com,false,vera.berishaj@springhillsuitesmarriotttampasuncoastparkway.com,pattern-guessing,0.18,false,,
447,Vera Berishaj,SpringHill Suites Marriott Tampa Suncoast Parkway,springhillsuitesmarriotttampasuncoastparkway.com,false,veraberishaj@springhillsuitesmarriotttampasuncoastparkway.com,pattern-guessing,0.18,false,,
447,Vera Berishaj,SpringHill Suites Marriott Tampa Suncoast Parkway,springhillsuitesmarriotttampasuncoastparkway.com,false,vera_berishaj@springhillsuitesmarriotttampasuncoastparkway.com,pattern-guessing,0.18,false,,
447,Vera Berishaj,SpringHill Suites Marriott Tampa Suncoast Parkway,springhillsuitesmarriotttampasuncoastparkway.com,false,vberishaj@springhillsuitesmarriotttampasuncoastparkway.com,pattern-guessing,0.18,false,,
447,Vera Berishaj,SpringHill Suites Marriott Tampa Suncoast Parkway,springhillsuitesmarriotttampasuncoastparkway.com,false,v.berishaj@springhillsuitesmarriotttampasuncoastparkway.com,pattern-guessing,0.18,false,,
447,Vera Berishaj,SpringHill Suites Marriott Tampa Suncoast Parkway,springhillsuitesmarriotttampasuncoastparkway.com,false,verab@springhillsuitesmarriotttampasuncoastparkway.com,pattern-guessing,0.18,false,,
448,Kimberly Simon,St. Joseph's Hospital - North,stjosephshospital-north.com,false,kimberly@stjosephshospital-north.com,pattern-guessing,0.18,false,,
448,Kimberly Simon,St. Joseph's Hospital - North,stjosephshospital-north.com,false,kimberly.simon@stjosephshospital-north.com,pattern-guessing,0.18,false,,
448,Kimberly Simon,St. Joseph's Hospital - North,stjosephshospital-north.com,false,kimberlysimon@stjosephshospital-north.com,pattern-guessing,0.18,false,,
448,Kimberly Simon,St. Joseph's Hospital - North,stjosephshospital-north.com,false,kimberly_simon@stjosephshospital-north.com,pattern-guessing,0.18,false,,
448,Kimberly Simon,St. Joseph's Hospital - North,stjosephshospital-north.com,false,ksimon@stjosephshospital-north.com,pattern-guessing,0.18,false,,
448,Kimberly Simon,St. Joseph's Hospital - North,stjosephshospital-north.com,false,k.simon@stjosephshospital-north.com,pattern-guessing,0.18,false,,
448,Kimberly Simon,St. Joseph's Hospital - North,stjosephshospital-north.com,false,kimberlys@stjosephshospital-north.com,pattern-guessing,0.18,false,,
449,Stephanie Vazquez,St. Luke's Cataract and Laser Institute,stlukescataractandlaserinstitute.com,false,stephanie@stlukescataractandlaserinstitute.com,pattern-guessing,0.18,false,,
449,Stephanie Vazquez,St. Luke's Cataract and Laser Institute,stlukescataractandlaserinstitute.com,false,stephanie.vazquez@stlukescataractandlaserinstitute.com,pattern-guessing,0.18,false,,
449,Stephanie Vazquez,St. Luke's Cataract and Laser Institute,stlukescataractandlaserinstitute.com,false,stephanievazquez@stlukescataractandlaserinstitute.com,pattern-guessing,0.18,false,,
449,Stephanie Vazquez,St. Luke's Cataract and Laser Institute,stlukescataractandlaserinstitute.com,false,stephanie_vazquez@stlukescataractandlaserinstitute.com,pattern-guessing,0.18,false,,
449,Stephanie Vazquez,St. Luke's Cataract and Laser Institute,stlukescataractandlaserinstitute.com,false,svazquez@stlukescataractandlaserinstitute.com,pattern-guessing,0.18,false,,
449,Stephanie Vazquez,St. Luke's Cataract and Laser Institute,stlukescataractandlaserinstitute.com,false,s.vazquez@stlukescataractandlaserinstitute.com,pattern-guessing,0.18,false,,
449,Stephanie Vazquez,St. Luke's Cataract and Laser Institute,stlukescataractandlaserinstitute.com,false,stephaniev@stlukescataractandlaserinstitute.com,pattern-guessing,0.18,false,,
450,Dominika Nikolic,St. Mark the Evangelist Catholic Church,stmarktheevangelistcatholicchurch.com,false,dominika@stmarktheevangelistcatholicchurch.com,pattern-guessing,0.18,false,,
450,Dominika Nikolic,St. Mark the Evangelist Catholic Church,stmarktheevangelistcatholicchurch.com,false,dominika.nikolic@stmarktheevangelistcatholicchurch.com,pattern-guessing,0.18,false,,
450,Dominika Nikolic,St. Mark the Evangelist Catholic Church,stmarktheevangelistcatholicchurch.com,false,dominikanikolic@stmarktheevangelistcatholicchurch.com,pattern-guessing,0.18,false,,
450,Dominika Nikolic,St. Mark the Evangelist Catholic Church,stmarktheevangelistcatholicchurch.com,false,dominika_nikolic@stmarktheevangelistcatholicchurch.com,pattern-guessing,0.18,false,,
450,Dominika Nikolic,St. Mark the Evangelist Catholic Church,stmarktheevangelistcatholicchurch.com,false,dnikolic@stmarktheevangelistcatholicchurch.com,pattern-guessing,0.18,false,,
450,Dominika Nikolic,St. Mark the Evangelist Catholic Church,stmarktheevangelistcatholicchurch.com,false,d.nikolic@stmarktheevangelistcatholicchurch.com,pattern-guessing,0.18,false,,
450,Dominika Nikolic,St. Mark the Evangelist Catholic Church,stmarktheevangelistcatholicchurch.com,false,dominikan@stmarktheevangelistcatholicchurch.com,pattern-guessing,0.18,false,,
451,Amanda Watts,St. Paul's Episcopal Church,stpaulsepiscopalchurch.com,false,amanda@stpaulsepiscopalchurch.com,pattern-guessing,0.18,false,,
451,Amanda Watts,St. Paul's Episcopal Church,stpaulsepiscopalchurch.com,false,amanda.watts@stpaulsepiscopalchurch.com,pattern-guessing,0.18,false,,
451,Amanda Watts,St. Paul's Episcopal Church,stpaulsepiscopalchurch.com,false,amandawatts@stpaulsepiscopalchurch.com,pattern-guessing,0.18,false,,
451,Amanda Watts,St. Paul's Episcopal Church,stpaulsepiscopalchurch.com,false,amanda_watts@stpaulsepiscopalchurch.com,pattern-guessing,0.18,false,,
451,Amanda Watts,St. Paul's Episcopal Church,stpaulsepiscopalchurch.com,false,awatts@stpaulsepiscopalchurch.com,pattern-guessing,0.18,false,,
451,Amanda Watts,St. Paul's Episcopal Church,stpaulsepiscopalchurch.com,false,a.watts@stpaulsepiscopalchurch.com,pattern-guessing,0.18,false,,
451,Amanda Watts,St. Paul's Episcopal Church,stpaulsepiscopalchurch.com,false,amandaw@stpaulsepiscopalchurch.com,pattern-guessing,0.18,false,,
452,Will Gibson,"Starkids LLC - The Learning Experience, Zephyrhills",starkids-thelearningexperiencezephyrhills.com,false,will@starkids-thelearningexperiencezephyrhills.com,pattern-guessing,0.18,false,,
452,Will Gibson,"Starkids LLC - The Learning Experience, Zephyrhills",starkids-thelearningexperiencezephyrhills.com,false,will.gibson@starkids-thelearningexperiencezephyrhills.com,pattern-guessing,0.18,false,,
452,Will Gibson,"Starkids LLC - The Learning Experience, Zephyrhills",starkids-thelearningexperiencezephyrhills.com,false,willgibson@starkids-thelearningexperiencezephyrhills.com,pattern-guessing,0.18,false,,
452,Will Gibson,"Starkids LLC - The Learning Experience, Zephyrhills",starkids-thelearningexperiencezephyrhills.com,false,will_gibson@starkids-thelearningexperiencezephyrhills.com,pattern-guessing,0.18,false,,
452,Will Gibson,"Starkids LLC - The Learning Experience, Zephyrhills",starkids-thelearningexperiencezephyrhills.com,false,wgibson@starkids-thelearningexperiencezephyrhills.com,pattern-guessing,0.18,false,,
452,Will Gibson,"Starkids LLC - The Learning Experience, Zephyrhills",starkids-thelearningexperiencezephyrhills.com,false,w.gibson@starkids-thelearningexperiencezephyrhills.com,pattern-guessing,0.18,false,,
452,Will Gibson,"Starkids LLC - The Learning Experience, Zephyrhills",starkids-thelearningexperiencezephyrhills.com,false,willg@starkids-thelearningexperiencezephyrhills.com,pattern-guessing,0.18,false,,
453,Laurel Maslo,State Senator Danny Burgess,statesenatordannyburgess.com,false,laurel@statesenatordannyburgess.com,pattern-guessing,0.18,false,,
453,Laurel Maslo,State Senator Danny Burgess,statesenatordannyburgess.com,false,laurel.maslo@statesenatordannyburgess.com,pattern-guessing,0.18,false,,
453,Laurel Maslo,State Senator Danny Burgess,statesenatordannyburgess.com,false,laurelmaslo@statesenatordannyburgess.com,pattern-guessing,0.18,false,,
453,Laurel Maslo,State Senator Danny Burgess,statesenatordannyburgess.com,false,laurel_maslo@statesenatordannyburgess.com,pattern-guessing,0.18,false,,
453,Laurel Maslo,State Senator Danny Burgess,statesenatordannyburgess.com,false,lmaslo@statesenatordannyburgess.com,pattern-guessing,0.18,false,,
453,Laurel Maslo,State Senator Danny Burgess,statesenatordannyburgess.com,false,l.maslo@statesenatordannyburgess.com,pattern-guessing,0.18,false,,
453,Laurel Maslo,State Senator Danny Burgess,statesenatordannyburgess.com,false,laurelm@statesenatordannyburgess.com,pattern-guessing,0.18,false,,
454,Taylor Lambert,"Stephanie Vazquez, Candidate for Pasco County Commission",stephanievazquezcandidateforpascocountycommission.com,false,taylor@stephanievazquezcandidateforpascocountycommission.com,pattern-guessing,0.18,false,,
454,Taylor Lambert,"Stephanie Vazquez, Candidate for Pasco County Commission",stephanievazquezcandidateforpascocountycommission.com,false,taylor.lambert@stephanievazquezcandidateforpascocountycommission.com,pattern-guessing,0.18,false,,
454,Taylor Lambert,"Stephanie Vazquez, Candidate for Pasco County Commission",stephanievazquezcandidateforpascocountycommission.com,false,taylorlambert@stephanievazquezcandidateforpascocountycommission.com,pattern-guessing,0.18,false,,
454,Taylor Lambert,"Stephanie Vazquez, Candidate for Pasco County Commission",stephanievazquezcandidateforpascocountycommission.com,false,taylor_lambert@stephanievazquezcandidateforpascocountycommission.com,pattern-guessing,0.18,false,,
454,Taylor Lambert,"Stephanie Vazquez, Candidate for Pasco County Commission",stephanievazquezcandidateforpascocountycommission.com,false,tlambert@stephanievazquezcandidateforpascocountycommission.com,pattern-guessing,0.18,false,,
454,Taylor Lambert,"Stephanie Vazquez, Candidate for Pasco County Commission",stephanievazquezcandidateforpascocountycommission.com,false,t.lambert@stephanievazquezcandidateforpascocountycommission.com,pattern-guessing,0.18,false,,
454,Taylor Lambert,"Stephanie Vazquez, Candidate for Pasco County Commission",stephanievazquezcandidateforpascocountycommission.com,false,taylorl@stephanievazquezcandidateforpascocountycommission.com,pattern-guessing,0.18,false,,
455,Taylor Lambert,STRETCHLAB - Carrollwood,stretchlab.com,true,taylor@stretchlab.com,pattern-guessing,0.38,false,,
455,Taylor Lambert,STRETCHLAB - Carrollwood,stretchlab.com,true,taylor.lambert@stretchlab.com,pattern-guessing,0.38,false,,
455,Taylor Lambert,STRETCHLAB - Carrollwood,stretchlab.com,true,taylorlambert@stretchlab.com,pattern-guessing,0.38,false,,
455,Taylor Lambert,STRETCHLAB - Carrollwood,stretchlab.com,true,taylor_lambert@stretchlab.com,pattern-guessing,0.38,false,,
455,Taylor Lambert,STRETCHLAB - Carrollwood,stretchlab.com,true,tlambert@stretchlab.com,pattern-guessing,0.38,false,,
455,Taylor Lambert,STRETCHLAB - Carrollwood,stretchlab.com,true,t.lambert@stretchlab.com,pattern-guessing,0.38,false,,
455,Taylor Lambert,STRETCHLAB - Carrollwood,stretchlab.com,true,taylorl@stretchlab.com,pattern-guessing,0.38,false,,
456,Taylor Lambert,Style Lounge Head Spa & Esthetics,styleloungeheadspaandesthetics.com,false,taylor@styleloungeheadspaandesthetics.com,pattern-guessing,0.18,false,,
456,Taylor Lambert,Style Lounge Head Spa & Esthetics,styleloungeheadspaandesthetics.com,false,taylor.lambert@styleloungeheadspaandesthetics.com,pattern-guessing,0.18,false,,
456,Taylor Lambert,Style Lounge Head Spa & Esthetics,styleloungeheadspaandesthetics.com,false,taylorlambert@styleloungeheadspaandesthetics.com,pattern-guessing,0.18,false,,
456,Taylor Lambert,Style Lounge Head Spa & Esthetics,styleloungeheadspaandesthetics.com,false,taylor_lambert@styleloungeheadspaandesthetics.com,pattern-guessing,0.18,false,,
456,Taylor Lambert,Style Lounge Head Spa & Esthetics,styleloungeheadspaandesthetics.com,false,tlambert@styleloungeheadspaandesthetics.com,pattern-guessing,0.18,false,,
456,Taylor Lambert,Style Lounge Head Spa & Esthetics,styleloungeheadspaandesthetics.com,false,t.lambert@styleloungeheadspaandesthetics.com,pattern-guessing,0.18,false,,
456,Taylor Lambert,Style Lounge Head Spa & Esthetics,styleloungeheadspaandesthetics.com,false,taylorl@styleloungeheadspaandesthetics.com,pattern-guessing,0.18,false,,
457,Jennifer Raubunas,Sugar N Spice Preschool of Lexington Oaks,sugarnspicepreschooloflexingtonoaks.com,false,jennifer@sugarnspicepreschooloflexingtonoaks.com,pattern-guessing,0.18,false,,
457,Jennifer Raubunas,Sugar N Spice Preschool of Lexington Oaks,sugarnspicepreschooloflexingtonoaks.com,false,jennifer.raubunas@sugarnspicepreschooloflexingtonoaks.com,pattern-guessing,0.18,false,,
457,Jennifer Raubunas,Sugar N Spice Preschool of Lexington Oaks,sugarnspicepreschooloflexingtonoaks.com,false,jenniferraubunas@sugarnspicepreschooloflexingtonoaks.com,pattern-guessing,0.18,false,,
457,Jennifer Raubunas,Sugar N Spice Preschool of Lexington Oaks,sugarnspicepreschooloflexingtonoaks.com,false,jennifer_raubunas@sugarnspicepreschooloflexingtonoaks.com,pattern-guessing,0.18,false,,
457,Jennifer Raubunas,Sugar N Spice Preschool of Lexington Oaks,sugarnspicepreschooloflexingtonoaks.com,false,jraubunas@sugarnspicepreschooloflexingtonoaks.com,pattern-guessing,0.18,false,,
457,Jennifer Raubunas,Sugar N Spice Preschool of Lexington Oaks,sugarnspicepreschooloflexingtonoaks.com,false,j.raubunas@sugarnspicepreschooloflexingtonoaks.com,pattern-guessing,0.18,false,,
457,Jennifer Raubunas,Sugar N Spice Preschool of Lexington Oaks,sugarnspicepreschooloflexingtonoaks.com,false,jenniferr@sugarnspicepreschooloflexingtonoaks.com,pattern-guessing,0.18,false,,
458,Shane Lacey,Suicide Prevention Training Institute (SPTI),suicidepreventiontraininginstitutespti.com,false,shane@suicidepreventiontraininginstitutespti.com,pattern-guessing,0.18,false,,
458,Shane Lacey,Suicide Prevention Training Institute (SPTI),suicidepreventiontraininginstitutespti.com,false,shane.lacey@suicidepreventiontraininginstitutespti.com,pattern-guessing,0.18,false,,
458,Shane Lacey,Suicide Prevention Training Institute (SPTI),suicidepreventiontraininginstitutespti.com,false,shanelacey@suicidepreventiontraininginstitutespti.com,pattern-guessing,0.18,false,,
458,Shane Lacey,Suicide Prevention Training Institute (SPTI),suicidepreventiontraininginstitutespti.com,false,shane_lacey@suicidepreventiontraininginstitutespti.com,pattern-guessing,0.18,false,,
458,Shane Lacey,Suicide Prevention Training Institute (SPTI),suicidepreventiontraininginstitutespti.com,false,slacey@suicidepreventiontraininginstitutespti.com,pattern-guessing,0.18,false,,
458,Shane Lacey,Suicide Prevention Training Institute (SPTI),suicidepreventiontraininginstitutespti.com,false,s.lacey@suicidepreventiontraininginstitutespti.com,pattern-guessing,0.18,false,,
458,Shane Lacey,Suicide Prevention Training Institute (SPTI),suicidepreventiontraininginstitutespti.com,false,shanel@suicidepreventiontraininginstitutespti.com,pattern-guessing,0.18,false,,
459,Eric Anderson,Suncoast Credit Union - New Tampa,locations.suncoastcreditunion.com,false,eric@locations.suncoastcreditunion.com,pattern-guessing,0.18,false,,
459,Eric Anderson,Suncoast Credit Union - New Tampa,locations.suncoastcreditunion.com,false,eric.anderson@locations.suncoastcreditunion.com,pattern-guessing,0.18,false,,
459,Eric Anderson,Suncoast Credit Union - New Tampa,locations.suncoastcreditunion.com,false,ericanderson@locations.suncoastcreditunion.com,pattern-guessing,0.18,false,,
459,Eric Anderson,Suncoast Credit Union - New Tampa,locations.suncoastcreditunion.com,false,eric_anderson@locations.suncoastcreditunion.com,pattern-guessing,0.18,false,,
459,Eric Anderson,Suncoast Credit Union - New Tampa,locations.suncoastcreditunion.com,false,eanderson@locations.suncoastcreditunion.com,pattern-guessing,0.18,false,,
459,Eric Anderson,Suncoast Credit Union - New Tampa,locations.suncoastcreditunion.com,false,e.anderson@locations.suncoastcreditunion.com,pattern-guessing,0.18,false,,
459,Eric Anderson,Suncoast Credit Union - New Tampa,locations.suncoastcreditunion.com,false,erica@locations.suncoastcreditunion.com,pattern-guessing,0.18,false,,
460,Sharon Mercer,Suncoast Credit Union - Trinity,locations.suncoastcreditunion.com,false,sharon@locations.suncoastcreditunion.com,pattern-guessing,0.18,false,,
460,Sharon Mercer,Suncoast Credit Union - Trinity,locations.suncoastcreditunion.com,false,sharon.mercer@locations.suncoastcreditunion.com,pattern-guessing,0.18,false,,
460,Sharon Mercer,Suncoast Credit Union - Trinity,locations.suncoastcreditunion.com,false,sharonmercer@locations.suncoastcreditunion.com,pattern-guessing,0.18,false,,
460,Sharon Mercer,Suncoast Credit Union - Trinity,locations.suncoastcreditunion.com,false,sharon_mercer@locations.suncoastcreditunion.com,pattern-guessing,0.18,false,,
460,Sharon Mercer,Suncoast Credit Union - Trinity,locations.suncoastcreditunion.com,false,smercer@locations.suncoastcreditunion.com,pattern-guessing,0.18,false,,
460,Sharon Mercer,Suncoast Credit Union - Trinity,locations.suncoastcreditunion.com,false,s.mercer@locations.suncoastcreditunion.com,pattern-guessing,0.18,false,,
460,Sharon Mercer,Suncoast Credit Union - Trinity,locations.suncoastcreditunion.com,false,sharonm@locations.suncoastcreditunion.com,pattern-guessing,0.18,false,,
461,Lesia Napodano,Suncoast Credit Union - Wiregrass,locations.suncoastcreditunion.com,false,lesia@locations.suncoastcreditunion.com,pattern-guessing,0.18,false,,
461,Lesia Napodano,Suncoast Credit Union - Wiregrass,locations.suncoastcreditunion.com,false,lesia.napodano@locations.suncoastcreditunion.com,pattern-guessing,0.18,false,,
461,Lesia Napodano,Suncoast Credit Union - Wiregrass,locations.suncoastcreditunion.com,false,lesianapodano@locations.suncoastcreditunion.com,pattern-guessing,0.18,false,,
461,Lesia Napodano,Suncoast Credit Union - Wiregrass,locations.suncoastcreditunion.com,false,lesia_napodano@locations.suncoastcreditunion.com,pattern-guessing,0.18,false,,
461,Lesia Napodano,Suncoast Credit Union - Wiregrass,locations.suncoastcreditunion.com,false,lnapodano@locations.suncoastcreditunion.com,pattern-guessing,0.18,false,,
461,Lesia Napodano,Suncoast Credit Union - Wiregrass,locations.suncoastcreditunion.com,false,l.napodano@locations.suncoastcreditunion.com,pattern-guessing,0.18,false,,
461,Lesia Napodano,Suncoast Credit Union - Wiregrass,locations.suncoastcreditunion.com,false,lesian@locations.suncoastcreditunion.com,pattern-guessing,0.18,false,,
462,Courtney Booth,Sunrise Irrigation,sunriseirrigation.com,false,courtney@sunriseirrigation.com,pattern-guessing,0.18,false,,
462,Courtney Booth,Sunrise Irrigation,sunriseirrigation.com,false,courtney.booth@sunriseirrigation.com,pattern-guessing,0.18,false,,
462,Courtney Booth,Sunrise Irrigation,sunriseirrigation.com,false,courtneybooth@sunriseirrigation.com,pattern-guessing,0.18,false,,
462,Courtney Booth,Sunrise Irrigation,sunriseirrigation.com,false,courtney_booth@sunriseirrigation.com,pattern-guessing,0.18,false,,
462,Courtney Booth,Sunrise Irrigation,sunriseirrigation.com,false,cbooth@sunriseirrigation.com,pattern-guessing,0.18,false,,
462,Courtney Booth,Sunrise Irrigation,sunriseirrigation.com,false,c.booth@sunriseirrigation.com,pattern-guessing,0.18,false,,
462,Courtney Booth,Sunrise Irrigation,sunriseirrigation.com,false,courtneyb@sunriseirrigation.com,pattern-guessing,0.18,false,,
463,JP Peletis,Sunset Funeral Home & Memory Gardens,sunsetfuneralhomeandmemorygardens.com,false,jp@sunsetfuneralhomeandmemorygardens.com,pattern-guessing,0.18,false,,
463,JP Peletis,Sunset Funeral Home & Memory Gardens,sunsetfuneralhomeandmemorygardens.com,false,jp.peletis@sunsetfuneralhomeandmemorygardens.com,pattern-guessing,0.18,false,,
463,JP Peletis,Sunset Funeral Home & Memory Gardens,sunsetfuneralhomeandmemorygardens.com,false,jppeletis@sunsetfuneralhomeandmemorygardens.com,pattern-guessing,0.18,false,,
463,JP Peletis,Sunset Funeral Home & Memory Gardens,sunsetfuneralhomeandmemorygardens.com,false,jp_peletis@sunsetfuneralhomeandmemorygardens.com,pattern-guessing,0.18,false,,
463,JP Peletis,Sunset Funeral Home & Memory Gardens,sunsetfuneralhomeandmemorygardens.com,false,jpeletis@sunsetfuneralhomeandmemorygardens.com,pattern-guessing,0.18,false,,
463,JP Peletis,Sunset Funeral Home & Memory Gardens,sunsetfuneralhomeandmemorygardens.com,false,j.peletis@sunsetfuneralhomeandmemorygardens.com,pattern-guessing,0.18,false,,
463,JP Peletis,Sunset Funeral Home & Memory Gardens,sunsetfuneralhomeandmemorygardens.com,false,jpp@sunsetfuneralhomeandmemorygardens.com,pattern-guessing,0.18,false,,
464,Steve Fidura,"SYNERGY AD SPECIALTIES, INC.",synergyadspecialties.com,true,info@synergyadspecialties.com,web-scraping,0.54,false,https://synergyadspecialties.com/,
464,Steve Fidura,"SYNERGY AD SPECIALTIES, INC.",synergyadspecialties.com,true,steve@synergyadspecialties.com,pattern-guessing,0.38,false,,
464,Steve Fidura,"SYNERGY AD SPECIALTIES, INC.",synergyadspecialties.com,true,steve.fidura@synergyadspecialties.com,pattern-guessing,0.38,false,,
464,Steve Fidura,"SYNERGY AD SPECIALTIES, INC.",synergyadspecialties.com,true,stevefidura@synergyadspecialties.com,pattern-guessing,0.38,false,,
464,Steve Fidura,"SYNERGY AD SPECIALTIES, INC.",synergyadspecialties.com,true,steve_fidura@synergyadspecialties.com,pattern-guessing,0.38,false,,
464,Steve Fidura,"SYNERGY AD SPECIALTIES, INC.",synergyadspecialties.com,true,sfidura@synergyadspecialties.com,pattern-guessing,0.38,false,,
464,Steve Fidura,"SYNERGY AD SPECIALTIES, INC.",synergyadspecialties.com,true,s.fidura@synergyadspecialties.com,pattern-guessing,0.38,false,,
464,Steve Fidura,"SYNERGY AD SPECIALTIES, INC.",synergyadspecialties.com,true,stevef@synergyadspecialties.com,pattern-guessing,0.38,false,,
465,Bob Rohrlack,Synovus Bank - Trinity,investors.pnfp.com,false,bob@investors.pnfp.com,pattern-guessing,0.18,false,,
465,Bob Rohrlack,Synovus Bank - Trinity,investors.pnfp.com,false,bob.rohrlack@investors.pnfp.com,pattern-guessing,0.18,false,,
465,Bob Rohrlack,Synovus Bank - Trinity,investors.pnfp.com,false,bobrohrlack@investors.pnfp.com,pattern-guessing,0.18,false,,
465,Bob Rohrlack,Synovus Bank - Trinity,investors.pnfp.com,false,bob_rohrlack@investors.pnfp.com,pattern-guessing,0.18,false,,
465,Bob Rohrlack,Synovus Bank - Trinity,investors.pnfp.com,false,brohrlack@investors.pnfp.com,pattern-guessing,0.18,false,,
465,Bob Rohrlack,Synovus Bank - Trinity,investors.pnfp.com,false,b.rohrlack@investors.pnfp.com,pattern-guessing,0.18,false,,
465,Bob Rohrlack,Synovus Bank - Trinity,investors.pnfp.com,false,bobr@investors.pnfp.com,pattern-guessing,0.18,false,,
466,Justice Gennari,Synovus Bank - Wesley Chapel,investors.pnfp.com,false,justice@investors.pnfp.com,pattern-guessing,0.18,false,,
466,Justice Gennari,Synovus Bank - Wesley Chapel,investors.pnfp.com,false,justice.gennari@investors.pnfp.com,pattern-guessing,0.18,false,,
466,Justice Gennari,Synovus Bank - Wesley Chapel,investors.pnfp.com,false,justicegennari@investors.pnfp.com,pattern-guessing,0.18,false,,
466,Justice Gennari,Synovus Bank - Wesley Chapel,investors.pnfp.com,false,justice_gennari@investors.pnfp.com,pattern-guessing,0.18,false,,
466,Justice Gennari,Synovus Bank - Wesley Chapel,investors.pnfp.com,false,jgennari@investors.pnfp.com,pattern-guessing,0.18,false,,
466,Justice Gennari,Synovus Bank - Wesley Chapel,investors.pnfp.com,false,j.gennari@investors.pnfp.com,pattern-guessing,0.18,false,,
466,Justice Gennari,Synovus Bank - Wesley Chapel,investors.pnfp.com,false,justiceg@investors.pnfp.com,pattern-guessing,0.18,false,,
467,Mr. Billy Somerville,Tadlock roofing,tadlockroofing.com,true,mr@tadlockroofing.com,pattern-guessing,0.38,false,,
467,Mr. Billy Somerville,Tadlock roofing,tadlockroofing.com,true,mr.somerville@tadlockroofing.com,pattern-guessing,0.38,false,,
467,Mr. Billy Somerville,Tadlock roofing,tadlockroofing.com,true,mrsomerville@tadlockroofing.com,pattern-guessing,0.38,false,,
467,Mr. Billy Somerville,Tadlock roofing,tadlockroofing.com,true,mr_somerville@tadlockroofing.com,pattern-guessing,0.38,false,,
467,Mr. Billy Somerville,Tadlock roofing,tadlockroofing.com,true,msomerville@tadlockroofing.com,pattern-guessing,0.38,false,,
467,Mr. Billy Somerville,Tadlock roofing,tadlockroofing.com,true,m.somerville@tadlockroofing.com,pattern-guessing,0.38,false,,
467,Mr. Billy Somerville,Tadlock roofing,tadlockroofing.com,true,mrs@tadlockroofing.com,pattern-guessing,0.38,false,,
468,Jeremy Rubenstein,Tampa Bay 28,tampa.gov,true,jeremy@tampa.gov,pattern-guessing,0.38,false,,
468,Jeremy Rubenstein,Tampa Bay 28,tampa.gov,true,jeremy.rubenstein@tampa.gov,pattern-guessing,0.38,false,,
468,Jeremy Rubenstein,Tampa Bay 28,tampa.gov,true,jeremyrubenstein@tampa.gov,pattern-guessing,0.38,false,,
468,Jeremy Rubenstein,Tampa Bay 28,tampa.gov,true,jeremy_rubenstein@tampa.gov,pattern-guessing,0.38,false,,
468,Jeremy Rubenstein,Tampa Bay 28,tampa.gov,true,jrubenstein@tampa.gov,pattern-guessing,0.38,false,,
468,Jeremy Rubenstein,Tampa Bay 28,tampa.gov,true,j.rubenstein@tampa.gov,pattern-guessing,0.38,false,,
468,Jeremy Rubenstein,Tampa Bay 28,tampa.gov,true,jeremyr@tampa.gov,pattern-guessing,0.38,false,,
469,Troy Stevenson,Tampa Bay Buccaneers,buccaneers.com,true,troy@buccaneers.com,pattern-guessing,0.38,false,,
469,Troy Stevenson,Tampa Bay Buccaneers,buccaneers.com,true,troy.stevenson@buccaneers.com,pattern-guessing,0.38,false,,
469,Troy Stevenson,Tampa Bay Buccaneers,buccaneers.com,true,troystevenson@buccaneers.com,pattern-guessing,0.38,false,,
469,Troy Stevenson,Tampa Bay Buccaneers,buccaneers.com,true,troy_stevenson@buccaneers.com,pattern-guessing,0.38,false,,
469,Troy Stevenson,Tampa Bay Buccaneers,buccaneers.com,true,tstevenson@buccaneers.com,pattern-guessing,0.38,false,,
469,Troy Stevenson,Tampa Bay Buccaneers,buccaneers.com,true,t.stevenson@buccaneers.com,pattern-guessing,0.38,false,,
469,Troy Stevenson,Tampa Bay Buccaneers,buccaneers.com,true,troys@buccaneers.com,pattern-guessing,0.38,false,,
470,Terri Williamson,Tampa Bay Chamber,tampa.gov,true,terri@tampa.gov,pattern-guessing,0.38,false,,
470,Terri Williamson,Tampa Bay Chamber,tampa.gov,true,terri.williamson@tampa.gov,pattern-guessing,0.38,false,,
470,Terri Williamson,Tampa Bay Chamber,tampa.gov,true,terriwilliamson@tampa.gov,pattern-guessing,0.38,false,,
470,Terri Williamson,Tampa Bay Chamber,tampa.gov,true,terri_williamson@tampa.gov,pattern-guessing,0.38,false,,
470,Terri Williamson,Tampa Bay Chamber,tampa.gov,true,twilliamson@tampa.gov,pattern-guessing,0.38,false,,
470,Terri Williamson,Tampa Bay Chamber,tampa.gov,true,t.williamson@tampa.gov,pattern-guessing,0.38,false,,
470,Terri Williamson,Tampa Bay Chamber,tampa.gov,true,terriw@tampa.gov,pattern-guessing,0.38,false,,
471,Mae McKinney,Tampa Bay Diversity Chamber of Commerce,tampa.gov,true,mae@tampa.gov,pattern-guessing,0.38,false,,
471,Mae McKinney,Tampa Bay Diversity Chamber of Commerce,tampa.gov,true,mae.mckinney@tampa.gov,pattern-guessing,0.38,false,,
471,Mae McKinney,Tampa Bay Diversity Chamber of Commerce,tampa.gov,true,maemckinney@tampa.gov,pattern-guessing,0.38,false,,
471,Mae McKinney,Tampa Bay Diversity Chamber of Commerce,tampa.gov,true,mae_mckinney@tampa.gov,pattern-guessing,0.38,false,,
471,Mae McKinney,Tampa Bay Diversity Chamber of Commerce,tampa.gov,true,mmckinney@tampa.gov,pattern-guessing,0.38,false,,
471,Mae McKinney,Tampa Bay Diversity Chamber of Commerce,tampa.gov,true,m.mckinney@tampa.gov,pattern-guessing,0.38,false,,
471,Mae McKinney,Tampa Bay Diversity Chamber of Commerce,tampa.gov,true,maem@tampa.gov,pattern-guessing,0.38,false,,
472,Andy Taylor,Tampa Bay History Center,tampa.gov,true,andy@tampa.gov,pattern-guessing,0.38,false,,
472,Andy Taylor,Tampa Bay History Center,tampa.gov,true,andy.taylor@tampa.gov,pattern-guessing,0.38,false,,
472,Andy Taylor,Tampa Bay History Center,tampa.gov,true,andytaylor@tampa.gov,pattern-guessing,0.38,false,,
472,Andy Taylor,Tampa Bay History Center,tampa.gov,true,andy_taylor@tampa.gov,pattern-guessing,0.38,false,,
472,Andy Taylor,Tampa Bay History Center,tampa.gov,true,ataylor@tampa.gov,pattern-guessing,0.38,false,,
472,Andy Taylor,Tampa Bay History Center,tampa.gov,true,a.taylor@tampa.gov,pattern-guessing,0.38,false,,
472,Andy Taylor,Tampa Bay History Center,tampa.gov,true,andyt@tampa.gov,pattern-guessing,0.38,false,,
473,Ashaki Williams Burgess,Tampa Bay Mitigation Bank,tampa.gov,true,ashaki@tampa.gov,pattern-guessing,0.38,false,,
473,Ashaki Williams Burgess,Tampa Bay Mitigation Bank,tampa.gov,true,ashaki.burgess@tampa.gov,pattern-guessing,0.38,false,,
473,Ashaki Williams Burgess,Tampa Bay Mitigation Bank,tampa.gov,true,ashakiburgess@tampa.gov,pattern-guessing,0.38,false,,
473,Ashaki Williams Burgess,Tampa Bay Mitigation Bank,tampa.gov,true,ashaki_burgess@tampa.gov,pattern-guessing,0.38,false,,
473,Ashaki Williams Burgess,Tampa Bay Mitigation Bank,tampa.gov,true,aburgess@tampa.gov,pattern-guessing,0.38,false,,
473,Ashaki Williams Burgess,Tampa Bay Mitigation Bank,tampa.gov,true,a.burgess@tampa.gov,pattern-guessing,0.38,false,,
473,Ashaki Williams Burgess,Tampa Bay Mitigation Bank,tampa.gov,true,ashakib@tampa.gov,pattern-guessing,0.38,false,,
474,Ashley Colon,Tampa Bay Mobile Billboards,tampa.gov,true,ashley@tampa.gov,pattern-guessing,0.38,false,,
474,Ashley Colon,Tampa Bay Mobile Billboards,tampa.gov,true,ashley.colon@tampa.gov,pattern-guessing,0.38,false,,
474,Ashley Colon,Tampa Bay Mobile Billboards,tampa.gov,true,ashleycolon@tampa.gov,pattern-guessing,0.38,false,,
474,Ashley Colon,Tampa Bay Mobile Billboards,tampa.gov,true,ashley_colon@tampa.gov,pattern-guessing,0.38,false,,
474,Ashley Colon,Tampa Bay Mobile Billboards,tampa.gov,true,acolon@tampa.gov,pattern-guessing,0.38,false,,
474,Ashley Colon,Tampa Bay Mobile Billboards,tampa.gov,true,a.colon@tampa.gov,pattern-guessing,0.38,false,,
474,Ashley Colon,Tampa Bay Mobile Billboards,tampa.gov,true,ashleyc@tampa.gov,pattern-guessing,0.38,false,,
475,Ken Kumar,Tampa Beacon,tampa.gov,true,ken@tampa.gov,pattern-guessing,0.38,false,,
475,Ken Kumar,Tampa Beacon,tampa.gov,true,ken.kumar@tampa.gov,pattern-guessing,0.38,false,,
475,Ken Kumar,Tampa Beacon,tampa.gov,true,kenkumar@tampa.gov,pattern-guessing,0.38,false,,
475,Ken Kumar,Tampa Beacon,tampa.gov,true,ken_kumar@tampa.gov,pattern-guessing,0.38,false,,
475,Ken Kumar,Tampa Beacon,tampa.gov,true,kkumar@tampa.gov,pattern-guessing,0.38,false,,
475,Ken Kumar,Tampa Beacon,tampa.gov,true,k.kumar@tampa.gov,pattern-guessing,0.38,false,,
475,Ken Kumar,Tampa Beacon,tampa.gov,true,kenk@tampa.gov,pattern-guessing,0.38,false,,
476,Bradley Skinner,Tampa Early College Academy,tampa.gov,true,bradley@tampa.gov,pattern-guessing,0.38,false,,
476,Bradley Skinner,Tampa Early College Academy,tampa.gov,true,bradley.skinner@tampa.gov,pattern-guessing,0.38,false,,
476,Bradley Skinner,Tampa Early College Academy,tampa.gov,true,bradleyskinner@tampa.gov,pattern-guessing,0.38,false,,
476,Bradley Skinner,Tampa Early College Academy,tampa.gov,true,bradley_skinner@tampa.gov,pattern-guessing,0.38,false,,
476,Bradley Skinner,Tampa Early College Academy,tampa.gov,true,bskinner@tampa.gov,pattern-guessing,0.38,false,,
476,Bradley Skinner,Tampa Early College Academy,tampa.gov,true,b.skinner@tampa.gov,pattern-guessing,0.38,false,,
476,Bradley Skinner,Tampa Early College Academy,tampa.gov,true,bradleys@tampa.gov,pattern-guessing,0.38,false,,
477,Tyler Hamilton,Tampa Electric Company,tampa.gov,true,tyler@tampa.gov,pattern-guessing,0.38,false,,
477,Tyler Hamilton,Tampa Electric Company,tampa.gov,true,tyler.hamilton@tampa.gov,pattern-guessing,0.38,false,,
477,Tyler Hamilton,Tampa Electric Company,tampa.gov,true,tylerhamilton@tampa.gov,pattern-guessing,0.38,false,,
477,Tyler Hamilton,Tampa Electric Company,tampa.gov,true,tyler_hamilton@tampa.gov,pattern-guessing,0.38,false,,
477,Tyler Hamilton,Tampa Electric Company,tampa.gov,true,thamilton@tampa.gov,pattern-guessing,0.38,false,,
477,Tyler Hamilton,Tampa Electric Company,tampa.gov,true,t.hamilton@tampa.gov,pattern-guessing,0.38,false,,
477,Tyler Hamilton,Tampa Electric Company,tampa.gov,true,tylerh@tampa.gov,pattern-guessing,0.38,false,,
478,Jonathan Martinez,Tampa Family Health Centers,tampa.gov,true,jonathan@tampa.gov,pattern-guessing,0.38,false,,
478,Jonathan Martinez,Tampa Family Health Centers,tampa.gov,true,jonathan.martinez@tampa.gov,pattern-guessing,0.38,false,,
478,Jonathan Martinez,Tampa Family Health Centers,tampa.gov,true,jonathanmartinez@tampa.gov,pattern-guessing,0.38,false,,
478,Jonathan Martinez,Tampa Family Health Centers,tampa.gov,true,jonathan_martinez@tampa.gov,pattern-guessing,0.38,false,,
478,Jonathan Martinez,Tampa Family Health Centers,tampa.gov,true,jmartinez@tampa.gov,pattern-guessing,0.38,false,,
478,Jonathan Martinez,Tampa Family Health Centers,tampa.gov,true,j.martinez@tampa.gov,pattern-guessing,0.38,false,,
478,Jonathan Martinez,Tampa Family Health Centers,tampa.gov,true,jonathanm@tampa.gov,pattern-guessing,0.38,false,,
479,Ms. Nancy Stubbs,Tapestry Cypress Creek Apartments,tapestrycypresscreekapartments.com,true,ms@tapestrycypresscreekapartments.com,pattern-guessing,0.38,false,,
479,Ms. Nancy Stubbs,Tapestry Cypress Creek Apartments,tapestrycypresscreekapartments.com,true,ms.stubbs@tapestrycypresscreekapartments.com,pattern-guessing,0.38,false,,
479,Ms. Nancy Stubbs,Tapestry Cypress Creek Apartments,tapestrycypresscreekapartments.com,true,msstubbs@tapestrycypresscreekapartments.com,pattern-guessing,0.38,false,,
479,Ms. Nancy Stubbs,Tapestry Cypress Creek Apartments,tapestrycypresscreekapartments.com,true,ms_stubbs@tapestrycypresscreekapartments.com,pattern-guessing,0.38,false,,
479,Ms. Nancy Stubbs,Tapestry Cypress Creek Apartments,tapestrycypresscreekapartments.com,true,mstubbs@tapestrycypresscreekapartments.com,pattern-guessing,0.38,false,,
479,Ms. Nancy Stubbs,Tapestry Cypress Creek Apartments,tapestrycypresscreekapartments.com,true,m.stubbs@tapestrycypresscreekapartments.com,pattern-guessing,0.38,false,,
479,Ms. Nancy Stubbs,Tapestry Cypress Creek Apartments,tapestrycypresscreekapartments.com,true,mss@tapestrycypresscreekapartments.com,pattern-guessing,0.38,false,,
480,Riz Hakim,TeamLogic IT,teamlogicit.com,true,riz@teamlogicit.com,pattern-guessing,0.38,false,,
480,Riz Hakim,TeamLogic IT,teamlogicit.com,true,riz.hakim@teamlogicit.com,pattern-guessing,0.38,false,,
480,Riz Hakim,TeamLogic IT,teamlogicit.com,true,rizhakim@teamlogicit.com,pattern-guessing,0.38,false,,
480,Riz Hakim,TeamLogic IT,teamlogicit.com,true,riz_hakim@teamlogicit.com,pattern-guessing,0.38,false,,
480,Riz Hakim,TeamLogic IT,teamlogicit.com,true,rhakim@teamlogicit.com,pattern-guessing,0.38,false,,
480,Riz Hakim,TeamLogic IT,teamlogicit.com,true,r.hakim@teamlogicit.com,pattern-guessing,0.38,false,,
480,Riz Hakim,TeamLogic IT,teamlogicit.com,true,rizh@teamlogicit.com,pattern-guessing,0.38,false,,
481,Chelley Hellmers,TEK DECKS PAVERS LLC,tekdeckspavers.com,false,chelley@tekdeckspavers.com,pattern-guessing,0.18,false,,
481,Chelley Hellmers,TEK DECKS PAVERS LLC,tekdeckspavers.com,false,chelley.hellmers@tekdeckspavers.com,pattern-guessing,0.18,false,,
481,Chelley Hellmers,TEK DECKS PAVERS LLC,tekdeckspavers.com,false,chelleyhellmers@tekdeckspavers.com,pattern-guessing,0.18,false,,
481,Chelley Hellmers,TEK DECKS PAVERS LLC,tekdeckspavers.com,false,chelley_hellmers@tekdeckspavers.com,pattern-guessing,0.18,false,,
481,Chelley Hellmers,TEK DECKS PAVERS LLC,tekdeckspavers.com,false,chellmers@tekdeckspavers.com,pattern-guessing,0.18,false,,
481,Chelley Hellmers,TEK DECKS PAVERS LLC,tekdeckspavers.com,false,c.hellmers@tekdeckspavers.com,pattern-guessing,0.18,false,,
481,Chelley Hellmers,TEK DECKS PAVERS LLC,tekdeckspavers.com,false,chelleyh@tekdeckspavers.com,pattern-guessing,0.18,false,,
482,Jill Etheridge,Texas Roadhouse,vocaroo.com,true,jill@vocaroo.com,pattern-guessing,0.38,false,,
482,Jill Etheridge,Texas Roadhouse,vocaroo.com,true,jill.etheridge@vocaroo.com,pattern-guessing,0.38,false,,
482,Jill Etheridge,Texas Roadhouse,vocaroo.com,true,jilletheridge@vocaroo.com,pattern-guessing,0.38,false,,
482,Jill Etheridge,Texas Roadhouse,vocaroo.com,true,jill_etheridge@vocaroo.com,pattern-guessing,0.38,false,,
482,Jill Etheridge,Texas Roadhouse,vocaroo.com,true,jetheridge@vocaroo.com,pattern-guessing,0.38,false,,
482,Jill Etheridge,Texas Roadhouse,vocaroo.com,true,j.etheridge@vocaroo.com,pattern-guessing,0.38,false,,
482,Jill Etheridge,Texas Roadhouse,vocaroo.com,true,jille@vocaroo.com,pattern-guessing,0.38,false,,
483,Mark Ward,That 1 Painter,mathworld.wolfram.com,false,mark@mathworld.wolfram.com,pattern-guessing,0.18,false,,
483,Mark Ward,That 1 Painter,mathworld.wolfram.com,false,mark.ward@mathworld.wolfram.com,pattern-guessing,0.18,false,,
483,Mark Ward,That 1 Painter,mathworld.wolfram.com,false,markward@mathworld.wolfram.com,pattern-guessing,0.18,false,,
483,Mark Ward,That 1 Painter,mathworld.wolfram.com,false,mark_ward@mathworld.wolfram.com,pattern-guessing,0.18,false,,
483,Mark Ward,That 1 Painter,mathworld.wolfram.com,false,mward@mathworld.wolfram.com,pattern-guessing,0.18,false,,
483,Mark Ward,That 1 Painter,mathworld.wolfram.com,false,m.ward@mathworld.wolfram.com,pattern-guessing,0.18,false,,
483,Mark Ward,That 1 Painter,mathworld.wolfram.com,false,markw@mathworld.wolfram.com,pattern-guessing,0.18,false,,
484,Casey Armstrong,The Arc Nature Coast,thearcnaturecoast.com,false,casey@thearcnaturecoast.com,pattern-guessing,0.18,false,,
484,Casey Armstrong,The Arc Nature Coast,thearcnaturecoast.com,false,casey.armstrong@thearcnaturecoast.com,pattern-guessing,0.18,false,,
484,Casey Armstrong,The Arc Nature Coast,thearcnaturecoast.com,false,caseyarmstrong@thearcnaturecoast.com,pattern-guessing,0.18,false,,
484,Casey Armstrong,The Arc Nature Coast,thearcnaturecoast.com,false,casey_armstrong@thearcnaturecoast.com,pattern-guessing,0.18,false,,
484,Casey Armstrong,The Arc Nature Coast,thearcnaturecoast.com,false,carmstrong@thearcnaturecoast.com,pattern-guessing,0.18,false,,
484,Casey Armstrong,The Arc Nature Coast,thearcnaturecoast.com,false,c.armstrong@thearcnaturecoast.com,pattern-guessing,0.18,false,,
484,Casey Armstrong,The Arc Nature Coast,thearcnaturecoast.com,false,caseya@thearcnaturecoast.com,pattern-guessing,0.18,false,,
485,Nancy Cross,The Bay Network,thebaynetwork.com,false,nancy@thebaynetwork.com,pattern-guessing,0.18,false,,
485,Nancy Cross,The Bay Network,thebaynetwork.com,false,nancy.cross@thebaynetwork.com,pattern-guessing,0.18,false,,
485,Nancy Cross,The Bay Network,thebaynetwork.com,false,nancycross@thebaynetwork.com,pattern-guessing,0.18,false,,
485,Nancy Cross,The Bay Network,thebaynetwork.com,false,nancy_cross@thebaynetwork.com,pattern-guessing,0.18,false,,
485,Nancy Cross,The Bay Network,thebaynetwork.com,false,ncross@thebaynetwork.com,pattern-guessing,0.18,false,,
485,Nancy Cross,The Bay Network,thebaynetwork.com,false,n.cross@thebaynetwork.com,pattern-guessing,0.18,false,,
485,Nancy Cross,The Bay Network,thebaynetwork.com,false,nancyc@thebaynetwork.com,pattern-guessing,0.18,false,,
486,Cornelius Demps,The Brain & Stroke Center,thebrainandstrokecenter.com,false,cornelius@thebrainandstrokecenter.com,pattern-guessing,0.18,false,,
486,Cornelius Demps,The Brain & Stroke Center,thebrainandstrokecenter.com,false,cornelius.demps@thebrainandstrokecenter.com,pattern-guessing,0.18,false,,
486,Cornelius Demps,The Brain & Stroke Center,thebrainandstrokecenter.com,false,corneliusdemps@thebrainandstrokecenter.com,pattern-guessing,0.18,false,,
486,Cornelius Demps,The Brain & Stroke Center,thebrainandstrokecenter.com,false,cornelius_demps@thebrainandstrokecenter.com,pattern-guessing,0.18,false,,
486,Cornelius Demps,The Brain & Stroke Center,thebrainandstrokecenter.com,false,cdemps@thebrainandstrokecenter.com,pattern-guessing,0.18,false,,
486,Cornelius Demps,The Brain & Stroke Center,thebrainandstrokecenter.com,false,c.demps@thebrainandstrokecenter.com,pattern-guessing,0.18,false,,
486,Cornelius Demps,The Brain & Stroke Center,thebrainandstrokecenter.com,false,corneliusd@thebrainandstrokecenter.com,pattern-guessing,0.18,false,,
487,Baha Abuaita,The Brass Tap,bhg.com,true,baha@bhg.com,pattern-guessing,0.38,false,,
487,Baha Abuaita,The Brass Tap,bhg.com,true,baha.abuaita@bhg.com,pattern-guessing,0.38,false,,
487,Baha Abuaita,The Brass Tap,bhg.com,true,bahaabuaita@bhg.com,pattern-guessing,0.38,false,,
487,Baha Abuaita,The Brass Tap,bhg.com,true,baha_abuaita@bhg.com,pattern-guessing,0.38,false,,
487,Baha Abuaita,The Brass Tap,bhg.com,true,babuaita@bhg.com,pattern-guessing,0.38,false,,
487,Baha Abuaita,The Brass Tap,bhg.com,true,b.abuaita@bhg.com,pattern-guessing,0.38,false,,
487,Baha Abuaita,The Brass Tap,bhg.com,true,bahaa@bhg.com,pattern-guessing,0.38,false,,
488,Carlos Flores,The Clubhouse,clubhouse.com,true,carlos@clubhouse.com,pattern-guessing,0.38,false,,
488,Carlos Flores,The Clubhouse,clubhouse.com,true,carlos.flores@clubhouse.com,pattern-guessing,0.38,false,,
488,Carlos Flores,The Clubhouse,clubhouse.com,true,carlosflores@clubhouse.com,pattern-guessing,0.38,false,,
488,Carlos Flores,The Clubhouse,clubhouse.com,true,carlos_flores@clubhouse.com,pattern-guessing,0.38,false,,
488,Carlos Flores,The Clubhouse,clubhouse.com,true,cflores@clubhouse.com,pattern-guessing,0.38,false,,
488,Carlos Flores,The Clubhouse,clubhouse.com,true,c.flores@clubhouse.com,pattern-guessing,0.38,false,,
488,Carlos Flores,The Clubhouse,clubhouse.com,true,carlosf@clubhouse.com,pattern-guessing,0.38,false,,
489,Diego Rosas,The Colorful Case - Graphic Design Services,colorfle.com,true,info@colorfle.com,web-scraping,0.54,false,https://colorfle.com/,
489,Diego Rosas,The Colorful Case - Graphic Design Services,colorfle.com,true,diego@colorfle.com,pattern-guessing,0.38,false,,
489,Diego Rosas,The Colorful Case - Graphic Design Services,colorfle.com,true,diego.rosas@colorfle.com,pattern-guessing,0.38,false,,
489,Diego Rosas,The Colorful Case - Graphic Design Services,colorfle.com,true,diegorosas@colorfle.com,pattern-guessing,0.38,false,,
489,Diego Rosas,The Colorful Case - Graphic Design Services,colorfle.com,true,diego_rosas@colorfle.com,pattern-guessing,0.38,false,,
489,Diego Rosas,The Colorful Case - Graphic Design Services,colorfle.com,true,drosas@colorfle.com,pattern-guessing,0.38,false,,
489,Diego Rosas,The Colorful Case - Graphic Design Services,colorfle.com,true,d.rosas@colorfle.com,pattern-guessing,0.38,false,,
489,Diego Rosas,The Colorful Case - Graphic Design Services,colorfle.com,true,diegor@colorfle.com,pattern-guessing,0.38,false,,
490,Anirudh Gupta,The Cross Team at eXp Realty,thecrossteamatexprealty.com,false,anirudh@thecrossteamatexprealty.com,pattern-guessing,0.18,false,,
490,Anirudh Gupta,The Cross Team at eXp Realty,thecrossteamatexprealty.com,false,anirudh.gupta@thecrossteamatexprealty.com,pattern-guessing,0.18,false,,
490,Anirudh Gupta,The Cross Team at eXp Realty,thecrossteamatexprealty.com,false,anirudhgupta@thecrossteamatexprealty.com,pattern-guessing,0.18,false,,
490,Anirudh Gupta,The Cross Team at eXp Realty,thecrossteamatexprealty.com,false,anirudh_gupta@thecrossteamatexprealty.com,pattern-guessing,0.18,false,,
490,Anirudh Gupta,The Cross Team at eXp Realty,thecrossteamatexprealty.com,false,agupta@thecrossteamatexprealty.com,pattern-guessing,0.18,false,,
490,Anirudh Gupta,The Cross Team at eXp Realty,thecrossteamatexprealty.com,false,a.gupta@thecrossteamatexprealty.com,pattern-guessing,0.18,false,,
490,Anirudh Gupta,The Cross Team at eXp Realty,thecrossteamatexprealty.com,false,anirudhg@thecrossteamatexprealty.com,pattern-guessing,0.18,false,,
491,Davina Jones,"The Demps Law Firm, PLLC",thedempslawfirm.com,false,davina@thedempslawfirm.com,pattern-guessing,0.18,false,,
491,Davina Jones,"The Demps Law Firm, PLLC",thedempslawfirm.com,false,davina.jones@thedempslawfirm.com,pattern-guessing,0.18,false,,
491,Davina Jones,"The Demps Law Firm, PLLC",thedempslawfirm.com,false,davinajones@thedempslawfirm.com,pattern-guessing,0.18,false,,
491,Davina Jones,"The Demps Law Firm, PLLC",thedempslawfirm.com,false,davina_jones@thedempslawfirm.com,pattern-guessing,0.18,false,,
491,Davina Jones,"The Demps Law Firm, PLLC",thedempslawfirm.com,false,djones@thedempslawfirm.com,pattern-guessing,0.18,false,,
491,Davina Jones,"The Demps Law Firm, PLLC",thedempslawfirm.com,false,d.jones@thedempslawfirm.com,pattern-guessing,0.18,false,,
491,Davina Jones,"The Demps Law Firm, PLLC",thedempslawfirm.com,false,davinaj@thedempslawfirm.com,pattern-guessing,0.18,false,,
492,John Bucci,The Dental Edition,kramerfamilydentistry.com,true,reception@kramerfamilydentistry.com,web-scraping,0.72,false,https://kramerfamilydentistry.com/,
492,John Bucci,The Dental Edition,kramerfamilydentistry.com,true,john@kramerfamilydentistry.com,pattern-guessing,0.38,false,,
492,John Bucci,The Dental Edition,kramerfamilydentistry.com,true,john.bucci@kramerfamilydentistry.com,pattern-guessing,0.38,false,,
492,John Bucci,The Dental Edition,kramerfamilydentistry.com,true,johnbucci@kramerfamilydentistry.com,pattern-guessing,0.38,false,,
492,John Bucci,The Dental Edition,kramerfamilydentistry.com,true,john_bucci@kramerfamilydentistry.com,pattern-guessing,0.38,false,,
492,John Bucci,The Dental Edition,kramerfamilydentistry.com,true,jbucci@kramerfamilydentistry.com,pattern-guessing,0.38,false,,
492,John Bucci,The Dental Edition,kramerfamilydentistry.com,true,j.bucci@kramerfamilydentistry.com,pattern-guessing,0.38,false,,
492,John Bucci,The Dental Edition,kramerfamilydentistry.com,true,johnb@kramerfamilydentistry.com,pattern-guessing,0.38,false,,
493,Laker News Department,The Flats at Avalon Park Wesley Chapel,theflatsatavalonparkwesleychapel.com,false,laker@theflatsatavalonparkwesleychapel.com,pattern-guessing,0.18,false,,
493,Laker News Department,The Flats at Avalon Park Wesley Chapel,theflatsatavalonparkwesleychapel.com,false,laker.department@theflatsatavalonparkwesleychapel.com,pattern-guessing,0.18,false,,
493,Laker News Department,The Flats at Avalon Park Wesley Chapel,theflatsatavalonparkwesleychapel.com,false,lakerdepartment@theflatsatavalonparkwesleychapel.com,pattern-guessing,0.18,false,,
493,Laker News Department,The Flats at Avalon Park Wesley Chapel,theflatsatavalonparkwesleychapel.com,false,laker_department@theflatsatavalonparkwesleychapel.com,pattern-guessing,0.18,false,,
493,Laker News Department,The Flats at Avalon Park Wesley Chapel,theflatsatavalonparkwesleychapel.com,false,ldepartment@theflatsatavalonparkwesleychapel.com,pattern-guessing,0.18,false,,
493,Laker News Department,The Flats at Avalon Park Wesley Chapel,theflatsatavalonparkwesleychapel.com,false,l.department@theflatsatavalonparkwesleychapel.com,pattern-guessing,0.18,false,,
493,Laker News Department,The Flats at Avalon Park Wesley Chapel,theflatsatavalonparkwesleychapel.com,false,lakerd@theflatsatavalonparkwesleychapel.com,pattern-guessing,0.18,false,,
494,Robert Seecharran,The Flying Locksmiths,flyingmag.com,true,robert@flyingmag.com,pattern-guessing,0.38,false,,
494,Robert Seecharran,The Flying Locksmiths,flyingmag.com,true,robert.seecharran@flyingmag.com,pattern-guessing,0.38,false,,
494,Robert Seecharran,The Flying Locksmiths,flyingmag.com,true,robertseecharran@flyingmag.com,pattern-guessing,0.38,false,,
494,Robert Seecharran,The Flying Locksmiths,flyingmag.com,true,robert_seecharran@flyingmag.com,pattern-guessing,0.38,false,,
494,Robert Seecharran,The Flying Locksmiths,flyingmag.com,true,rseecharran@flyingmag.com,pattern-guessing,0.38,false,,
494,Robert Seecharran,The Flying Locksmiths,flyingmag.com,true,r.seecharran@flyingmag.com,pattern-guessing,0.38,false,,
494,Robert Seecharran,The Flying Locksmiths,flyingmag.com,true,roberts@flyingmag.com,pattern-guessing,0.38,false,,
495,Jennifer Littlejonhn,The Forest Road,forestapp.cc,true,jennifer@forestapp.cc,pattern-guessing,0.38,false,,
495,Jennifer Littlejonhn,The Forest Road,forestapp.cc,true,jennifer.littlejonhn@forestapp.cc,pattern-guessing,0.38,false,,
495,Jennifer Littlejonhn,The Forest Road,forestapp.cc,true,jenniferlittlejonhn@forestapp.cc,pattern-guessing,0.38,false,,
495,Jennifer Littlejonhn,The Forest Road,forestapp.cc,true,jennifer_littlejonhn@forestapp.cc,pattern-guessing,0.38,false,,
495,Jennifer Littlejonhn,The Forest Road,forestapp.cc,true,jlittlejonhn@forestapp.cc,pattern-guessing,0.38,false,,
495,Jennifer Littlejonhn,The Forest Road,forestapp.cc,true,j.littlejonhn@forestapp.cc,pattern-guessing,0.38,false,,
495,Jennifer Littlejonhn,The Forest Road,forestapp.cc,true,jenniferl@forestapp.cc,pattern-guessing,0.38,false,,
496,Lauren King,The Greater Center,thegreatercenter.com,false,lauren@thegreatercenter.com,pattern-guessing,0.18,false,,
496,Lauren King,The Greater Center,thegreatercenter.com,false,lauren.king@thegreatercenter.com,pattern-guessing,0.18,false,,
496,Lauren King,The Greater Center,thegreatercenter.com,false,laurenking@thegreatercenter.com,pattern-guessing,0.18,false,,
496,Lauren King,The Greater Center,thegreatercenter.com,false,lauren_king@thegreatercenter.com,pattern-guessing,0.18,false,,
496,Lauren King,The Greater Center,thegreatercenter.com,false,lking@thegreatercenter.com,pattern-guessing,0.18,false,,
496,Lauren King,The Greater Center,thegreatercenter.com,false,l.king@thegreatercenter.com,pattern-guessing,0.18,false,,
496,Lauren King,The Greater Center,thegreatercenter.com,false,laurenk@thegreatercenter.com,pattern-guessing,0.18,false,,
497,Mr. Anthony Russo,The Greater Tampa Chamber of Commerce,thegreatertampachamberofcommerce.com,false,mr@thegreatertampachamberofcommerce.com,pattern-guessing,0.18,false,,
497,Mr. Anthony Russo,The Greater Tampa Chamber of Commerce,thegreatertampachamberofcommerce.com,false,mr.russo@thegreatertampachamberofcommerce.com,pattern-guessing,0.18,false,,
497,Mr. Anthony Russo,The Greater Tampa Chamber of Commerce,thegreatertampachamberofcommerce.com,false,mrrusso@thegreatertampachamberofcommerce.com,pattern-guessing,0.18,false,,
497,Mr. Anthony Russo,The Greater Tampa Chamber of Commerce,thegreatertampachamberofcommerce.com,false,mr_russo@thegreatertampachamberofcommerce.com,pattern-guessing,0.18,false,,
497,Mr. Anthony Russo,The Greater Tampa Chamber of Commerce,thegreatertampachamberofcommerce.com,false,mrusso@thegreatertampachamberofcommerce.com,pattern-guessing,0.18,false,,
497,Mr. Anthony Russo,The Greater Tampa Chamber of Commerce,thegreatertampachamberofcommerce.com,false,m.russo@thegreatertampachamberofcommerce.com,pattern-guessing,0.18,false,,
497,Mr. Anthony Russo,The Greater Tampa Chamber of Commerce,thegreatertampachamberofcommerce.com,false,mrr@thegreatertampachamberofcommerce.com,pattern-guessing,0.18,false,,
498,Ann Schultz,The Joint Chiropractic,thejointchiropractic.com,true,ann@thejointchiropractic.com,pattern-guessing,0.38,false,,
498,Ann Schultz,The Joint Chiropractic,thejointchiropractic.com,true,ann.schultz@thejointchiropractic.com,pattern-guessing,0.38,false,,
498,Ann Schultz,The Joint Chiropractic,thejointchiropractic.com,true,annschultz@thejointchiropractic.com,pattern-guessing,0.38,false,,
498,Ann Schultz,The Joint Chiropractic,thejointchiropractic.com,true,ann_schultz@thejointchiropractic.com,pattern-guessing,0.38,false,,
498,Ann Schultz,The Joint Chiropractic,thejointchiropractic.com,true,aschultz@thejointchiropractic.com,pattern-guessing,0.38,false,,
498,Ann Schultz,The Joint Chiropractic,thejointchiropractic.com,true,a.schultz@thejointchiropractic.com,pattern-guessing,0.38,false,,
498,Ann Schultz,The Joint Chiropractic,thejointchiropractic.com,true,anns@thejointchiropractic.com,pattern-guessing,0.38,false,,
499,Chris Osborne,The Laker/Lutz News,thelakerlutznews.com,false,chris@thelakerlutznews.com,pattern-guessing,0.18,false,,
499,Chris Osborne,The Laker/Lutz News,thelakerlutznews.com,false,chris.osborne@thelakerlutznews.com,pattern-guessing,0.18,false,,
499,Chris Osborne,The Laker/Lutz News,thelakerlutznews.com,false,chrisosborne@thelakerlutznews.com,pattern-guessing,0.18,false,,
499,Chris Osborne,The Laker/Lutz News,thelakerlutznews.com,false,chris_osborne@thelakerlutznews.com,pattern-guessing,0.18,false,,
499,Chris Osborne,The Laker/Lutz News,thelakerlutznews.com,false,cosborne@thelakerlutznews.com,pattern-guessing,0.18,false,,
499,Chris Osborne,The Laker/Lutz News,thelakerlutznews.com,false,c.osborne@thelakerlutznews.com,pattern-guessing,0.18,false,,
499,Chris Osborne,The Laker/Lutz News,thelakerlutznews.com,false,chriso@thelakerlutznews.com,pattern-guessing,0.18,false,,
500,Angelique Lenox,The NGHBRHD LLC,thenghbrhd.com,false,angelique@thenghbrhd.com,pattern-guessing,0.18,false,,
500,Angelique Lenox,The NGHBRHD LLC,thenghbrhd.com,false,angelique.lenox@thenghbrhd.com,pattern-guessing,0.18,false,,
500,Angelique Lenox,The NGHBRHD LLC,thenghbrhd.com,false,angeliquelenox@thenghbrhd.com,pattern-guessing,0.18,false,,
500,Angelique Lenox,The NGHBRHD LLC,thenghbrhd.com,false,angelique_lenox@thenghbrhd.com,pattern-guessing,0.18,false,,
500,Angelique Lenox,The NGHBRHD LLC,thenghbrhd.com,false,alenox@thenghbrhd.com,pattern-guessing,0.18,false,,
500,Angelique Lenox,The NGHBRHD LLC,thenghbrhd.com,false,a.lenox@thenghbrhd.com,pattern-guessing,0.18,false,,
500,Angelique Lenox,The NGHBRHD LLC,thenghbrhd.com,false,angeliquel@thenghbrhd.com,pattern-guessing,0.18,false,,
501,Joe Simmons,The Pasco Pressure Washing,thepascopressurewashing.com,true,joe@thepascopressurewashing.com,pattern-guessing,0.38,false,,
501,Joe Simmons,The Pasco Pressure Washing,thepascopressurewashing.com,true,joe.simmons@thepascopressurewashing.com,pattern-guessing,0.38,false,,
501,Joe Simmons,The Pasco Pressure Washing,thepascopressurewashing.com,true,joesimmons@thepascopressurewashing.com,pattern-guessing,0.38,false,,
501,Joe Simmons,The Pasco Pressure Washing,thepascopressurewashing.com,true,joe_simmons@thepascopressurewashing.com,pattern-guessing,0.38,false,,
501,Joe Simmons,The Pasco Pressure Washing,thepascopressurewashing.com,true,jsimmons@thepascopressurewashing.com,pattern-guessing,0.38,false,,
501,Joe Simmons,The Pasco Pressure Washing,thepascopressurewashing.com,true,j.simmons@thepascopressurewashing.com,pattern-guessing,0.38,false,,
501,Joe Simmons,The Pasco Pressure Washing,thepascopressurewashing.com,true,joes@thepascopressurewashing.com,pattern-guessing,0.38,false,,
502,Denise DiGeronimo,"The Performance Lab, LLC",hbr.org,true,denise@hbr.org,pattern-guessing,0.38,false,,
502,Denise DiGeronimo,"The Performance Lab, LLC",hbr.org,true,denise.digeronimo@hbr.org,pattern-guessing,0.38,false,,
502,Denise DiGeronimo,"The Performance Lab, LLC",hbr.org,true,denisedigeronimo@hbr.org,pattern-guessing,0.38,false,,
502,Denise DiGeronimo,"The Performance Lab, LLC",hbr.org,true,denise_digeronimo@hbr.org,pattern-guessing,0.38,false,,
502,Denise DiGeronimo,"The Performance Lab, LLC",hbr.org,true,ddigeronimo@hbr.org,pattern-guessing,0.38,false,,
502,Denise DiGeronimo,"The Performance Lab, LLC",hbr.org,true,d.digeronimo@hbr.org,pattern-guessing,0.38,false,,
502,Denise DiGeronimo,"The Performance Lab, LLC",hbr.org,true,denised@hbr.org,pattern-guessing,0.38,false,,
503,Christopher Thompson,The Rettig Group - Retirement Wealth Advisors,rental.rettigmusic.com,false,christopher@rental.rettigmusic.com,pattern-guessing,0.18,false,,
503,Christopher Thompson,The Rettig Group - Retirement Wealth Advisors,rental.rettigmusic.com,false,christopher.thompson@rental.rettigmusic.com,pattern-guessing,0.18,false,,
503,Christopher Thompson,The Rettig Group - Retirement Wealth Advisors,rental.rettigmusic.com,false,christopherthompson@rental.rettigmusic.com,pattern-guessing,0.18,false,,
503,Christopher Thompson,The Rettig Group - Retirement Wealth Advisors,rental.rettigmusic.com,false,christopher_thompson@rental.rettigmusic.com,pattern-guessing,0.18,false,,
503,Christopher Thompson,The Rettig Group - Retirement Wealth Advisors,rental.rettigmusic.com,false,cthompson@rental.rettigmusic.com,pattern-guessing,0.18,false,,
503,Christopher Thompson,The Rettig Group - Retirement Wealth Advisors,rental.rettigmusic.com,false,c.thompson@rental.rettigmusic.com,pattern-guessing,0.18,false,,
503,Christopher Thompson,The Rettig Group - Retirement Wealth Advisors,rental.rettigmusic.com,false,christophert@rental.rettigmusic.com,pattern-guessing,0.18,false,,
504,Katherine Estevez,The Shops at Wiregrass,theshopsatwiregrass.com,true,u003einfo@theshopsatwiregrass.com,web-scraping,0.72,false,https://theshopsatwiregrass.com/contact-us,
504,Katherine Estevez,The Shops at Wiregrass,theshopsatwiregrass.com,true,info@theshopsatwiregrass.com,web-scraping,0.54,false,https://theshopsatwiregrass.com/,
504,Katherine Estevez,The Shops at Wiregrass,theshopsatwiregrass.com,true,katherine@theshopsatwiregrass.com,pattern-guessing,0.38,false,,
504,Katherine Estevez,The Shops at Wiregrass,theshopsatwiregrass.com,true,katherine.estevez@theshopsatwiregrass.com,pattern-guessing,0.38,false,,
504,Katherine Estevez,The Shops at Wiregrass,theshopsatwiregrass.com,true,katherineestevez@theshopsatwiregrass.com,pattern-guessing,0.38,false,,
504,Katherine Estevez,The Shops at Wiregrass,theshopsatwiregrass.com,true,katherine_estevez@theshopsatwiregrass.com,pattern-guessing,0.38,false,,
504,Katherine Estevez,The Shops at Wiregrass,theshopsatwiregrass.com,true,kestevez@theshopsatwiregrass.com,pattern-guessing,0.38,false,,
504,Katherine Estevez,The Shops at Wiregrass,theshopsatwiregrass.com,true,k.estevez@theshopsatwiregrass.com,pattern-guessing,0.38,false,,
504,Katherine Estevez,The Shops at Wiregrass,theshopsatwiregrass.com,true,katherinee@theshopsatwiregrass.com,pattern-guessing,0.38,false,,
505,Lauren Pratt,The Soule Co.,thesoule.com,true,sarah@thesoule.com,web-scraping,0.72,false,https://thesoule.com/,
505,Lauren Pratt,The Soule Co.,thesoule.com,true,lauren@thesoule.com,pattern-guessing,0.38,false,,
505,Lauren Pratt,The Soule Co.,thesoule.com,true,lauren.pratt@thesoule.com,pattern-guessing,0.38,false,,
505,Lauren Pratt,The Soule Co.,thesoule.com,true,laurenpratt@thesoule.com,pattern-guessing,0.38,false,,
505,Lauren Pratt,The Soule Co.,thesoule.com,true,lauren_pratt@thesoule.com,pattern-guessing,0.38,false,,
505,Lauren Pratt,The Soule Co.,thesoule.com,true,lpratt@thesoule.com,pattern-guessing,0.38,false,,
505,Lauren Pratt,The Soule Co.,thesoule.com,true,l.pratt@thesoule.com,pattern-guessing,0.38,false,,
505,Lauren Pratt,The Soule Co.,thesoule.com,true,laurenp@thesoule.com,pattern-guessing,0.38,false,,
506,Gustavo Amador,The Strategy House 221,thestrategyhouse221.com,true,gustavo@thestrategyhouse221.com,pattern-guessing,0.38,false,,
506,Gustavo Amador,The Strategy House 221,thestrategyhouse221.com,true,gustavo.amador@thestrategyhouse221.com,pattern-guessing,0.38,false,,
506,Gustavo Amador,The Strategy House 221,thestrategyhouse221.com,true,gustavoamador@thestrategyhouse221.com,pattern-guessing,0.38,false,,
506,Gustavo Amador,The Strategy House 221,thestrategyhouse221.com,true,gustavo_amador@thestrategyhouse221.com,pattern-guessing,0.38,false,,
506,Gustavo Amador,The Strategy House 221,thestrategyhouse221.com,true,gamador@thestrategyhouse221.com,pattern-guessing,0.38,false,,
506,Gustavo Amador,The Strategy House 221,thestrategyhouse221.com,true,g.amador@thestrategyhouse221.com,pattern-guessing,0.38,false,,
506,Gustavo Amador,The Strategy House 221,thestrategyhouse221.com,true,gustavoa@thestrategyhouse221.com,pattern-guessing,0.38,false,,
507,Keelan Cottle,The Thomas Promise Foundation,thethomaspromisefoundation.com,false,keelan@thethomaspromisefoundation.com,pattern-guessing,0.18,false,,
507,Keelan Cottle,The Thomas Promise Foundation,thethomaspromisefoundation.com,false,keelan.cottle@thethomaspromisefoundation.com,pattern-guessing,0.18,false,,
507,Keelan Cottle,The Thomas Promise Foundation,thethomaspromisefoundation.com,false,keelancottle@thethomaspromisefoundation.com,pattern-guessing,0.18,false,,
507,Keelan Cottle,The Thomas Promise Foundation,thethomaspromisefoundation.com,false,keelan_cottle@thethomaspromisefoundation.com,pattern-guessing,0.18,false,,
507,Keelan Cottle,The Thomas Promise Foundation,thethomaspromisefoundation.com,false,kcottle@thethomaspromisefoundation.com,pattern-guessing,0.18,false,,
507,Keelan Cottle,The Thomas Promise Foundation,thethomaspromisefoundation.com,false,k.cottle@thethomaspromisefoundation.com,pattern-guessing,0.18,false,,
507,Keelan Cottle,The Thomas Promise Foundation,thethomaspromisefoundation.com,false,keelanc@thethomaspromisefoundation.com,pattern-guessing,0.18,false,,
508,Timmy Pham,"The Window Depot, LLC",thewindowdepot.com,true,info@thewindowdepot.com,web-scraping,0.54,false,https://thewindowdepot.com/,
508,Timmy Pham,"The Window Depot, LLC",thewindowdepot.com,true,timmy@thewindowdepot.com,pattern-guessing,0.38,false,,
508,Timmy Pham,"The Window Depot, LLC",thewindowdepot.com,true,timmy.pham@thewindowdepot.com,pattern-guessing,0.38,false,,
508,Timmy Pham,"The Window Depot, LLC",thewindowdepot.com,true,timmypham@thewindowdepot.com,pattern-guessing,0.38,false,,
508,Timmy Pham,"The Window Depot, LLC",thewindowdepot.com,true,timmy_pham@thewindowdepot.com,pattern-guessing,0.38,false,,
508,Timmy Pham,"The Window Depot, LLC",thewindowdepot.com,true,tpham@thewindowdepot.com,pattern-guessing,0.38,false,,
508,Timmy Pham,"The Window Depot, LLC",thewindowdepot.com,true,t.pham@thewindowdepot.com,pattern-guessing,0.38,false,,
508,Timmy Pham,"The Window Depot, LLC",thewindowdepot.com,true,timmyp@thewindowdepot.com,pattern-guessing,0.38,false,,
509,Sainvil Victorvil,"Thomas A DiGeronimo, MDPA- Neurology",thomasadigeronimomdpa-neurology.com,false,sainvil@thomasadigeronimomdpa-neurology.com,pattern-guessing,0.18,false,,
509,Sainvil Victorvil,"Thomas A DiGeronimo, MDPA- Neurology",thomasadigeronimomdpa-neurology.com,false,sainvil.victorvil@thomasadigeronimomdpa-neurology.com,pattern-guessing,0.18,false,,
509,Sainvil Victorvil,"Thomas A DiGeronimo, MDPA- Neurology",thomasadigeronimomdpa-neurology.com,false,sainvilvictorvil@thomasadigeronimomdpa-neurology.com,pattern-guessing,0.18,false,,
509,Sainvil Victorvil,"Thomas A DiGeronimo, MDPA- Neurology",thomasadigeronimomdpa-neurology.com,false,sainvil_victorvil@thomasadigeronimomdpa-neurology.com,pattern-guessing,0.18,false,,
509,Sainvil Victorvil,"Thomas A DiGeronimo, MDPA- Neurology",thomasadigeronimomdpa-neurology.com,false,svictorvil@thomasadigeronimomdpa-neurology.com,pattern-guessing,0.18,false,,
509,Sainvil Victorvil,"Thomas A DiGeronimo, MDPA- Neurology",thomasadigeronimomdpa-neurology.com,false,s.victorvil@thomasadigeronimomdpa-neurology.com,pattern-guessing,0.18,false,,
509,Sainvil Victorvil,"Thomas A DiGeronimo, MDPA- Neurology",thomasadigeronimomdpa-neurology.com,false,sainvilv@thomasadigeronimomdpa-neurology.com,pattern-guessing,0.18,false,,
510,Matt Burnett,Thompson Dental at Trinity,auto-ordnance.com,false,matt@auto-ordnance.com,pattern-guessing,0.18,false,,
510,Matt Burnett,Thompson Dental at Trinity,auto-ordnance.com,false,matt.burnett@auto-ordnance.com,pattern-guessing,0.18,false,,
510,Matt Burnett,Thompson Dental at Trinity,auto-ordnance.com,false,mattburnett@auto-ordnance.com,pattern-guessing,0.18,false,,
510,Matt Burnett,Thompson Dental at Trinity,auto-ordnance.com,false,matt_burnett@auto-ordnance.com,pattern-guessing,0.18,false,,
510,Matt Burnett,Thompson Dental at Trinity,auto-ordnance.com,false,mburnett@auto-ordnance.com,pattern-guessing,0.18,false,,
510,Matt Burnett,Thompson Dental at Trinity,auto-ordnance.com,false,m.burnett@auto-ordnance.com,pattern-guessing,0.18,false,,
510,Matt Burnett,Thompson Dental at Trinity,auto-ordnance.com,false,mattb@auto-ordnance.com,pattern-guessing,0.18,false,,
511,Jason Scott,"Three Aces, LLC DBA Just Pull It",threeacesdbajustpullit.com,false,jason@threeacesdbajustpullit.com,pattern-guessing,0.18,false,,
511,Jason Scott,"Three Aces, LLC DBA Just Pull It",threeacesdbajustpullit.com,false,jason.scott@threeacesdbajustpullit.com,pattern-guessing,0.18,false,,
511,Jason Scott,"Three Aces, LLC DBA Just Pull It",threeacesdbajustpullit.com,false,jasonscott@threeacesdbajustpullit.com,pattern-guessing,0.18,false,,
511,Jason Scott,"Three Aces, LLC DBA Just Pull It",threeacesdbajustpullit.com,false,jason_scott@threeacesdbajustpullit.com,pattern-guessing,0.18,false,,
511,Jason Scott,"Three Aces, LLC DBA Just Pull It",threeacesdbajustpullit.com,false,jscott@threeacesdbajustpullit.com,pattern-guessing,0.18,false,,
511,Jason Scott,"Three Aces, LLC DBA Just Pull It",threeacesdbajustpullit.com,false,j.scott@threeacesdbajustpullit.com,pattern-guessing,0.18,false,,
511,Jason Scott,"Three Aces, LLC DBA Just Pull It",threeacesdbajustpullit.com,false,jasons@threeacesdbajustpullit.com,pattern-guessing,0.18,false,,
512,Malek Hussein,Tiny Tots Playtown,myaccount.tiny.com.br,false,malek@myaccount.tiny.com.br,pattern-guessing,0.18,false,,
512,Malek Hussein,Tiny Tots Playtown,myaccount.tiny.com.br,false,malek.hussein@myaccount.tiny.com.br,pattern-guessing,0.18,false,,
512,Malek Hussein,Tiny Tots Playtown,myaccount.tiny.com.br,false,malekhussein@myaccount.tiny.com.br,pattern-guessing,0.18,false,,
512,Malek Hussein,Tiny Tots Playtown,myaccount.tiny.com.br,false,malek_hussein@myaccount.tiny.com.br,pattern-guessing,0.18,false,,
512,Malek Hussein,Tiny Tots Playtown,myaccount.tiny.com.br,false,mhussein@myaccount.tiny.com.br,pattern-guessing,0.18,false,,
512,Malek Hussein,Tiny Tots Playtown,myaccount.tiny.com.br,false,m.hussein@myaccount.tiny.com.br,pattern-guessing,0.18,false,,
512,Malek Hussein,Tiny Tots Playtown,myaccount.tiny.com.br,false,malekh@myaccount.tiny.com.br,pattern-guessing,0.18,false,,
513,Denise Young,"Tola Produce, INC",tolaproduce.com,true,denise@tolaproduce.com,pattern-guessing,0.38,false,,
513,Denise Young,"Tola Produce, INC",tolaproduce.com,true,denise.young@tolaproduce.com,pattern-guessing,0.38,false,,
513,Denise Young,"Tola Produce, INC",tolaproduce.com,true,deniseyoung@tolaproduce.com,pattern-guessing,0.38,false,,
513,Denise Young,"Tola Produce, INC",tolaproduce.com,true,denise_young@tolaproduce.com,pattern-guessing,0.38,false,,
513,Denise Young,"Tola Produce, INC",tolaproduce.com,true,dyoung@tolaproduce.com,pattern-guessing,0.38,false,,
513,Denise Young,"Tola Produce, INC",tolaproduce.com,true,d.young@tolaproduce.com,pattern-guessing,0.38,false,,
513,Denise Young,"Tola Produce, INC",tolaproduce.com,true,denisey@tolaproduce.com,pattern-guessing,0.38,false,,
514,Jerrod Pusateri,Top Shelf Sports Lounge,tophat.com,true,payables@tophat.com,web-scraping,0.72,false,https://tophat.com/contact,
514,Jerrod Pusateri,Top Shelf Sports Lounge,tophat.com,true,press@tophat.com,web-scraping,0.72,false,https://tophat.com/contact,
514,Jerrod Pusateri,Top Shelf Sports Lounge,tophat.com,true,partnerships@tophat.com,web-scraping,0.72,false,https://tophat.com/contact,
514,Jerrod Pusateri,Top Shelf Sports Lounge,tophat.com,true,bookstore@tophat.com,web-scraping,0.72,false,https://tophat.com/contact,
514,Jerrod Pusateri,Top Shelf Sports Lounge,tophat.com,true,receivables@tophat.com,web-scraping,0.72,false,https://tophat.com/contact,
514,Jerrod Pusateri,Top Shelf Sports Lounge,tophat.com,true,sales@tophat.com,web-scraping,0.54,false,https://tophat.com/contact,
514,Jerrod Pusateri,Top Shelf Sports Lounge,tophat.com,true,jerrod@tophat.com,pattern-guessing,0.38,false,,
514,Jerrod Pusateri,Top Shelf Sports Lounge,tophat.com,true,jerrod.pusateri@tophat.com,pattern-guessing,0.38,false,,
514,Jerrod Pusateri,Top Shelf Sports Lounge,tophat.com,true,jerrodpusateri@tophat.com,pattern-guessing,0.38,false,,
514,Jerrod Pusateri,Top Shelf Sports Lounge,tophat.com,true,jerrod_pusateri@tophat.com,pattern-guessing,0.38,false,,
514,Jerrod Pusateri,Top Shelf Sports Lounge,tophat.com,true,jpusateri@tophat.com,pattern-guessing,0.38,false,,
514,Jerrod Pusateri,Top Shelf Sports Lounge,tophat.com,true,j.pusateri@tophat.com,pattern-guessing,0.38,false,,
514,Jerrod Pusateri,Top Shelf Sports Lounge,tophat.com,true,jerrodp@tophat.com,pattern-guessing,0.38,false,,
515,Omar Elmoghrabi,Touch Nail Spa - Odessa,tenforums.com,true,omar@tenforums.com,pattern-guessing,0.38,false,,
515,Omar Elmoghrabi,Touch Nail Spa - Odessa,tenforums.com,true,omar.elmoghrabi@tenforums.com,pattern-guessing,0.38,false,,
515,Omar Elmoghrabi,Touch Nail Spa - Odessa,tenforums.com,true,omarelmoghrabi@tenforums.com,pattern-guessing,0.38,false,,
515,Omar Elmoghrabi,Touch Nail Spa - Odessa,tenforums.com,true,omar_elmoghrabi@tenforums.com,pattern-guessing,0.38,false,,
515,Omar Elmoghrabi,Touch Nail Spa - Odessa,tenforums.com,true,oelmoghrabi@tenforums.com,pattern-guessing,0.38,false,,
515,Omar Elmoghrabi,Touch Nail Spa - Odessa,tenforums.com,true,o.elmoghrabi@tenforums.com,pattern-guessing,0.38,false,,
515,Omar Elmoghrabi,Touch Nail Spa - Odessa,tenforums.com,true,omare@tenforums.com,pattern-guessing,0.38,false,,
516,NANGALYA TIRTHALA,"Transformation Cleaning Services, Inc.",transformationcleaningservices.com,true,nangalya@transformationcleaningservices.com,pattern-guessing,0.38,false,,
516,NANGALYA TIRTHALA,"Transformation Cleaning Services, Inc.",transformationcleaningservices.com,true,nangalya.tirthala@transformationcleaningservices.com,pattern-guessing,0.38,false,,
516,NANGALYA TIRTHALA,"Transformation Cleaning Services, Inc.",transformationcleaningservices.com,true,nangalyatirthala@transformationcleaningservices.com,pattern-guessing,0.38,false,,
516,NANGALYA TIRTHALA,"Transformation Cleaning Services, Inc.",transformationcleaningservices.com,true,nangalya_tirthala@transformationcleaningservices.com,pattern-guessing,0.38,false,,
516,NANGALYA TIRTHALA,"Transformation Cleaning Services, Inc.",transformationcleaningservices.com,true,ntirthala@transformationcleaningservices.com,pattern-guessing,0.38,false,,
516,NANGALYA TIRTHALA,"Transformation Cleaning Services, Inc.",transformationcleaningservices.com,true,n.tirthala@transformationcleaningservices.com,pattern-guessing,0.38,false,,
516,NANGALYA TIRTHALA,"Transformation Cleaning Services, Inc.",transformationcleaningservices.com,true,nangalyat@transformationcleaningservices.com,pattern-guessing,0.38,false,,
517,Michael Tucci,Travelin’ Tom’s Coffee Truck,travelintomscoffeetruck.com,false,michael@travelintomscoffeetruck.com,pattern-guessing,0.18,false,,
517,Michael Tucci,Travelin’ Tom’s Coffee Truck,travelintomscoffeetruck.com,false,michael.tucci@travelintomscoffeetruck.com,pattern-guessing,0.18,false,,
517,Michael Tucci,Travelin’ Tom’s Coffee Truck,travelintomscoffeetruck.com,false,michaeltucci@travelintomscoffeetruck.com,pattern-guessing,0.18,false,,
517,Michael Tucci,Travelin’ Tom’s Coffee Truck,travelintomscoffeetruck.com,false,michael_tucci@travelintomscoffeetruck.com,pattern-guessing,0.18,false,,
517,Michael Tucci,Travelin’ Tom’s Coffee Truck,travelintomscoffeetruck.com,false,mtucci@travelintomscoffeetruck.com,pattern-guessing,0.18,false,,
517,Michael Tucci,Travelin’ Tom’s Coffee Truck,travelintomscoffeetruck.com,false,m.tucci@travelintomscoffeetruck.com,pattern-guessing,0.18,false,,
517,Michael Tucci,Travelin’ Tom’s Coffee Truck,travelintomscoffeetruck.com,false,michaelt@travelintomscoffeetruck.com,pattern-guessing,0.18,false,,
518,Jenifer Scheinder,Treble Makers Dueling Piano Bar & Restaurant,treblemakersduelingpianobarandrestaurant.com,false,jenifer@treblemakersduelingpianobarandrestaurant.com,pattern-guessing,0.18,false,,
518,Jenifer Scheinder,Treble Makers Dueling Piano Bar & Restaurant,treblemakersduelingpianobarandrestaurant.com,false,jenifer.scheinder@treblemakersduelingpianobarandrestaurant.com,pattern-guessing,0.18,false,,
518,Jenifer Scheinder,Treble Makers Dueling Piano Bar & Restaurant,treblemakersduelingpianobarandrestaurant.com,false,jeniferscheinder@treblemakersduelingpianobarandrestaurant.com,pattern-guessing,0.18,false,,
518,Jenifer Scheinder,Treble Makers Dueling Piano Bar & Restaurant,treblemakersduelingpianobarandrestaurant.com,false,jenifer_scheinder@treblemakersduelingpianobarandrestaurant.com,pattern-guessing,0.18,false,,
518,Jenifer Scheinder,Treble Makers Dueling Piano Bar & Restaurant,treblemakersduelingpianobarandrestaurant.com,false,jscheinder@treblemakersduelingpianobarandrestaurant.com,pattern-guessing,0.18,false,,
518,Jenifer Scheinder,Treble Makers Dueling Piano Bar & Restaurant,treblemakersduelingpianobarandrestaurant.com,false,j.scheinder@treblemakersduelingpianobarandrestaurant.com,pattern-guessing,0.18,false,,
518,Jenifer Scheinder,Treble Makers Dueling Piano Bar & Restaurant,treblemakersduelingpianobarandrestaurant.com,false,jenifers@treblemakersduelingpianobarandrestaurant.com,pattern-guessing,0.18,false,,
519,Lana Walsh,Trihealth Family Wellness Center,trihealthfamilywellnesscenter.com,false,lana@trihealthfamilywellnesscenter.com,pattern-guessing,0.18,false,,
519,Lana Walsh,Trihealth Family Wellness Center,trihealthfamilywellnesscenter.com,false,lana.walsh@trihealthfamilywellnesscenter.com,pattern-guessing,0.18,false,,
519,Lana Walsh,Trihealth Family Wellness Center,trihealthfamilywellnesscenter.com,false,lanawalsh@trihealthfamilywellnesscenter.com,pattern-guessing,0.18,false,,
519,Lana Walsh,Trihealth Family Wellness Center,trihealthfamilywellnesscenter.com,false,lana_walsh@trihealthfamilywellnesscenter.com,pattern-guessing,0.18,false,,
519,Lana Walsh,Trihealth Family Wellness Center,trihealthfamilywellnesscenter.com,false,lwalsh@trihealthfamilywellnesscenter.com,pattern-guessing,0.18,false,,
519,Lana Walsh,Trihealth Family Wellness Center,trihealthfamilywellnesscenter.com,false,l.walsh@trihealthfamilywellnesscenter.com,pattern-guessing,0.18,false,,
519,Lana Walsh,Trihealth Family Wellness Center,trihealthfamilywellnesscenter.com,false,lanaw@trihealthfamilywellnesscenter.com,pattern-guessing,0.18,false,,
520,Lana Walsh,Turner Construction Company,turnerconstruction.com,false,lana@turnerconstruction.com,pattern-guessing,0.18,false,,
520,Lana Walsh,Turner Construction Company,turnerconstruction.com,false,lana.walsh@turnerconstruction.com,pattern-guessing,0.18,false,,
520,Lana Walsh,Turner Construction Company,turnerconstruction.com,false,lanawalsh@turnerconstruction.com,pattern-guessing,0.18,false,,
520,Lana Walsh,Turner Construction Company,turnerconstruction.com,false,lana_walsh@turnerconstruction.com,pattern-guessing,0.18,false,,
520,Lana Walsh,Turner Construction Company,turnerconstruction.com,false,lwalsh@turnerconstruction.com,pattern-guessing,0.18,false,,
520,Lana Walsh,Turner Construction Company,turnerconstruction.com,false,l.walsh@turnerconstruction.com,pattern-guessing,0.18,false,,
520,Lana Walsh,Turner Construction Company,turnerconstruction.com,false,lanaw@turnerconstruction.com,pattern-guessing,0.18,false,,
521,Miss Jenilee Gube,U.S. Army Recruiting Center,reddit.com,true,miss@reddit.com,pattern-guessing,0.38,false,,
521,Miss Jenilee Gube,U.S. Army Recruiting Center,reddit.com,true,miss.gube@reddit.com,pattern-guessing,0.38,false,,
521,Miss Jenilee Gube,U.S. Army Recruiting Center,reddit.com,true,missgube@reddit.com,pattern-guessing,0.38,false,,
521,Miss Jenilee Gube,U.S. Army Recruiting Center,reddit.com,true,miss_gube@reddit.com,pattern-guessing,0.38,false,,
521,Miss Jenilee Gube,U.S. Army Recruiting Center,reddit.com,true,mgube@reddit.com,pattern-guessing,0.38,false,,
521,Miss Jenilee Gube,U.S. Army Recruiting Center,reddit.com,true,m.gube@reddit.com,pattern-guessing,0.38,false,,
521,Miss Jenilee Gube,U.S. Army Recruiting Center,reddit.com,true,missg@reddit.com,pattern-guessing,0.38,false,,
522,William Snyder,Uplinks.US,uplinksus.com,false,william@uplinksus.com,pattern-guessing,0.18,false,,
522,William Snyder,Uplinks.US,uplinksus.com,false,william.snyder@uplinksus.com,pattern-guessing,0.18,false,,
522,William Snyder,Uplinks.US,uplinksus.com,false,williamsnyder@uplinksus.com,pattern-guessing,0.18,false,,
522,William Snyder,Uplinks.US,uplinksus.com,false,william_snyder@uplinksus.com,pattern-guessing,0.18,false,,
522,William Snyder,Uplinks.US,uplinksus.com,false,wsnyder@uplinksus.com,pattern-guessing,0.18,false,,
522,William Snyder,Uplinks.US,uplinksus.com,false,w.snyder@uplinksus.com,pattern-guessing,0.18,false,,
522,William Snyder,Uplinks.US,uplinksus.com,false,williams@uplinksus.com,pattern-guessing,0.18,false,,
523,Patrick Nuciforo,UPWELL MEDICAL CLINIC,upwell.co,true,patrick@upwell.co,pattern-guessing,0.38,false,,
523,Patrick Nuciforo,UPWELL MEDICAL CLINIC,upwell.co,true,patrick.nuciforo@upwell.co,pattern-guessing,0.38,false,,
523,Patrick Nuciforo,UPWELL MEDICAL CLINIC,upwell.co,true,patricknuciforo@upwell.co,pattern-guessing,0.38,false,,
523,Patrick Nuciforo,UPWELL MEDICAL CLINIC,upwell.co,true,patrick_nuciforo@upwell.co,pattern-guessing,0.38,false,,
523,Patrick Nuciforo,UPWELL MEDICAL CLINIC,upwell.co,true,pnuciforo@upwell.co,pattern-guessing,0.38,false,,
523,Patrick Nuciforo,UPWELL MEDICAL CLINIC,upwell.co,true,p.nuciforo@upwell.co,pattern-guessing,0.38,false,,
523,Patrick Nuciforo,UPWELL MEDICAL CLINIC,upwell.co,true,patrickn@upwell.co,pattern-guessing,0.38,false,,
524,Andrea Broz,Urban Air New Tampa,worldbank.org,true,andrea@worldbank.org,pattern-guessing,0.38,false,,
524,Andrea Broz,Urban Air New Tampa,worldbank.org,true,andrea.broz@worldbank.org,pattern-guessing,0.38,false,,
524,Andrea Broz,Urban Air New Tampa,worldbank.org,true,andreabroz@worldbank.org,pattern-guessing,0.38,false,,
524,Andrea Broz,Urban Air New Tampa,worldbank.org,true,andrea_broz@worldbank.org,pattern-guessing,0.38,false,,
524,Andrea Broz,Urban Air New Tampa,worldbank.org,true,abroz@worldbank.org,pattern-guessing,0.38,false,,
524,Andrea Broz,Urban Air New Tampa,worldbank.org,true,a.broz@worldbank.org,pattern-guessing,0.38,false,,
524,Andrea Broz,Urban Air New Tampa,worldbank.org,true,andreab@worldbank.org,pattern-guessing,0.38,false,,
525,Brandon Phang,USF College of Education,usfcollegeofeducation.com,false,brandon@usfcollegeofeducation.com,pattern-guessing,0.18,false,,
525,Brandon Phang,USF College of Education,usfcollegeofeducation.com,false,brandon.phang@usfcollegeofeducation.com,pattern-guessing,0.18,false,,
525,Brandon Phang,USF College of Education,usfcollegeofeducation.com,false,brandonphang@usfcollegeofeducation.com,pattern-guessing,0.18,false,,
525,Brandon Phang,USF College of Education,usfcollegeofeducation.com,false,brandon_phang@usfcollegeofeducation.com,pattern-guessing,0.18,false,,
525,Brandon Phang,USF College of Education,usfcollegeofeducation.com,false,bphang@usfcollegeofeducation.com,pattern-guessing,0.18,false,,
525,Brandon Phang,USF College of Education,usfcollegeofeducation.com,false,b.phang@usfcollegeofeducation.com,pattern-guessing,0.18,false,,
525,Brandon Phang,USF College of Education,usfcollegeofeducation.com,false,brandonp@usfcollegeofeducation.com,pattern-guessing,0.18,false,,
526,Robert Papanikos,USF Credit Union - New Tampa,usfcreditunion-newtampa.com,false,robert@usfcreditunion-newtampa.com,pattern-guessing,0.18,false,,
526,Robert Papanikos,USF Credit Union - New Tampa,usfcreditunion-newtampa.com,false,robert.papanikos@usfcreditunion-newtampa.com,pattern-guessing,0.18,false,,
526,Robert Papanikos,USF Credit Union - New Tampa,usfcreditunion-newtampa.com,false,robertpapanikos@usfcreditunion-newtampa.com,pattern-guessing,0.18,false,,
526,Robert Papanikos,USF Credit Union - New Tampa,usfcreditunion-newtampa.com,false,robert_papanikos@usfcreditunion-newtampa.com,pattern-guessing,0.18,false,,
526,Robert Papanikos,USF Credit Union - New Tampa,usfcreditunion-newtampa.com,false,rpapanikos@usfcreditunion-newtampa.com,pattern-guessing,0.18,false,,
526,Robert Papanikos,USF Credit Union - New Tampa,usfcreditunion-newtampa.com,false,r.papanikos@usfcreditunion-newtampa.com,pattern-guessing,0.18,false,,
526,Robert Papanikos,USF Credit Union - New Tampa,usfcreditunion-newtampa.com,false,robertp@usfcreditunion-newtampa.com,pattern-guessing,0.18,false,,
527,David Dawson,USF Credit Union - Odessa,usfcreditunion-odessa.com,false,david@usfcreditunion-odessa.com,pattern-guessing,0.18,false,,
527,David Dawson,USF Credit Union - Odessa,usfcreditunion-odessa.com,false,david.dawson@usfcreditunion-odessa.com,pattern-guessing,0.18,false,,
527,David Dawson,USF Credit Union - Odessa,usfcreditunion-odessa.com,false,daviddawson@usfcreditunion-odessa.com,pattern-guessing,0.18,false,,
527,David Dawson,USF Credit Union - Odessa,usfcreditunion-odessa.com,false,david_dawson@usfcreditunion-odessa.com,pattern-guessing,0.18,false,,
527,David Dawson,USF Credit Union - Odessa,usfcreditunion-odessa.com,false,ddawson@usfcreditunion-odessa.com,pattern-guessing,0.18,false,,
527,David Dawson,USF Credit Union - Odessa,usfcreditunion-odessa.com,false,d.dawson@usfcreditunion-odessa.com,pattern-guessing,0.18,false,,
527,David Dawson,USF Credit Union - Odessa,usfcreditunion-odessa.com,false,davidd@usfcreditunion-odessa.com,pattern-guessing,0.18,false,,
528,Wendy Longley,Value Store It Self Storage,valuestoreitselfstorage.com,true,wendy@valuestoreitselfstorage.com,pattern-guessing,0.38,false,,
528,Wendy Longley,Value Store It Self Storage,valuestoreitselfstorage.com,true,wendy.longley@valuestoreitselfstorage.com,pattern-guessing,0.38,false,,
528,Wendy Longley,Value Store It Self Storage,valuestoreitselfstorage.com,true,wendylongley@valuestoreitselfstorage.com,pattern-guessing,0.38,false,,
528,Wendy Longley,Value Store It Self Storage,valuestoreitselfstorage.com,true,wendy_longley@valuestoreitselfstorage.com,pattern-guessing,0.38,false,,
528,Wendy Longley,Value Store It Self Storage,valuestoreitselfstorage.com,true,wlongley@valuestoreitselfstorage.com,pattern-guessing,0.38,false,,
528,Wendy Longley,Value Store It Self Storage,valuestoreitselfstorage.com,true,w.longley@valuestoreitselfstorage.com,pattern-guessing,0.38,false,,
528,Wendy Longley,Value Store It Self Storage,valuestoreitselfstorage.com,true,wendyl@valuestoreitselfstorage.com,pattern-guessing,0.38,false,,
529,Lakish Plante,Velocity Air Conditioning,velocitycu.com,true,lakish@velocitycu.com,pattern-guessing,0.38,false,,
529,Lakish Plante,Velocity Air Conditioning,velocitycu.com,true,lakish.plante@velocitycu.com,pattern-guessing,0.38,false,,
529,Lakish Plante,Velocity Air Conditioning,velocitycu.com,true,lakishplante@velocitycu.com,pattern-guessing,0.38,false,,
529,Lakish Plante,Velocity Air Conditioning,velocitycu.com,true,lakish_plante@velocitycu.com,pattern-guessing,0.38,false,,
529,Lakish Plante,Velocity Air Conditioning,velocitycu.com,true,lplante@velocitycu.com,pattern-guessing,0.38,false,,
529,Lakish Plante,Velocity Air Conditioning,velocitycu.com,true,l.plante@velocitycu.com,pattern-guessing,0.38,false,,
529,Lakish Plante,Velocity Air Conditioning,velocitycu.com,true,lakishp@velocitycu.com,pattern-guessing,0.38,false,,
530,Aihab Gerges,Velocity Custom Golf Cars,velocitycu.com,true,aihab@velocitycu.com,pattern-guessing,0.38,false,,
530,Aihab Gerges,Velocity Custom Golf Cars,velocitycu.com,true,aihab.gerges@velocitycu.com,pattern-guessing,0.38,false,,
530,Aihab Gerges,Velocity Custom Golf Cars,velocitycu.com,true,aihabgerges@velocitycu.com,pattern-guessing,0.38,false,,
530,Aihab Gerges,Velocity Custom Golf Cars,velocitycu.com,true,aihab_gerges@velocitycu.com,pattern-guessing,0.38,false,,
530,Aihab Gerges,Velocity Custom Golf Cars,velocitycu.com,true,agerges@velocitycu.com,pattern-guessing,0.38,false,,
530,Aihab Gerges,Velocity Custom Golf Cars,velocitycu.com,true,a.gerges@velocitycu.com,pattern-guessing,0.38,false,,
530,Aihab Gerges,Velocity Custom Golf Cars,velocitycu.com,true,aihabg@velocitycu.com,pattern-guessing,0.38,false,,
531,Theresa Benetatos,Verve,verveacu.com,true,theresa@verveacu.com,pattern-guessing,0.38,false,,
531,Theresa Benetatos,Verve,verveacu.com,true,theresa.benetatos@verveacu.com,pattern-guessing,0.38,false,,
531,Theresa Benetatos,Verve,verveacu.com,true,theresabenetatos@verveacu.com,pattern-guessing,0.38,false,,
531,Theresa Benetatos,Verve,verveacu.com,true,theresa_benetatos@verveacu.com,pattern-guessing,0.38,false,,
531,Theresa Benetatos,Verve,verveacu.com,true,tbenetatos@verveacu.com,pattern-guessing,0.38,false,,
531,Theresa Benetatos,Verve,verveacu.com,true,t.benetatos@verveacu.com,pattern-guessing,0.38,false,,
531,Theresa Benetatos,Verve,verveacu.com,true,theresab@verveacu.com,pattern-guessing,0.38,false,,
532,Liane Caruso,Verve Luxury Apartments,verveacu.com,true,liane@verveacu.com,pattern-guessing,0.38,false,,
532,Liane Caruso,Verve Luxury Apartments,verveacu.com,true,liane.caruso@verveacu.com,pattern-guessing,0.38,false,,
532,Liane Caruso,Verve Luxury Apartments,verveacu.com,true,lianecaruso@verveacu.com,pattern-guessing,0.38,false,,
532,Liane Caruso,Verve Luxury Apartments,verveacu.com,true,liane_caruso@verveacu.com,pattern-guessing,0.38,false,,
532,Liane Caruso,Verve Luxury Apartments,verveacu.com,true,lcaruso@verveacu.com,pattern-guessing,0.38,false,,
532,Liane Caruso,Verve Luxury Apartments,verveacu.com,true,l.caruso@verveacu.com,pattern-guessing,0.38,false,,
532,Liane Caruso,Verve Luxury Apartments,verveacu.com,true,lianec@verveacu.com,pattern-guessing,0.38,false,,
533,Liane Caruso,Vesta Property Pro,vesta.org,true,princess@vesta.org,web-scraping,0.72,false,https://vesta.org/,
533,Liane Caruso,Vesta Property Pro,vesta.org,true,irc@vesta.org,web-scraping,0.72,false,https://vesta.org/,
533,Liane Caruso,Vesta Property Pro,vesta.org,true,mrrequest@vesta.org,web-scraping,0.72,false,https://vesta.org/contact,
533,Liane Caruso,Vesta Property Pro,vesta.org,true,info@vesta.org,web-scraping,0.54,false,https://vesta.org/,
533,Liane Caruso,Vesta Property Pro,vesta.org,true,liane@vesta.org,pattern-guessing,0.38,false,,
533,Liane Caruso,Vesta Property Pro,vesta.org,true,liane.caruso@vesta.org,pattern-guessing,0.38,false,,
533,Liane Caruso,Vesta Property Pro,vesta.org,true,lianecaruso@vesta.org,pattern-guessing,0.38,false,,
533,Liane Caruso,Vesta Property Pro,vesta.org,true,liane_caruso@vesta.org,pattern-guessing,0.38,false,,
533,Liane Caruso,Vesta Property Pro,vesta.org,true,lcaruso@vesta.org,pattern-guessing,0.38,false,,
533,Liane Caruso,Vesta Property Pro,vesta.org,true,l.caruso@vesta.org,pattern-guessing,0.38,false,,
533,Liane Caruso,Vesta Property Pro,vesta.org,true,lianec@vesta.org,pattern-guessing,0.38,false,,
534,Martin Wathen,VIPcare - Tampa-Waters,getvipcare.com,true,martin@getvipcare.com,pattern-guessing,0.38,false,,
534,Martin Wathen,VIPcare - Tampa-Waters,getvipcare.com,true,martin.wathen@getvipcare.com,pattern-guessing,0.38,false,,
534,Martin Wathen,VIPcare - Tampa-Waters,getvipcare.com,true,martinwathen@getvipcare.com,pattern-guessing,0.38,false,,
534,Martin Wathen,VIPcare - Tampa-Waters,getvipcare.com,true,martin_wathen@getvipcare.com,pattern-guessing,0.38,false,,
534,Martin Wathen,VIPcare - Tampa-Waters,getvipcare.com,true,mwathen@getvipcare.com,pattern-guessing,0.38,false,,
534,Martin Wathen,VIPcare - Tampa-Waters,getvipcare.com,true,m.wathen@getvipcare.com,pattern-guessing,0.38,false,,
534,Martin Wathen,VIPcare - Tampa-Waters,getvipcare.com,true,martinw@getvipcare.com,pattern-guessing,0.38,false,,
535,Mr. Thomas Patrick Finley,Viradia Plastic Surgery,forum.wwfry.org,false,mr@forum.wwfry.org,pattern-guessing,0.18,false,,
535,Mr. Thomas Patrick Finley,Viradia Plastic Surgery,forum.wwfry.org,false,mr.finley@forum.wwfry.org,pattern-guessing,0.18,false,,
535,Mr. Thomas Patrick Finley,Viradia Plastic Surgery,forum.wwfry.org,false,mrfinley@forum.wwfry.org,pattern-guessing,0.18,false,,
535,Mr. Thomas Patrick Finley,Viradia Plastic Surgery,forum.wwfry.org,false,mr_finley@forum.wwfry.org,pattern-guessing,0.18,false,,
535,Mr. Thomas Patrick Finley,Viradia Plastic Surgery,forum.wwfry.org,false,mfinley@forum.wwfry.org,pattern-guessing,0.18,false,,
535,Mr. Thomas Patrick Finley,Viradia Plastic Surgery,forum.wwfry.org,false,m.finley@forum.wwfry.org,pattern-guessing,0.18,false,,
535,Mr. Thomas Patrick Finley,Viradia Plastic Surgery,forum.wwfry.org,false,mrf@forum.wwfry.org,pattern-guessing,0.18,false,,
536,Tina White,Voda Cleaning & Restoration of North Tampa,vodacleaningandrestorationofnorthtampa.com,false,tina@vodacleaningandrestorationofnorthtampa.com,pattern-guessing,0.18,false,,
536,Tina White,Voda Cleaning & Restoration of North Tampa,vodacleaningandrestorationofnorthtampa.com,false,tina.white@vodacleaningandrestorationofnorthtampa.com,pattern-guessing,0.18,false,,
536,Tina White,Voda Cleaning & Restoration of North Tampa,vodacleaningandrestorationofnorthtampa.com,false,tinawhite@vodacleaningandrestorationofnorthtampa.com,pattern-guessing,0.18,false,,
536,Tina White,Voda Cleaning & Restoration of North Tampa,vodacleaningandrestorationofnorthtampa.com,false,tina_white@vodacleaningandrestorationofnorthtampa.com,pattern-guessing,0.18,false,,
536,Tina White,Voda Cleaning & Restoration of North Tampa,vodacleaningandrestorationofnorthtampa.com,false,twhite@vodacleaningandrestorationofnorthtampa.com,pattern-guessing,0.18,false,,
536,Tina White,Voda Cleaning & Restoration of North Tampa,vodacleaningandrestorationofnorthtampa.com,false,t.white@vodacleaningandrestorationofnorthtampa.com,pattern-guessing,0.18,false,,
536,Tina White,Voda Cleaning & Restoration of North Tampa,vodacleaningandrestorationofnorthtampa.com,false,tinaw@vodacleaningandrestorationofnorthtampa.com,pattern-guessing,0.18,false,,
537,Denise Welter,Volkswagen of Wesley Chapel,volkswagenofwesleychapel.com,false,denise@volkswagenofwesleychapel.com,pattern-guessing,0.18,false,,
537,Denise Welter,Volkswagen of Wesley Chapel,volkswagenofwesleychapel.com,false,denise.welter@volkswagenofwesleychapel.com,pattern-guessing,0.18,false,,
537,Denise Welter,Volkswagen of Wesley Chapel,volkswagenofwesleychapel.com,false,denisewelter@volkswagenofwesleychapel.com,pattern-guessing,0.18,false,,
537,Denise Welter,Volkswagen of Wesley Chapel,volkswagenofwesleychapel.com,false,denise_welter@volkswagenofwesleychapel.com,pattern-guessing,0.18,false,,
537,Denise Welter,Volkswagen of Wesley Chapel,volkswagenofwesleychapel.com,false,dwelter@volkswagenofwesleychapel.com,pattern-guessing,0.18,false,,
537,Denise Welter,Volkswagen of Wesley Chapel,volkswagenofwesleychapel.com,false,d.welter@volkswagenofwesleychapel.com,pattern-guessing,0.18,false,,
537,Denise Welter,Volkswagen of Wesley Chapel,volkswagenofwesleychapel.com,false,denisew@volkswagenofwesleychapel.com,pattern-guessing,0.18,false,,
538,Mark Schlein CPA,Volvo Cars Wesley Chapel,volvocarswesleychapel.com,true,mark@volvocarswesleychapel.com,pattern-guessing,0.38,false,,
538,Mark Schlein CPA,Volvo Cars Wesley Chapel,volvocarswesleychapel.com,true,mark.cpa@volvocarswesleychapel.com,pattern-guessing,0.38,false,,
538,Mark Schlein CPA,Volvo Cars Wesley Chapel,volvocarswesleychapel.com,true,markcpa@volvocarswesleychapel.com,pattern-guessing,0.38,false,,
538,Mark Schlein CPA,Volvo Cars Wesley Chapel,volvocarswesleychapel.com,true,mark_cpa@volvocarswesleychapel.com,pattern-guessing,0.38,false,,
538,Mark Schlein CPA,Volvo Cars Wesley Chapel,volvocarswesleychapel.com,true,mcpa@volvocarswesleychapel.com,pattern-guessing,0.38,false,,
538,Mark Schlein CPA,Volvo Cars Wesley Chapel,volvocarswesleychapel.com,true,m.cpa@volvocarswesleychapel.com,pattern-guessing,0.38,false,,
538,Mark Schlein CPA,Volvo Cars Wesley Chapel,volvocarswesleychapel.com,true,markc@volvocarswesleychapel.com,pattern-guessing,0.38,false,,
539,"Jevon Williams, SR",Vortex Express Wash,vortexexpresswash.com,false,jevon@vortexexpresswash.com,pattern-guessing,0.18,false,,
539,"Jevon Williams, SR",Vortex Express Wash,vortexexpresswash.com,false,jevon.sr@vortexexpresswash.com,pattern-guessing,0.18,false,,
539,"Jevon Williams, SR",Vortex Express Wash,vortexexpresswash.com,false,jevonsr@vortexexpresswash.com,pattern-guessing,0.18,false,,
539,"Jevon Williams, SR",Vortex Express Wash,vortexexpresswash.com,false,jevon_sr@vortexexpresswash.com,pattern-guessing,0.18,false,,
539,"Jevon Williams, SR",Vortex Express Wash,vortexexpresswash.com,false,jsr@vortexexpresswash.com,pattern-guessing,0.18,false,,
539,"Jevon Williams, SR",Vortex Express Wash,vortexexpresswash.com,false,j.sr@vortexexpresswash.com,pattern-guessing,0.18,false,,
539,"Jevon Williams, SR",Vortex Express Wash,vortexexpresswash.com,false,jevons@vortexexpresswash.com,pattern-guessing,0.18,false,,
540,Evelin Williams,Waste Connections,wm.com,true,evelin@wm.com,pattern-guessing,0.38,false,,
540,Evelin Williams,Waste Connections,wm.com,true,evelin.williams@wm.com,pattern-guessing,0.38,false,,
540,Evelin Williams,Waste Connections,wm.com,true,evelinwilliams@wm.com,pattern-guessing,0.38,false,,
540,Evelin Williams,Waste Connections,wm.com,true,evelin_williams@wm.com,pattern-guessing,0.38,false,,
540,Evelin Williams,Waste Connections,wm.com,true,ewilliams@wm.com,pattern-guessing,0.38,false,,
540,Evelin Williams,Waste Connections,wm.com,true,e.williams@wm.com,pattern-guessing,0.38,false,,
540,Evelin Williams,Waste Connections,wm.com,true,evelinw@wm.com,pattern-guessing,0.38,false,,
541,Thomas Davies,Watermelon Swim - Lutz LLC,watermelon.org,true,thomas@watermelon.org,pattern-guessing,0.38,false,,
541,Thomas Davies,Watermelon Swim - Lutz LLC,watermelon.org,true,thomas.davies@watermelon.org,pattern-guessing,0.38,false,,
541,Thomas Davies,Watermelon Swim - Lutz LLC,watermelon.org,true,thomasdavies@watermelon.org,pattern-guessing,0.38,false,,
541,Thomas Davies,Watermelon Swim - Lutz LLC,watermelon.org,true,thomas_davies@watermelon.org,pattern-guessing,0.38,false,,
541,Thomas Davies,Watermelon Swim - Lutz LLC,watermelon.org,true,tdavies@watermelon.org,pattern-guessing,0.38,false,,
541,Thomas Davies,Watermelon Swim - Lutz LLC,watermelon.org,true,t.davies@watermelon.org,pattern-guessing,0.38,false,,
541,Thomas Davies,Watermelon Swim - Lutz LLC,watermelon.org,true,thomasd@watermelon.org,pattern-guessing,0.38,false,,
542,Diana Dechichio,Watermelon Swim - Wesley Chapel,watermelon.org,true,diana@watermelon.org,pattern-guessing,0.38,false,,
542,Diana Dechichio,Watermelon Swim - Wesley Chapel,watermelon.org,true,diana.dechichio@watermelon.org,pattern-guessing,0.38,false,,
542,Diana Dechichio,Watermelon Swim - Wesley Chapel,watermelon.org,true,dianadechichio@watermelon.org,pattern-guessing,0.38,false,,
542,Diana Dechichio,Watermelon Swim - Wesley Chapel,watermelon.org,true,diana_dechichio@watermelon.org,pattern-guessing,0.38,false,,
542,Diana Dechichio,Watermelon Swim - Wesley Chapel,watermelon.org,true,ddechichio@watermelon.org,pattern-guessing,0.38,false,,
542,Diana Dechichio,Watermelon Swim - Wesley Chapel,watermelon.org,true,d.dechichio@watermelon.org,pattern-guessing,0.38,false,,
542,Diana Dechichio,Watermelon Swim - Wesley Chapel,watermelon.org,true,dianad@watermelon.org,pattern-guessing,0.38,false,,
543,Evelin Williams,"Wathen Tax Service, LLC",wathentaxservice.com,true,martin@wathentaxservice.com,web-scraping,0.72,false,https://wathentaxservice.com/,
543,Evelin Williams,"Wathen Tax Service, LLC",wathentaxservice.com,true,evelin@wathentaxservice.com,pattern-guessing,0.38,false,,
543,Evelin Williams,"Wathen Tax Service, LLC",wathentaxservice.com,true,evelin.williams@wathentaxservice.com,pattern-guessing,0.38,false,,
543,Evelin Williams,"Wathen Tax Service, LLC",wathentaxservice.com,true,evelinwilliams@wathentaxservice.com,pattern-guessing,0.38,false,,
543,Evelin Williams,"Wathen Tax Service, LLC",wathentaxservice.com,true,evelin_williams@wathentaxservice.com,pattern-guessing,0.38,false,,
543,Evelin Williams,"Wathen Tax Service, LLC",wathentaxservice.com,true,ewilliams@wathentaxservice.com,pattern-guessing,0.38,false,,
543,Evelin Williams,"Wathen Tax Service, LLC",wathentaxservice.com,true,e.williams@wathentaxservice.com,pattern-guessing,0.38,false,,
543,Evelin Williams,"Wathen Tax Service, LLC",wathentaxservice.com,true,evelinw@wathentaxservice.com,pattern-guessing,0.38,false,,
544,Matt Graham,We Love Logos,welovelogos.com,true,tom@welovelogos.com,web-scraping,0.72,false,https://welovelogos.com/,
544,Matt Graham,We Love Logos,welovelogos.com,true,matt@welovelogos.com,pattern-guessing,0.38,false,,
544,Matt Graham,We Love Logos,welovelogos.com,true,matt.graham@welovelogos.com,pattern-guessing,0.38,false,,
544,Matt Graham,We Love Logos,welovelogos.com,true,mattgraham@welovelogos.com,pattern-guessing,0.38,false,,
544,Matt Graham,We Love Logos,welovelogos.com,true,matt_graham@welovelogos.com,pattern-guessing,0.38,false,,
544,Matt Graham,We Love Logos,welovelogos.com,true,mgraham@welovelogos.com,pattern-guessing,0.38,false,,
544,Matt Graham,We Love Logos,welovelogos.com,true,m.graham@welovelogos.com,pattern-guessing,0.38,false,,
544,Matt Graham,We Love Logos,welovelogos.com,true,mattg@welovelogos.com,pattern-guessing,0.38,false,,
545,Derrick Edmonds,WellMed/Optum,wellmedoptum.com,false,derrick@wellmedoptum.com,pattern-guessing,0.18,false,,
545,Derrick Edmonds,WellMed/Optum,wellmedoptum.com,false,derrick.edmonds@wellmedoptum.com,pattern-guessing,0.18,false,,
545,Derrick Edmonds,WellMed/Optum,wellmedoptum.com,false,derrickedmonds@wellmedoptum.com,pattern-guessing,0.18,false,,
545,Derrick Edmonds,WellMed/Optum,wellmedoptum.com,false,derrick_edmonds@wellmedoptum.com,pattern-guessing,0.18,false,,
545,Derrick Edmonds,WellMed/Optum,wellmedoptum.com,false,dedmonds@wellmedoptum.com,pattern-guessing,0.18,false,,
545,Derrick Edmonds,WellMed/Optum,wellmedoptum.com,false,d.edmonds@wellmedoptum.com,pattern-guessing,0.18,false,,
545,Derrick Edmonds,WellMed/Optum,wellmedoptum.com,false,derricke@wellmedoptum.com,pattern-guessing,0.18,false,,
546,Johnny Santos,Welter Law Office,welterfuneralhome.com,true,johnny@welterfuneralhome.com,pattern-guessing,0.38,false,,
546,Johnny Santos,Welter Law Office,welterfuneralhome.com,true,johnny.santos@welterfuneralhome.com,pattern-guessing,0.38,false,,
546,Johnny Santos,Welter Law Office,welterfuneralhome.com,true,johnnysantos@welterfuneralhome.com,pattern-guessing,0.38,false,,
546,Johnny Santos,Welter Law Office,welterfuneralhome.com,true,johnny_santos@welterfuneralhome.com,pattern-guessing,0.38,false,,
546,Johnny Santos,Welter Law Office,welterfuneralhome.com,true,jsantos@welterfuneralhome.com,pattern-guessing,0.38,false,,
546,Johnny Santos,Welter Law Office,welterfuneralhome.com,true,j.santos@welterfuneralhome.com,pattern-guessing,0.38,false,,
546,Johnny Santos,Welter Law Office,welterfuneralhome.com,true,johnnys@welterfuneralhome.com,pattern-guessing,0.38,false,,
547,Juan Valenzuela,Wesley Chapel Accounting & Tax,wesleychapelaccountingandtax.com,false,juan@wesleychapelaccountingandtax.com,pattern-guessing,0.18,false,,
547,Juan Valenzuela,Wesley Chapel Accounting & Tax,wesleychapelaccountingandtax.com,false,juan.valenzuela@wesleychapelaccountingandtax.com,pattern-guessing,0.18,false,,
547,Juan Valenzuela,Wesley Chapel Accounting & Tax,wesleychapelaccountingandtax.com,false,juanvalenzuela@wesleychapelaccountingandtax.com,pattern-guessing,0.18,false,,
547,Juan Valenzuela,Wesley Chapel Accounting & Tax,wesleychapelaccountingandtax.com,false,juan_valenzuela@wesleychapelaccountingandtax.com,pattern-guessing,0.18,false,,
547,Juan Valenzuela,Wesley Chapel Accounting & Tax,wesleychapelaccountingandtax.com,false,jvalenzuela@wesleychapelaccountingandtax.com,pattern-guessing,0.18,false,,
547,Juan Valenzuela,Wesley Chapel Accounting & Tax,wesleychapelaccountingandtax.com,false,j.valenzuela@wesleychapelaccountingandtax.com,pattern-guessing,0.18,false,,
547,Juan Valenzuela,Wesley Chapel Accounting & Tax,wesleychapelaccountingandtax.com,false,juanv@wesleychapelaccountingandtax.com,pattern-guessing,0.18,false,,
548,David DiRenzo,"Wesley Chapel Community Services, LLC",wesleychapelcommunityservices.com,false,david@wesleychapelcommunityservices.com,pattern-guessing,0.18,false,,
548,David DiRenzo,"Wesley Chapel Community Services, LLC",wesleychapelcommunityservices.com,false,david.direnzo@wesleychapelcommunityservices.com,pattern-guessing,0.18,false,,
548,David DiRenzo,"Wesley Chapel Community Services, LLC",wesleychapelcommunityservices.com,false,daviddirenzo@wesleychapelcommunityservices.com,pattern-guessing,0.18,false,,
548,David DiRenzo,"Wesley Chapel Community Services, LLC",wesleychapelcommunityservices.com,false,david_direnzo@wesleychapelcommunityservices.com,pattern-guessing,0.18,false,,
548,David DiRenzo,"Wesley Chapel Community Services, LLC",wesleychapelcommunityservices.com,false,ddirenzo@wesleychapelcommunityservices.com,pattern-guessing,0.18,false,,
548,David DiRenzo,"Wesley Chapel Community Services, LLC",wesleychapelcommunityservices.com,false,d.direnzo@wesleychapelcommunityservices.com,pattern-guessing,0.18,false,,
548,David DiRenzo,"Wesley Chapel Community Services, LLC",wesleychapelcommunityservices.com,false,davidd@wesleychapelcommunityservices.com,pattern-guessing,0.18,false,,
549,Rachel Kirk,Wesley Chapel Honda,wesleychapelhonda.com,true,rachel@wesleychapelhonda.com,pattern-guessing,0.38,false,,
549,Rachel Kirk,Wesley Chapel Honda,wesleychapelhonda.com,true,rachel.kirk@wesleychapelhonda.com,pattern-guessing,0.38,false,,
549,Rachel Kirk,Wesley Chapel Honda,wesleychapelhonda.com,true,rachelkirk@wesleychapelhonda.com,pattern-guessing,0.38,false,,
549,Rachel Kirk,Wesley Chapel Honda,wesleychapelhonda.com,true,rachel_kirk@wesleychapelhonda.com,pattern-guessing,0.38,false,,
549,Rachel Kirk,Wesley Chapel Honda,wesleychapelhonda.com,true,rkirk@wesleychapelhonda.com,pattern-guessing,0.38,false,,
549,Rachel Kirk,Wesley Chapel Honda,wesleychapelhonda.com,true,r.kirk@wesleychapelhonda.com,pattern-guessing,0.38,false,,
549,Rachel Kirk,Wesley Chapel Honda,wesleychapelhonda.com,true,rachelk@wesleychapelhonda.com,pattern-guessing,0.38,false,,
550,Marc Yonker,Wesley Chapel Retirement Advisors,wesleychapelretirementadvisors.com,false,marc@wesleychapelretirementadvisors.com,pattern-guessing,0.18,false,,
550,Marc Yonker,Wesley Chapel Retirement Advisors,wesleychapelretirementadvisors.com,false,marc.yonker@wesleychapelretirementadvisors.com,pattern-guessing,0.18,false,,
550,Marc Yonker,Wesley Chapel Retirement Advisors,wesleychapelretirementadvisors.com,false,marcyonker@wesleychapelretirementadvisors.com,pattern-guessing,0.18,false,,
550,Marc Yonker,Wesley Chapel Retirement Advisors,wesleychapelretirementadvisors.com,false,marc_yonker@wesleychapelretirementadvisors.com,pattern-guessing,0.18,false,,
550,Marc Yonker,Wesley Chapel Retirement Advisors,wesleychapelretirementadvisors.com,false,myonker@wesleychapelretirementadvisors.com,pattern-guessing,0.18,false,,
550,Marc Yonker,Wesley Chapel Retirement Advisors,wesleychapelretirementadvisors.com,false,m.yonker@wesleychapelretirementadvisors.com,pattern-guessing,0.18,false,,
550,Marc Yonker,Wesley Chapel Retirement Advisors,wesleychapelretirementadvisors.com,false,marcy@wesleychapelretirementadvisors.com,pattern-guessing,0.18,false,,
551,Mrs. Quinn Porter,"Wesley Chapel Theater Group, Inc.",wesleychapeltheatergroup.com,false,mrs@wesleychapeltheatergroup.com,pattern-guessing,0.18,false,,
551,Mrs. Quinn Porter,"Wesley Chapel Theater Group, Inc.",wesleychapeltheatergroup.com,false,mrs.porter@wesleychapeltheatergroup.com,pattern-guessing,0.18,false,,
551,Mrs. Quinn Porter,"Wesley Chapel Theater Group, Inc.",wesleychapeltheatergroup.com,false,mrsporter@wesleychapeltheatergroup.com,pattern-guessing,0.18,false,,
551,Mrs. Quinn Porter,"Wesley Chapel Theater Group, Inc.",wesleychapeltheatergroup.com,false,mrs_porter@wesleychapeltheatergroup.com,pattern-guessing,0.18,false,,
551,Mrs. Quinn Porter,"Wesley Chapel Theater Group, Inc.",wesleychapeltheatergroup.com,false,mporter@wesleychapeltheatergroup.com,pattern-guessing,0.18,false,,
551,Mrs. Quinn Porter,"Wesley Chapel Theater Group, Inc.",wesleychapeltheatergroup.com,false,m.porter@wesleychapeltheatergroup.com,pattern-guessing,0.18,false,,
551,Mrs. Quinn Porter,"Wesley Chapel Theater Group, Inc.",wesleychapeltheatergroup.com,false,mrsp@wesleychapeltheatergroup.com,pattern-guessing,0.18,false,,
552,Ricky Gude,Wesley Chapel Toyota,wesleychapeltoyota.com,true,ricky@wesleychapeltoyota.com,pattern-guessing,0.38,false,,
552,Ricky Gude,Wesley Chapel Toyota,wesleychapeltoyota.com,true,ricky.gude@wesleychapeltoyota.com,pattern-guessing,0.38,false,,
552,Ricky Gude,Wesley Chapel Toyota,wesleychapeltoyota.com,true,rickygude@wesleychapeltoyota.com,pattern-guessing,0.38,false,,
552,Ricky Gude,Wesley Chapel Toyota,wesleychapeltoyota.com,true,ricky_gude@wesleychapeltoyota.com,pattern-guessing,0.38,false,,
552,Ricky Gude,Wesley Chapel Toyota,wesleychapeltoyota.com,true,rgude@wesleychapeltoyota.com,pattern-guessing,0.38,false,,
552,Ricky Gude,Wesley Chapel Toyota,wesleychapeltoyota.com,true,r.gude@wesleychapeltoyota.com,pattern-guessing,0.38,false,,
552,Ricky Gude,Wesley Chapel Toyota,wesleychapeltoyota.com,true,rickyg@wesleychapeltoyota.com,pattern-guessing,0.38,false,,
553,Jake DeGeare,West Coast Financial Group,web2.west.com.br,false,jake@web2.west.com.br,pattern-guessing,0.18,false,,
553,Jake DeGeare,West Coast Financial Group,web2.west.com.br,false,jake.degeare@web2.west.com.br,pattern-guessing,0.18,false,,
553,Jake DeGeare,West Coast Financial Group,web2.west.com.br,false,jakedegeare@web2.west.com.br,pattern-guessing,0.18,false,,
553,Jake DeGeare,West Coast Financial Group,web2.west.com.br,false,jake_degeare@web2.west.com.br,pattern-guessing,0.18,false,,
553,Jake DeGeare,West Coast Financial Group,web2.west.com.br,false,jdegeare@web2.west.com.br,pattern-guessing,0.18,false,,
553,Jake DeGeare,West Coast Financial Group,web2.west.com.br,false,j.degeare@web2.west.com.br,pattern-guessing,0.18,false,,
553,Jake DeGeare,West Coast Financial Group,web2.west.com.br,false,jaked@web2.west.com.br,pattern-guessing,0.18,false,,
554,Melissa Roberts,Western & Southern Life,westernandsouthernlife.com,false,melissa@westernandsouthernlife.com,pattern-guessing,0.18,false,,
554,Melissa Roberts,Western & Southern Life,westernandsouthernlife.com,false,melissa.roberts@westernandsouthernlife.com,pattern-guessing,0.18,false,,
554,Melissa Roberts,Western & Southern Life,westernandsouthernlife.com,false,melissaroberts@westernandsouthernlife.com,pattern-guessing,0.18,false,,
554,Melissa Roberts,Western & Southern Life,westernandsouthernlife.com,false,melissa_roberts@westernandsouthernlife.com,pattern-guessing,0.18,false,,
554,Melissa Roberts,Western & Southern Life,westernandsouthernlife.com,false,mroberts@westernandsouthernlife.com,pattern-guessing,0.18,false,,
554,Melissa Roberts,Western & Southern Life,westernandsouthernlife.com,false,m.roberts@westernandsouthernlife.com,pattern-guessing,0.18,false,,
554,Melissa Roberts,Western & Southern Life,westernandsouthernlife.com,false,melissar@westernandsouthernlife.com,pattern-guessing,0.18,false,,
555,Jake DeGeare,"Wharton-Smith Construction Group, Inc.",wharton.upenn.edu,true,jake@wharton.upenn.edu,pattern-guessing,0.38,false,,
555,Jake DeGeare,"Wharton-Smith Construction Group, Inc.",wharton.upenn.edu,true,jake.degeare@wharton.upenn.edu,pattern-guessing,0.38,false,,
555,Jake DeGeare,"Wharton-Smith Construction Group, Inc.",wharton.upenn.edu,true,jakedegeare@wharton.upenn.edu,pattern-guessing,0.38,false,,
555,Jake DeGeare,"Wharton-Smith Construction Group, Inc.",wharton.upenn.edu,true,jake_degeare@wharton.upenn.edu,pattern-guessing,0.38,false,,
555,Jake DeGeare,"Wharton-Smith Construction Group, Inc.",wharton.upenn.edu,true,jdegeare@wharton.upenn.edu,pattern-guessing,0.38,false,,
555,Jake DeGeare,"Wharton-Smith Construction Group, Inc.",wharton.upenn.edu,true,j.degeare@wharton.upenn.edu,pattern-guessing,0.38,false,,
555,Jake DeGeare,"Wharton-Smith Construction Group, Inc.",wharton.upenn.edu,true,jaked@wharton.upenn.edu,pattern-guessing,0.38,false,,
556,Tony Masella,Whataburger,whataburger.com,true,tony@whataburger.com,pattern-guessing,0.38,false,,
556,Tony Masella,Whataburger,whataburger.com,true,tony.masella@whataburger.com,pattern-guessing,0.38,false,,
556,Tony Masella,Whataburger,whataburger.com,true,tonymasella@whataburger.com,pattern-guessing,0.38,false,,
556,Tony Masella,Whataburger,whataburger.com,true,tony_masella@whataburger.com,pattern-guessing,0.38,false,,
556,Tony Masella,Whataburger,whataburger.com,true,tmasella@whataburger.com,pattern-guessing,0.38,false,,
556,Tony Masella,Whataburger,whataburger.com,true,t.masella@whataburger.com,pattern-guessing,0.38,false,,
556,Tony Masella,Whataburger,whataburger.com,true,tonym@whataburger.com,pattern-guessing,0.38,false,,
557,Mr. Lee Bell,Window Hero Northern Tampa,windowheronortherntampa.com,false,mr@windowheronortherntampa.com,pattern-guessing,0.18,false,,
557,Mr. Lee Bell,Window Hero Northern Tampa,windowheronortherntampa.com,false,mr.bell@windowheronortherntampa.com,pattern-guessing,0.18,false,,
557,Mr. Lee Bell,Window Hero Northern Tampa,windowheronortherntampa.com,false,mrbell@windowheronortherntampa.com,pattern-guessing,0.18,false,,
557,Mr. Lee Bell,Window Hero Northern Tampa,windowheronortherntampa.com,false,mr_bell@windowheronortherntampa.com,pattern-guessing,0.18,false,,
557,Mr. Lee Bell,Window Hero Northern Tampa,windowheronortherntampa.com,false,mbell@windowheronortherntampa.com,pattern-guessing,0.18,false,,
557,Mr. Lee Bell,Window Hero Northern Tampa,windowheronortherntampa.com,false,m.bell@windowheronortherntampa.com,pattern-guessing,0.18,false,,
557,Mr. Lee Bell,Window Hero Northern Tampa,windowheronortherntampa.com,false,mrb@windowheronortherntampa.com,pattern-guessing,0.18,false,,
558,Michael Whitten,Windward Wealth Management/Ameriprise Financial,windward.ai,true,michael@windward.ai,pattern-guessing,0.38,false,,
558,Michael Whitten,Windward Wealth Management/Ameriprise Financial,windward.ai,true,michael.whitten@windward.ai,pattern-guessing,0.38,false,,
558,Michael Whitten,Windward Wealth Management/Ameriprise Financial,windward.ai,true,michaelwhitten@windward.ai,pattern-guessing,0.38,false,,
558,Michael Whitten,Windward Wealth Management/Ameriprise Financial,windward.ai,true,michael_whitten@windward.ai,pattern-guessing,0.38,false,,
558,Michael Whitten,Windward Wealth Management/Ameriprise Financial,windward.ai,true,mwhitten@windward.ai,pattern-guessing,0.38,false,,
558,Michael Whitten,Windward Wealth Management/Ameriprise Financial,windward.ai,true,m.whitten@windward.ai,pattern-guessing,0.38,false,,
558,Michael Whitten,Windward Wealth Management/Ameriprise Financial,windward.ai,true,michaelw@windward.ai,pattern-guessing,0.38,false,,
559,Lisa Neale,Winters & Yonker Personal Injury Lawyers,winters.com,true,lisa@winters.com,pattern-guessing,0.38,false,,
559,Lisa Neale,Winters & Yonker Personal Injury Lawyers,winters.com,true,lisa.neale@winters.com,pattern-guessing,0.38,false,,
559,Lisa Neale,Winters & Yonker Personal Injury Lawyers,winters.com,true,lisaneale@winters.com,pattern-guessing,0.38,false,,
559,Lisa Neale,Winters & Yonker Personal Injury Lawyers,winters.com,true,lisa_neale@winters.com,pattern-guessing,0.38,false,,
559,Lisa Neale,Winters & Yonker Personal Injury Lawyers,winters.com,true,lneale@winters.com,pattern-guessing,0.38,false,,
559,Lisa Neale,Winters & Yonker Personal Injury Lawyers,winters.com,true,l.neale@winters.com,pattern-guessing,0.38,false,,
559,Lisa Neale,Winters & Yonker Personal Injury Lawyers,winters.com,true,lisan@winters.com,pattern-guessing,0.38,false,,
560,Hasan Suleiman,"Wiregrass Ranch, Inc.",wiregrassranch.com,false,hasan@wiregrassranch.com,pattern-guessing,0.18,false,,
560,Hasan Suleiman,"Wiregrass Ranch, Inc.",wiregrassranch.com,false,hasan.suleiman@wiregrassranch.com,pattern-guessing,0.18,false,,
560,Hasan Suleiman,"Wiregrass Ranch, Inc.",wiregrassranch.com,false,hasansuleiman@wiregrassranch.com,pattern-guessing,0.18,false,,
560,Hasan Suleiman,"Wiregrass Ranch, Inc.",wiregrassranch.com,false,hasan_suleiman@wiregrassranch.com,pattern-guessing,0.18,false,,
560,Hasan Suleiman,"Wiregrass Ranch, Inc.",wiregrassranch.com,false,hsuleiman@wiregrassranch.com,pattern-guessing,0.18,false,,
560,Hasan Suleiman,"Wiregrass Ranch, Inc.",wiregrassranch.com,false,h.suleiman@wiregrassranch.com,pattern-guessing,0.18,false,,
560,Hasan Suleiman,"Wiregrass Ranch, Inc.",wiregrassranch.com,false,hasans@wiregrassranch.com,pattern-guessing,0.18,false,,
561,Jason Levy,Withlacoochee River Electric Cooperative,withlacoocheeriverelectriccooperative.com,false,jason@withlacoocheeriverelectriccooperative.com,pattern-guessing,0.18,false,,
561,Jason Levy,Withlacoochee River Electric Cooperative,withlacoocheeriverelectriccooperative.com,false,jason.levy@withlacoocheeriverelectriccooperative.com,pattern-guessing,0.18,false,,
561,Jason Levy,Withlacoochee River Electric Cooperative,withlacoocheeriverelectriccooperative.com,false,jasonlevy@withlacoocheeriverelectriccooperative.com,pattern-guessing,0.18,false,,
561,Jason Levy,Withlacoochee River Electric Cooperative,withlacoocheeriverelectriccooperative.com,false,jason_levy@withlacoocheeriverelectriccooperative.com,pattern-guessing,0.18,false,,
561,Jason Levy,Withlacoochee River Electric Cooperative,withlacoocheeriverelectriccooperative.com,false,jlevy@withlacoocheeriverelectriccooperative.com,pattern-guessing,0.18,false,,
561,Jason Levy,Withlacoochee River Electric Cooperative,withlacoocheeriverelectriccooperative.com,false,j.levy@withlacoocheeriverelectriccooperative.com,pattern-guessing,0.18,false,,
561,Jason Levy,Withlacoochee River Electric Cooperative,withlacoocheeriverelectriccooperative.com,false,jasonl@withlacoocheeriverelectriccooperative.com,pattern-guessing,0.18,false,,
562,Zachary Holocker,Woodie's Wash Shack,woodieswashshack.com,true,zachary@woodieswashshack.com,pattern-guessing,0.38,false,,
562,Zachary Holocker,Woodie's Wash Shack,woodieswashshack.com,true,zachary.holocker@woodieswashshack.com,pattern-guessing,0.38,false,,
562,Zachary Holocker,Woodie's Wash Shack,woodieswashshack.com,true,zacharyholocker@woodieswashshack.com,pattern-guessing,0.38,false,,
562,Zachary Holocker,Woodie's Wash Shack,woodieswashshack.com,true,zachary_holocker@woodieswashshack.com,pattern-guessing,0.38,false,,
562,Zachary Holocker,Woodie's Wash Shack,woodieswashshack.com,true,zholocker@woodieswashshack.com,pattern-guessing,0.38,false,,
562,Zachary Holocker,Woodie's Wash Shack,woodieswashshack.com,true,z.holocker@woodieswashshack.com,pattern-guessing,0.38,false,,
562,Zachary Holocker,Woodie's Wash Shack,woodieswashshack.com,true,zacharyh@woodieswashshack.com,pattern-guessing,0.38,false,,